airport,stand_name,lat,lon,heading,stand_type,aircraft_classes,width_code,operation_type,airlines,gateway_scenery_id,gateway_date_approved
EDDF,S401,50.02995216,8.55740761,159.4,tie_down,helos,B,general_aviation,,103368,2024-08-16T21:32:31.000Z
EDDF,S402,50.02968474,8.55603906,159.4,tie_down,helos,B,general_aviation,,103368,2024-08-16T21:32:31.000Z
EDDF,S403,50.03006917,8.55785841,159.4,tie_down,jets|turboprops|props,B,general_aviation,,103368,2024-08-16T21:32:31.000Z
EDDF,S404,50.02957303,8.55564563,159.4,tie_down,jets|turboprops|props,B,general_aviation,,103368,2024-08-16T21:32:31.000Z
EDDF,S405,50.03017682,8.55831466,159.4,tie_down,jets|turboprops|props,B,general_aviation,,103368,2024-08-16T21:32:31.000Z
EDDF,S406,50.0294786,8.55524708,159.4,tie_down,jets|turboprops|props,B,general_aviation,,103368,2024-08-16T21:32:31.000Z
EDDF,S407,50.03028672,8.55876172,159.4,tie_down,jets|turboprops|props,B,general_aviation,,103368,2024-08-16T21:32:31.000Z
EDDF,S408,50.02938059,8.5548495,159.4,tie_down,jets|turboprops|props,B,general_aviation,,103368,2024-08-16T21:32:31.000Z
EDDF,S409,50.03039457,8.55922831,159.4,tie_down,jets|turboprops|props,B,general_aviation,,103368,2024-08-16T21:32:31.000Z
EDDF,S410,50.02929061,8.55444636,159.4,tie_down,jets|turboprops|props,B,general_aviation,,103368,2024-08-16T21:32:31.000Z
EDDF,S411,50.03050709,8.5596821,159.4,tie_down,jets|turboprops|props,B,general_aviation,,103368,2024-08-16T21:32:31.000Z
EDDF,S412,50.0291957,8.55404604,159.5,tie_down,jets|turboprops|props,B,general_aviation,,103368,2024-08-16T21:32:31.000Z
EDDF,S413,50.03061867,8.56012468,159.5,tie_down,jets|turboprops|props,B,none,,103368,2024-08-16T21:32:31.000Z
EDDF,S414,50.02909906,8.55364816,161.0,tie_down,jets|turboprops|props,B,general_aviation,,103368,2024-08-16T21:32:31.000Z
EDDF,S416,50.02899563,8.5532064,161.0,tie_down,jets|turboprops|props,B,general_aviation,,103368,2024-08-16T21:32:31.000Z
EDDF,S420,50.02881586,8.5523976,161.0,tie_down,jets|turboprops|props,B,none,,103368,2024-08-16T21:32:31.000Z
EDDF,S418,50.02890417,8.5528026,161.0,tie_down,jets|turboprops|props,B,general_aviation,,103368,2024-08-16T21:32:31.000Z
EDDF,S501,50.03005606,8.56435483,70.8,gate,heavy|jets|turboprops,D,cargo,,103368,2024-08-16T21:32:31.000Z
EDDF,S503,50.0305805,8.56405955,70.8,gate,heavy|jets|turboprops,D,cargo,,103368,2024-08-16T21:32:31.000Z
EDDF,S504,50.02993559,8.56136121,250.6,gate,heavy|jets|turboprops,D,cargo,,103368,2024-08-16T21:32:31.000Z
EDDF,S505,50.03117147,8.56371681,69.7,gate,heavy|jets|turboprops,D,cargo,,103368,2024-08-16T21:32:31.000Z
EDDF,S506,50.03052722,8.56102651,249.5,gate,heavy|jets|turboprops,D,cargo,,103368,2024-08-16T21:32:31.000Z
EDDF,S507,50.03169203,8.56335707,69.8,gate,heavy|jets|turboprops,D,cargo,,103368,2024-08-16T21:32:31.000Z
EDDF,S508,50.03106176,8.56071807,249.6,gate,heavy|jets|turboprops,D,cargo,,103368,2024-08-16T21:32:31.000Z
EDDF,K4,50.02784742,8.57670259,159.5,gate,heavy|jets|turboprops,D,cargo,,103368,2024-08-16T21:32:31.000Z
EDDF,K2,50.028014,8.57747774,159.5,gate,heavy|jets|turboprops,D,cargo,,103368,2024-08-16T21:32:31.000Z
EDDF,K6,50.02762299,8.57573637,159.5,gate,heavy|jets|turboprops,E,cargo,,103368,2024-08-16T21:32:31.000Z
EDDF,K8,50.02735997,8.57462005,159.5,gate,heavy|jets|turboprops,E,cargo,,103368,2024-08-16T21:32:31.000Z
EDDF,K10,50.02708005,8.57343611,159.5,gate,heavy|jets|turboprops,E,cargo,,103368,2024-08-16T21:32:31.000Z
EDDF,S310,50.02726942,8.56963944,-109.3,gate,heavy|jets|turboprops,E,cargo,,103368,2024-08-16T21:32:31.000Z
EDDF,S311,50.02798657,8.56921364,-109.3,gate,heavy|jets|turboprops,E,cargo,,103368,2024-08-16T21:32:31.000Z
EDDF,S312,50.02869845,8.56880422,-109.3,gate,heavy|jets|turboprops,E,cargo,,103368,2024-08-16T21:32:31.000Z
EDDF,S313,50.02940157,8.56831837,249.1,gate,heavy|jets|turboprops,E,cargo,,103368,2024-08-16T21:32:31.000Z
EDDF,S601,50.03149975,8.56781949,69.4,gate,heavy|jets|turboprops,F,cargo,,103368,2024-08-16T21:32:31.000Z
EDDF,S602,50.03078742,8.56485071,250.0,gate,heavy|jets|turboprops,E,cargo,,103368,2024-08-16T21:32:31.000Z
EDDF,S603,50.03218227,8.5674165,69.2,gate,heavy|jets|turboprops,F,cargo,,103368,2024-08-16T21:32:31.000Z
EDDF,S604,50.03148285,8.56451148,250.1,gate,heavy|jets|turboprops,E,cargo,,103368,2024-08-16T21:32:31.000Z
EDDF,G1,50.03161552,8.58343337,114.2,gate,heavy|jets|turboprops,C,none,,103368,2024-08-16T21:32:31.000Z
EDDF,G3,50.03198498,8.58363088,114.1,gate,heavy|jets|turboprops,C,none,,103368,2024-08-16T21:32:31.000Z
EDDF,G5,50.03232905,8.5839329,114.5,gate,heavy|jets|turboprops,C,none,,103368,2024-08-16T21:32:31.000Z
EDDF,G7,50.03284588,8.58434894,114.2,gate,heavy|jets|turboprops,E,none,,103368,2024-08-16T21:32:31.000Z
EDDF,G9,50.03356597,8.58492751,114.6,gate,heavy|jets|turboprops,F,none,,103368,2024-08-16T21:32:31.000Z
EDDF,G8,50.03347756,8.58628764,-65.3,gate,heavy|jets|turboprops,E,none,,103368,2024-08-16T21:32:31.000Z
EDDF,G6,50.03286178,8.58584991,-65.3,gate,heavy|jets|turboprops,E,none,,103368,2024-08-16T21:32:31.000Z
EDDF,G4,50.03224334,8.58541093,-65.3,gate,heavy|jets|turboprops,E,none,,103368,2024-08-16T21:32:31.000Z
EDDF,G2,50.03162764,8.58497541,-65.3,gate,heavy|jets|turboprops,E,none,,103368,2024-08-16T21:32:31.000Z
EDDF,G10,50.03428777,8.58686335,-65.3,gate,heavy|jets|turboprops,E,none,,103368,2024-08-16T21:32:31.000Z
EDDF,G11,50.03447806,8.58554282,114.8,gate,heavy|jets|turboprops,F,none,,103368,2024-08-16T21:32:31.000Z
EDDF,G12,50.0349063,8.5873009,294.7,gate,heavy|jets|turboprops,E,none,,103368,2024-08-16T21:32:31.000Z
EDDF,G13,50.03520707,8.58608844,115.0,gate,heavy|jets|turboprops,F,none,,103368,2024-08-16T21:32:31.000Z
EDDF,G14,50.03551961,8.5877377,294.4,gate,heavy|jets|turboprops,E,none,,103368,2024-08-16T21:32:31.000Z
EDDF,G15,50.03585954,8.5866175,115.1,gate,heavy|jets|turboprops,F,none,,103368,2024-08-16T21:32:31.000Z
EDDF,G16,50.03622996,8.58733953,-110.3,gate,heavy|jets|turboprops,E,none,,103368,2024-08-16T21:32:31.000Z
EDDF,H2,50.03180535,8.58108879,249.7,gate,heavy|jets|turboprops,C,none,,103368,2024-08-16T21:32:31.000Z
EDDF,H4,50.03232228,8.58080509,249.7,gate,heavy|jets|turboprops,C,none,,103368,2024-08-16T21:32:31.000Z
EDDF,H6,50.03286532,8.58050517,249.7,gate,heavy|jets|turboprops,C,none,,103368,2024-08-16T21:32:31.000Z
EDDF,H10,50.033868,8.57998394,249.7,gate,heavy|jets|turboprops,C,none,,103368,2024-08-16T21:32:31.000Z
EDDF,H8,50.03347901,8.58017945,249.7,gate,heavy|jets|turboprops,C,none,,103368,2024-08-16T21:32:31.000Z
EDDF,H14,50.03461312,8.57949031,249.7,gate,heavy|jets|turboprops,C,none,,103368,2024-08-16T21:32:31.000Z
EDDF,H12,50.03423976,8.57972413,249.7,gate,heavy|jets|turboprops,C,none,,103368,2024-08-16T21:32:31.000Z
EDDF,A1,50.04916204,8.57100177,98.4,tie_down,heavy|jets|turboprops,C,airline,dlh,103368,2024-08-16T21:32:31.000Z
EDDF,A11,50.04901246,8.5697257,294.9,gate,heavy|jets|turboprops,C,airline,dlh,103368,2024-08-16T21:32:31.000Z
EDDF,A13,50.04856222,8.56933508,-64.5,gate,heavy|jets|turboprops,C,airline,dlh,103368,2024-08-16T21:32:31.000Z
EDDF,A14,50.04780829,8.56786102,114.6,gate,heavy|jets|turboprops,C,airline,dlh,103368,2024-08-16T21:32:31.000Z
EDDF,A15,50.04808318,8.56894887,-64.9,gate,heavy|jets|turboprops,D,airline,dlh,103368,2024-08-16T21:32:31.000Z
EDDF,A16,50.04730867,8.56755198,114.6,gate,heavy|jets|turboprops,C,airline,dlh,103368,2024-08-16T21:32:31.000Z
EDDF,A17,50.04756534,8.56869106,-64.8,gate,heavy|jets|turboprops,C,airline,dlh,103368,2024-08-16T21:32:31.000Z
EDDF,A18,50.04682138,8.56718808,114.6,gate,heavy|jets|turboprops,C,airline,dlh,103368,2024-08-16T21:32:31.000Z
EDDF,A19,50.04710654,8.56823324,-65.1,gate,heavy|jets|turboprops,D,airline,dlh,103368,2024-08-16T21:32:31.000Z
EDDF,A20,50.04633501,8.56682645,114.6,gate,heavy|jets|turboprops,D,airline,dlh,103368,2024-08-16T21:32:31.000Z
EDDF,A21,50.04660183,8.56793416,-64.7,gate,heavy|jets|turboprops,C,airline,dlh,103368,2024-08-16T21:32:31.000Z
EDDF,A22,50.04574019,8.56641793,114.6,gate,heavy|jets|turboprops,D,airline,dlh,103368,2024-08-16T21:32:31.000Z
EDDF,A23,50.04611919,8.5675757,-65.2,gate,heavy|jets|turboprops,D,airline,dlh,103368,2024-08-16T21:32:31.000Z
EDDF,A24,50.04528927,8.56598362,114.7,gate,heavy|jets|turboprops,C,airline,dlh,103368,2024-08-16T21:32:31.000Z
EDDF,A25,50.04553929,8.56708922,294.9,gate,heavy|jets|turboprops,E,airline,dlh,103368,2024-08-16T21:32:31.000Z
EDDF,A26,50.04470766,8.56541008,164.9,gate,heavy|jets|turboprops,C,airline,dlh,103368,2024-08-16T21:32:31.000Z
EDDF,A28,50.04458639,8.56488134,159.8,gate,heavy|jets|turboprops,C,airline,dlh,103368,2024-08-16T21:32:31.000Z
EDDF,A30,50.04444678,8.56436218,154.4,gate,heavy|jets|turboprops,C,airline,dlh,103368,2024-08-16T21:32:31.000Z
EDDF,A34,50.04421484,8.56332784,170.0,gate,heavy|jets|turboprops,C,airline,dlh,103368,2024-08-16T21:32:31.000Z
EDDF,A36,50.04409467,8.56279332,164.7,gate,heavy|jets|turboprops,C,airline,dlh,103368,2024-08-16T21:32:31.000Z
EDDF,A38,50.04395436,8.56226734,159.0,gate,heavy|jets|turboprops,C,airline,dlh,103368,2024-08-16T21:32:31.000Z
EDDF,A40,50.04381793,8.5617388,155.9,gate,heavy|jets|turboprops,C,airline,dlh,103368,2024-08-16T21:32:31.000Z
EDDF,A50,50.04819516,8.56577767,-20.3,gate,heavy|jets|turboprops,E,airline,dlh,103368,2024-08-16T21:32:31.000Z
EDDF,A52,50.04793014,8.56485063,-20.1,gate,heavy|jets|turboprops,D,airline,dlh,103368,2024-08-16T21:32:31.000Z
EDDF,A54,50.04772898,8.56376468,-20.4,gate,heavy|jets|turboprops,F,airline,dlh,103368,2024-08-16T21:32:31.000Z
EDDF,A54A,50.04763114,8.5639433,-39.5,gate,heavy|jets|turboprops,C,airline,dlh,103368,2024-08-16T21:32:31.000Z
EDDF,A54B,50.04743897,8.56361068,-20.2,gate,heavy|jets|turboprops,C,airline,dlh,103368,2024-08-16T21:32:31.000Z
EDDF,A58,50.0474593,8.56262181,-20.4,gate,heavy|jets|turboprops,F,airline,dlh,103368,2024-08-16T21:32:31.000Z
EDDF,A58A,50.04734875,8.56281505,-39.2,gate,heavy|jets|turboprops,C,airline,dlh,103368,2024-08-16T21:32:31.000Z
EDDF,A58B,50.04716203,8.56246899,-20.1,gate,heavy|jets|turboprops,C,airline,dlh,103368,2024-08-16T21:32:31.000Z
EDDF,A62,50.04718578,8.56147655,-20.5,gate,heavy|jets|turboprops,F,airline,dlh,103368,2024-08-16T21:32:31.000Z
EDDF,A62A,50.04708358,8.56166156,-38.7,gate,heavy|jets|turboprops,C,airline,dlh,103368,2024-08-16T21:32:31.000Z
EDDF,A62B,50.04692998,8.56129774,-20.1,gate,heavy|jets|turboprops,C,airline,dlh,103368,2024-08-16T21:32:31.000Z
EDDF,A66,50.04690273,8.56033622,-20.3,gate,heavy|jets|turboprops,F,airline,dlh,103368,2024-08-16T21:32:31.000Z
EDDF,A66A,50.04681371,8.56051532,-39.0,gate,heavy|jets|turboprops,C,airline,dlh,103368,2024-08-16T21:32:31.000Z
EDDF,A66B,50.04662744,8.56017002,-20.4,gate,heavy|jets|turboprops,C,airline,dlh,103368,2024-08-16T21:32:31.000Z
EDDF,A69,50.04663697,8.55929489,-20.6,gate,heavy|jets|turboprops,E,airline,dlh,103368,2024-08-16T21:32:31.000Z
EDDF,B10,50.04872895,8.57157923,159.6,tie_down,heavy|jets|turboprops,C,airline,dlh,103368,2024-08-16T21:32:31.000Z
EDDF,B22,50.04807967,8.57202553,115.1,gate,heavy|jets|turboprops,D,airline,dlh,103368,2024-08-16T21:32:31.000Z
EDDF,B22,50.04743969,8.57152875,115.3,gate,heavy|jets|turboprops,D,airline,dlh,103368,2024-08-16T21:32:31.000Z
EDDF,B23,50.04712515,8.57256889,-84.1,gate,heavy|jets|turboprops,D,airline,dlh,103368,2024-08-16T21:32:31.000Z
EDDF,B24,50.04693608,8.57109896,114.9,gate,heavy|jets|turboprops,D,airline,dlh,103368,2024-08-16T21:32:31.000Z
EDDF,B25,50.04653003,8.5708087,90.1,gate,heavy|jets|turboprops,D,airline,dlh,103368,2024-08-16T21:32:31.000Z
EDDF,B26,50.0460862,8.57089093,59.7,gate,heavy|jets|turboprops,E,airline,dlh,103368,2024-08-16T21:32:31.000Z
EDDF,B27,50.04625281,8.57199036,2.9,gate,heavy|jets|turboprops,C,airline,dlh,103368,2024-08-16T21:32:31.000Z
EDDF,B28,50.04657925,8.5722749,298.1,gate,heavy|jets|turboprops,E,airline,dlh,103368,2024-08-16T21:32:31.000Z
EDDF,B42,50.04766728,8.57479722,45.4,gate,heavy|jets|turboprops,E,airline,,103368,2024-08-16T21:32:31.000Z
EDDF,B42,50.04876514,8.57432945,-142.3,gate,heavy|jets|turboprops,C,airline,,103368,2024-08-16T21:32:31.000Z
EDDF,B43,50.04841565,8.57511631,-155.7,gate,heavy|jets|turboprops,D,airline,,103368,2024-08-16T21:32:31.000Z
EDDF,B44,50.04816423,8.57612667,205.7,gate,heavy|jets|turboprops,D,airline,,103368,2024-08-16T21:32:31.000Z
EDDF,B45,50.04795392,8.57675704,-127.3,gate,heavy|jets|turboprops,D,airline,,103368,2024-08-16T21:32:31.000Z
EDDF,B46,50.04763253,8.57704235,-89.4,gate,heavy|jets|turboprops,F,airline,,103368,2024-08-16T21:32:31.000Z
EDDF,B47,50.04724261,8.57630968,24.4,gate,heavy|jets|turboprops,C,airline,,103368,2024-08-16T21:32:31.000Z
EDDF,B48,50.04741208,8.5755773,28.1,gate,heavy|jets|turboprops,D,airline,,103368,2024-08-16T21:32:31.000Z
EDDF,C2,50.0500621,8.57442187,76.4,tie_down,heavy|jets|turboprops,C,airline,,103368,2024-08-16T21:32:31.000Z
EDDF,C4,50.05030158,8.57532516,22.2,gate,heavy|jets|turboprops,E,airline,cfg,103368,2024-08-16T21:32:31.000Z
EDDF,C5,50.05009813,8.57609944,21.3,gate,heavy|jets|turboprops,C,airline,cfg,103368,2024-08-16T21:32:31.000Z
EDDF,C6,50.04989292,8.57693107,21.8,gate,heavy|jets|turboprops,D,airline,cfg,103368,2024-08-16T21:32:31.000Z
EDDF,C8,50.04960389,8.57796964,21.8,gate,heavy|jets|turboprops,D,airline,cfg,103368,2024-08-16T21:32:31.000Z
EDDF,C11,50.0493483,8.57886269,22.1,gate,heavy|jets|turboprops,D,airline,,103368,2024-08-16T21:32:31.000Z
EDDF,C13,50.04903584,8.57979361,11.9,gate,heavy|jets|turboprops,D,airline,dlh,103368,2024-08-16T21:32:31.000Z
EDDF,C14,50.04926653,8.58051312,-20.2,gate,heavy|jets,E,airline,dlh,103368,2024-08-16T21:32:31.000Z
EDDF,C15,50.04952144,8.58167089,-20.4,gate,heavy|jets,E,airline,dlh,103368,2024-08-16T21:32:31.000Z
EDDF,C16,50.04980389,8.58280788,-20.5,gate,heavy|jets,E,airline,dlh,103368,2024-08-16T21:32:31.000Z
EDDF,D1,50.05087441,8.58732828,-20.5,gate,heavy|jets,E,airline,,103368,2024-08-16T21:32:31.000Z
EDDF,D1A,50.05071735,8.58745568,-43.3,gate,heavy|jets,D,airline,,103368,2024-08-16T21:32:31.000Z
EDDF,D4,50.05062795,8.5862805,-20.3,gate,heavy|jets,F,airline,dlh,103368,2024-08-16T21:32:31.000Z
EDDF,D4B,50.05032896,8.58615271,-20.6,gate,heavy|jets,C,airline,dlh,103368,2024-08-16T21:32:31.000Z
EDDF,D4A,50.0505724,8.58646288,-38.0,gate,heavy|jets,D,airline,dlh,103368,2024-08-16T21:32:31.000Z
EDDF,D5,50.05036796,8.58523318,-20.7,gate,heavy|jets,F,airline,dlh,103368,2024-08-16T21:32:31.000Z
EDDF,D5A,50.05021408,8.58537141,-43.4,gate,heavy|jets,D,airline,dlh,103368,2024-08-16T21:32:31.000Z
EDDF,D8,50.05012913,8.58420828,-20.1,gate,heavy|jets,F,airline,dlh,103368,2024-08-16T21:32:31.000Z
EDDF,D8A,50.04996713,8.58433498,-43.0,gate,heavy|jets,D,airline,dlh,103368,2024-08-16T21:32:31.000Z
EDDF,E2,50.0511248,8.58839238,-19.0,gate,heavy|jets,F,airline,,103368,2024-08-16T21:32:31.000Z
EDDF,E2B,50.05082854,8.58825108,-20.1,gate,heavy|jets,C,airline,,103368,2024-08-16T21:32:31.000Z
EDDF,E2A,50.05107263,8.58856623,-37.3,gate,heavy|jets,D,airline,,103368,2024-08-16T21:32:31.000Z
EDDF,E5,50.05143815,8.58960965,-19.4,gate,heavy|jets,F,airline,,103368,2024-08-16T21:32:31.000Z
EDDF,E5B,50.05112058,8.58949499,-20.4,gate,heavy|jets,C,airline,,103368,2024-08-16T21:32:31.000Z
EDDF,E5A,50.05136988,8.58980527,-37.5,gate,heavy|jets,D,airline,,103368,2024-08-16T21:32:31.000Z
EDDF,E6,50.05166953,8.59069249,-19.9,gate,heavy|jets,E,airline,,103368,2024-08-16T21:32:31.000Z
EDDF,E6A,50.0514542,8.59087105,-44.8,gate,heavy|jets,C,airline,,103368,2024-08-16T21:32:31.000Z
EDDF,E9,50.05194282,8.59174037,-20.5,gate,heavy|jets,E,airline,,103368,2024-08-16T21:32:31.000Z
EDDF,E9A,50.05170897,8.59192252,-44.0,gate,heavy|jets,C,airline,,103368,2024-08-16T21:32:31.000Z
EDDF,V94,50.04964218,8.59859972,-63.1,gate,jets|turboprops,C,airline,dlh,103368,2024-08-16T21:32:31.000Z
EDDF,V95,50.04942451,8.59764631,-63.2,gate,jets|turboprops,C,airline,dlh,103368,2024-08-16T21:32:31.000Z
EDDF,V96,50.04918739,8.59669492,-63.3,gate,jets|turboprops,C,airline,dlh,103368,2024-08-16T21:32:31.000Z
EDDF,V97,50.04895868,8.59571318,-62.8,gate,jets|turboprops,C,airline,dlh,103368,2024-08-16T21:32:31.000Z
EDDF,V106,50.04944834,8.59247568,-19.3,gate,heavy|jets|turboprops,C,airline,dlh,103368,2024-08-16T21:32:31.000Z
EDDF,V107,50.04986254,8.59223667,161.3,gate,heavy|jets|turboprops,C,airline,dlh,103368,2024-08-16T21:32:31.000Z
EDDF,V108,50.0492978,8.59180573,-20.2,gate,heavy|jets|turboprops,C,airline,dlh,103368,2024-08-16T21:32:31.000Z
EDDF,V109,50.04970172,8.59156968,160.6,gate,heavy|jets|turboprops,C,airline,dlh,103368,2024-08-16T21:32:31.000Z
EDDF,V110,50.04912294,8.59103283,341.5,gate,heavy|jets|turboprops,D,airline,dlh,103368,2024-08-16T21:32:31.000Z
EDDF,V111,50.04950128,8.59081955,160.5,gate,heavy|jets|turboprops,D,airline,dlh,103368,2024-08-16T21:32:31.000Z
EDDF,V112,50.04891011,8.59040409,-19.2,gate,heavy|jets|turboprops,C,airline,dlh,103368,2024-08-16T21:32:31.000Z
EDDF,V113,50.04917161,8.58949028,160.5,gate,heavy|jets|turboprops,D,airline,dlh,103368,2024-08-16T21:32:31.000Z
EDDF,V114,50.04881333,8.58969841,-19.1,gate,heavy|jets|turboprops,D,airline,dlh,103368,2024-08-16T21:32:31.000Z
EDDF,V115,50.04898783,8.58873083,160.1,gate,heavy|jets|turboprops,C,airline,dlh,103368,2024-08-16T21:32:31.000Z
EDDF,V116,50.04860387,8.58895245,-19.5,gate,heavy|jets|turboprops,D,airline,dlh,103368,2024-08-16T21:32:31.000Z
EDDF,V117,50.04888564,8.58803307,160.3,gate,heavy|jets|turboprops,C,airline,dlh,103368,2024-08-16T21:32:31.000Z
EDDF,V118,50.04840329,8.58830923,-19.4,gate,heavy|jets|turboprops,C,airline,dlh,103368,2024-08-16T21:32:31.000Z
EDDF,V119,50.04829169,8.58584568,160.2,gate,heavy|jets|turboprops,D,airline,,103368,2024-08-16T21:32:31.000Z
EDDF,V120,50.04817056,8.58574021,160.2,gate,heavy|jets|turboprops,E,airline,,103368,2024-08-16T21:32:31.000Z
EDDF,V121,50.04813919,8.58504472,158.0,gate,heavy|jets|turboprops,D,airline,,103368,2024-08-16T21:32:31.000Z
EDDF,V122,50.04789202,8.58474278,158.0,gate,heavy|jets|turboprops,E,airline,,103368,2024-08-16T21:32:31.000Z
EDDF,V123,50.04790804,8.58428928,158.0,gate,heavy|jets|turboprops,D,airline,,103368,2024-08-16T21:32:31.000Z
EDDF,V124,50.04768101,8.58370039,159.6,gate,heavy|jets|turboprops,E,airline,,103368,2024-08-16T21:32:31.000Z
EDDF,V125,50.04772436,8.58349637,159.6,gate,heavy|jets|turboprops,D,airline,,103368,2024-08-16T21:32:31.000Z
EDDF,V126,50.04752703,8.58245316,159.6,gate,heavy|jets|turboprops,D,airline,,103368,2024-08-16T21:32:31.000Z
EDDF,V127,50.04736811,8.58226999,159.6,gate,heavy|jets|turboprops,E,airline,,103368,2024-08-16T21:32:31.000Z
EDDF,V128,50.04737357,8.58179749,159.6,gate,heavy|jets|turboprops,D,airline,,103368,2024-08-16T21:32:31.000Z
EDDF,V129,50.04711137,8.58125975,160.6,gate,heavy|jets|turboprops,E,airline,,103368,2024-08-16T21:32:31.000Z
EDDF,V130,50.04715304,8.5810405,160.6,gate,heavy|jets|turboprops,D,airline,,103368,2024-08-16T21:32:31.000Z
EDDF,V134,50.0438524,8.57034106,159.7,tie_down,heavy|jets|turboprops,C,airline,,103368,2024-08-16T21:32:31.000Z
EDDF,V135,50.04377136,8.5700451,159.7,tie_down,heavy|jets|turboprops,C,airline,,103368,2024-08-16T21:32:31.000Z
EDDF,V136,50.04370801,8.56973996,159.7,tie_down,heavy|jets|turboprops,C,airline,,103368,2024-08-16T21:32:31.000Z
EDDF,V143,50.04548905,8.56233959,40.4,gate,jets|turboprops,C,airline,dlh,103368,2024-08-16T21:32:31.000Z
EDDF,V144,50.04570954,8.56318369,39.8,gate,jets|turboprops,C,airline,dlh,103368,2024-08-16T21:32:31.000Z
EDDF,V157,50.04123831,8.55820197,159.4,gate,heavy|jets|turboprops,C,airline,dlh,103368,2024-08-16T21:32:31.000Z
EDDF,V158,50.04083371,8.55760004,159.1,gate,heavy|jets|turboprops,C,airline,dlh,103368,2024-08-16T21:32:31.000Z
EDDF,V159,50.04077297,8.55749042,159.1,gate,heavy|jets|turboprops,E,airline,dlh,103368,2024-08-16T21:32:31.000Z
EDDF,V160,50.04060965,8.55690705,159.5,gate,heavy|jets|turboprops,F,airline,dlh,103368,2024-08-16T21:32:31.000Z
EDDF,V161,50.04057175,8.55650274,159.5,gate,heavy|jets|turboprops,E,airline,dlh,103368,2024-08-16T21:32:31.000Z
EDDF,V162,50.04054764,8.55623468,159.5,gate,heavy|jets|turboprops,C,airline,dlh,103368,2024-08-16T21:32:31.000Z
EDDF,V163,50.04030686,8.55552947,159.5,gate,heavy|jets|turboprops,C,airline,dlh,103368,2024-08-16T21:32:31.000Z
EDDF,V164,50.03930401,8.55125857,159.5,tie_down,heavy|jets|turboprops,E,airline,dlh,103368,2024-08-16T21:32:31.000Z
EDDF,V166,50.03873855,8.54890721,159.9,tie_down,heavy|jets|turboprops,E,airline,dlh,103368,2024-08-16T21:32:31.000Z
EDDF,V167,50.03851698,8.54796675,159.4,tie_down,heavy|jets|turboprops,E,airline,dlh,103368,2024-08-16T21:32:31.000Z
EDDF,V168,50.03829032,8.54702533,159.7,tie_down,heavy|jets|turboprops,E,airline,dlh,103368,2024-08-16T21:32:31.000Z
EDDF,V169,50.0380304,8.54594162,159.7,tie_down,heavy|jets|turboprops,E,airline,dlh,103368,2024-08-16T21:32:31.000Z
EDDF,V170,50.0377917,8.54500026,159.5,tie_down,heavy|jets|turboprops,E,airline,dlh,103368,2024-08-16T21:32:31.000Z
EDDF,V171A,50.0371755,8.5423292,159.5,tie_down,heavy|jets|turboprops,C,airline,dlh,103368,2024-08-16T21:32:31.000Z
EDDF,V171,50.03704638,8.54227269,160.2,tie_down,heavy|jets|turboprops,D,airline,dlh,103368,2024-08-16T21:32:31.000Z
EDDF,V171B,50.03704182,8.54187795,159.5,tie_down,heavy|jets|turboprops,C,airline,dlh,103368,2024-08-16T21:32:31.000Z
EDDF,V172,50.03684641,8.54146984,159.5,tie_down,heavy|jets|turboprops,D,airline,dlh,103368,2024-08-16T21:32:31.000Z
EDDF,V173A,50.03682362,8.54095941,159.5,tie_down,heavy|jets|turboprops,C,airline,dlh,103368,2024-08-16T21:32:31.000Z
EDDF,V173,50.036652,8.54065151,159.5,tie_down,heavy|jets|turboprops,D,airline,dlh,103368,2024-08-16T21:32:31.000Z
EDDF,V173B,50.0367368,8.54049134,159.5,tie_down,heavy|jets|turboprops,C,airline,dlh,103368,2024-08-16T21:32:31.000Z
EDDF,V174,50.03640843,8.53951408,159.5,tie_down,heavy|jets|turboprops,D,airline,dlh,103368,2024-08-16T21:32:31.000Z
EDDF,V175,50.03620087,8.53877176,159.9,tie_down,heavy|jets|turboprops,D,airline,dlh,103368,2024-08-16T21:32:31.000Z
EDDF,V176,50.03601748,8.53800597,159.5,tie_down,heavy|jets|turboprops,C,airline,dlh,103368,2024-08-16T21:32:31.000Z
EDDF,V177,50.03586064,8.53733917,159.5,tie_down,heavy|jets|turboprops,D,airline,dlh,103368,2024-08-16T21:32:31.000Z
EDDF,V178,50.03570014,8.53667451,159.5,tie_down,heavy|jets|turboprops,C,airline,dlh,103368,2024-08-16T21:32:31.000Z
EDDF,F211,50.03971365,8.54410717,69.3,gate,heavy|jets|turboprops,E,cargo,gec,103368,2024-08-16T21:32:31.000Z
EDDF,F212,50.04034035,8.54372439,69.5,gate,heavy|jets|turboprops,E,cargo,gec,103368,2024-08-16T21:32:31.000Z
EDDF,F213,50.03995108,8.54510693,-110.2,gate,heavy|jets|turboprops,E,cargo,gec,103368,2024-08-16T21:32:31.000Z
EDDF,F214,50.04058587,8.54474274,-110.8,gate,heavy|jets|turboprops,E,cargo,gec,103368,2024-08-16T21:32:31.000Z
EDDF,F215,50.04066181,8.54804367,68.4,gate,heavy|jets|turboprops,E,cargo,gec,103368,2024-08-16T21:32:31.000Z
EDDF,F216,50.04127698,8.54767055,69.5,gate,heavy|jets|turboprops,E,cargo,gec,103368,2024-08-16T21:32:31.000Z
EDDF,F221,50.03873138,8.54131909,250.0,gate,heavy|jets|turboprops,C,cargo,gec,103368,2024-08-16T21:32:31.000Z
EDDF,F222,50.03880052,8.54120098,250.0,gate,heavy|jets|turboprops,E,cargo,gec,103368,2024-08-16T21:32:31.000Z
EDDF,F223,50.03905947,8.54115025,-110.6,gate,heavy|jets|turboprops,D,cargo,gec,103368,2024-08-16T21:32:31.000Z
EDDF,F224,50.03932783,8.54074069,-110.1,gate,heavy|jets|turboprops,E,cargo,gec,103368,2024-08-16T21:32:31.000Z
EDDF,F225,50.03940243,8.54088147,-110.5,gate,heavy|jets|turboprops,C,cargo,gec,103368,2024-08-16T21:32:31.000Z
EDDF,F231,50.03831935,8.53488285,339.4,gate,heavy|jets|turboprops,E,airline,,103368,2024-08-16T21:32:31.000Z
EDDF,F232A,50.03754803,8.53412291,158.9,tie_down,heavy|jets|turboprops,C,airline,,103368,2024-08-16T21:32:31.000Z
EDDF,F232,50.03799636,8.53354972,339.4,gate,heavy|jets|turboprops,E,cargo,,103368,2024-08-16T21:32:31.000Z
EDDF,F233A,50.03726749,8.53272046,158.9,tie_down,heavy|jets|turboprops,C,airline,,103368,2024-08-16T21:32:31.000Z
EDDF,F233,50.03767369,8.53217007,339.4,gate,heavy|jets|turboprops,E,cargo,,103368,2024-08-16T21:32:31.000Z
EDDF,F234,50.03735608,8.53084321,339.4,gate,heavy|jets|turboprops,E,cargo,,103368,2024-08-16T21:32:31.000Z
EDDF,F235,50.03705864,8.52964082,339.4,gate,heavy|jets|turboprops,E,airline,,103368,2024-08-16T21:32:31.000Z
EDDF,F237,50.03756352,8.52763044,339.4,gate,heavy|jets|turboprops,E,cargo,,103368,2024-08-16T21:32:31.000Z
EDDF,F238,50.0372764,8.52638488,339.4,gate,heavy|jets|turboprops,E,airline,,103368,2024-08-16T21:32:31.000Z
EDDF,V266,50.03701972,8.52545563,339.4,gate,jets|turboprops,C,cargo,,103368,2024-08-16T21:32:31.000Z
EDDF,V267,50.03688856,8.5248516,-20.9,gate,jets|turboprops,C,cargo,,103368,2024-08-16T21:32:31.000Z
EDDF,V268,50.03678949,8.52423864,-20.9,gate,jets|turboprops,C,cargo,,103368,2024-08-16T21:32:31.000Z
EDDF,V269,50.03664743,8.52365537,-20.9,gate,jets|turboprops,C,cargo,,103368,2024-08-16T21:32:31.000Z
EDDF,V270,50.03651157,8.52306328,-20.9,gate,jets|turboprops,C,cargo,,103368,2024-08-16T21:32:31.000Z
EDDM,106,48.35453345,11.77914272,354.0,gate,heavy|jets,F,airline,,111124,2026-06-10T15:28:55.000Z
EDDM,107,48.3546306,11.78031751,354.0,gate,heavy|jets,F,airline,,111124,2026-06-10T15:28:55.000Z
EDDM,103B,48.35596793,11.78091585,173.9,gate,heavy|jets,C,airline,,111124,2026-06-10T15:28:55.000Z
EDDM,104B,48.35588378,11.77974547,173.9,gate,heavy|jets,C,airline,,111124,2026-06-10T15:28:55.000Z
EDDM,105B,48.35579193,11.77858883,173.9,gate,heavy|jets,C,airline,,111124,2026-06-10T15:28:55.000Z
EDDM,103A,48.35602502,11.78141766,173.4,gate,heavy|jets,C,airline,,111124,2026-06-10T15:28:55.000Z
EDDM,104A,48.35594087,11.78024728,173.4,gate,heavy|jets,C,airline,,111124,2026-06-10T15:28:55.000Z
EDDM,105A,48.35584902,11.77909064,173.4,gate,heavy|jets,C,airline,,111124,2026-06-10T15:28:55.000Z
EDDM,103,48.3559813,11.78114786,173.9,gate,heavy|jets,E,airline,,111124,2026-06-10T15:28:55.000Z
EDDM,104,48.35589715,11.77997749,173.9,gate,heavy|jets,E,airline,,111124,2026-06-10T15:28:55.000Z
EDDM,105,48.3558053,11.77882084,173.9,gate,heavy|jets,E,airline,,111124,2026-06-10T15:28:55.000Z
EDDM,106A,48.35449468,11.7788631,353.5,gate,heavy|jets,C,airline,,111124,2026-06-10T15:28:55.000Z
EDDM,106B,48.35456772,11.77937269,353.5,gate,heavy|jets,C,airline,,111124,2026-06-10T15:28:55.000Z
EDDM,107A,48.35468638,11.78054251,353.5,gate,heavy|jets,C,airline,,111124,2026-06-10T15:28:55.000Z
EDDM,107A,48.3545642,11.78005981,353.5,gate,heavy|jets,C,airline,,111124,2026-06-10T15:28:55.000Z
EDDM,108A,48.35464008,11.78121666,353.5,gate,heavy|jets,C,airline,,111124,2026-06-10T15:28:55.000Z
EDDM,108B,48.35474991,11.78169423,354.0,gate,heavy|jets,C,airline,,111124,2026-06-10T15:28:55.000Z
EDDM,108,48.35473053,11.78148478,353.7,gate,heavy|jets,F,airline,,111124,2026-06-10T15:28:55.000Z
EDDM,110,48.3537619,11.78322743,83.6,gate,heavy|jets,D,airline,irm iss tsc,111124,2026-06-10T15:28:55.000Z
EDDM,111A,48.35326999,11.7832484,83.6,gate,heavy|jets,D,airline,afl uae etd,111124,2026-06-10T15:28:55.000Z
EDDM,111B,48.35316588,11.78333976,83.6,gate,heavy|jets,C,airline,ein lbt tar,111124,2026-06-10T15:28:55.000Z
EDDM,112X,48.35279444,11.78352222,110.5,gate,heavy|jets,D,airline,thy oma pgt,111124,2026-06-10T15:28:55.000Z
EDDM,112,48.3528,11.7836,83.6,gate,heavy|jets,D,airline,sva fhy kkk,111124,2026-06-10T15:28:55.000Z
EDDM,113X,48.35234722,11.78365,93.5,gate,heavy|jets,F,airline,,111124,2026-06-10T15:28:55.000Z
EDDM,113A,48.35236272,11.78359583,83.2,gate,heavy|jets,D,airline,sxs svr tmn,111124,2026-06-10T15:28:55.000Z
EDDM,113B,48.35231184,11.78351884,83.2,gate,heavy|jets,D,airline,trk twi feg,111124,2026-06-10T15:28:55.000Z
EDDM,115A,48.35133792,11.78362299,83.2,gate,heavy|jets,D,airline,afr bti cfg,111124,2026-06-10T15:28:55.000Z
EDDM,115B,48.35125801,11.7836743,83.2,gate,heavy|jets,C,airline,aea aza fin,111124,2026-06-10T15:28:55.000Z
EDDM,116,48.35090589,11.78367784,83.2,gate,heavy|jets,C,airline,ice ibe tvf,111124,2026-06-10T15:28:55.000Z
EDDM,117A,48.35059762,11.78376958,83.2,gate,heavy|jets,E,airline,nax klm vlg,111124,2026-06-10T15:28:55.000Z
EDDM,117B,48.35047846,11.78374988,83.2,gate,heavy|jets,D,airline,buc ell ohy,111124,2026-06-10T15:28:55.000Z
EDDM,118,48.34999328,11.78387051,83.2,gate,heavy|jets,C,airline,voe twi srk,111124,2026-06-10T15:28:55.000Z
EDDM,119,48.34949665,11.78396719,83.2,gate,heavy|jets,D,airline,rot rzo,111124,2026-06-10T15:28:55.000Z
EDDM,120,48.34902044,11.78404371,83.2,gate,heavy|jets,C,airline,,111124,2026-06-10T15:28:55.000Z
EDDM,121,48.3486524,11.78405692,83.5,gate,heavy|jets,C,airline,,111124,2026-06-10T15:28:55.000Z
EDDM,135,48.35264294,11.78041763,-96.0,gate,heavy|jets|turboprops,D,airline,,111124,2026-06-10T15:28:55.000Z
EDDM,155,48.35256517,11.77945017,83.5,gate,heavy|jets|turboprops,D,airline,,111124,2026-06-10T15:28:55.000Z
EDDM,161Y,48.35109444,11.77963889,116.5,gate,jets|turboprops,C,airline,,111124,2026-06-10T15:28:55.000Z
EDDM,161,48.35114308,11.77966353,83.5,gate,jets|turboprops,C,airline,,111124,2026-06-10T15:28:55.000Z
EDDM,162,48.35072775,11.77986013,83.5,gate,heavy|jets|turboprops,D,airline,,111124,2026-06-10T15:28:55.000Z
EDDM,163Y,48.35018889,11.779875,72.3,gate,heavy|jets|turboprops,E,airline,,111124,2026-06-10T15:28:55.000Z
EDDM,163,48.35023769,11.7799298,83.5,gate,heavy|jets|turboprops,E,airline,,111124,2026-06-10T15:28:55.000Z
EDDM,164Y,48.34975303,11.78005801,48.2,gate,heavy|jets|turboprops,D,airline,,111124,2026-06-10T15:28:55.000Z
EDDM,164,48.34974498,11.78005973,83.5,gate,heavy|jets|turboprops,C,airline,,111124,2026-06-10T15:28:55.000Z
EDDM,171,48.35736881,11.77596119,-96.4,tie_down,turboprops,C,airline,,111124,2026-06-10T15:28:55.000Z
EDDM,172,48.35695009,11.77603612,-96.2,tie_down,turboprops,C,airline,,111124,2026-06-10T15:28:55.000Z
EDDM,173,48.35651368,11.77609908,-96.5,tie_down,turboprops,C,airline,,111124,2026-06-10T15:28:55.000Z
EDDM,174,48.35608863,11.77617268,-96.5,tie_down,turboprops,C,airline,,111124,2026-06-10T15:28:55.000Z
EDDM,175,48.35560244,11.77625243,-96.5,tie_down,turboprops,C,airline,,111124,2026-06-10T15:28:55.000Z
EDDM,181,48.35495931,11.77638574,263.3,tie_down,turboprops,C,airline,,111124,2026-06-10T15:28:55.000Z
EDDM,182,48.35458786,11.77642867,263.3,tie_down,turboprops,C,airline,,111124,2026-06-10T15:28:55.000Z
EDDM,183,48.3541652,11.77651995,263.3,tie_down,turboprops,C,airline,,111124,2026-06-10T15:28:55.000Z
EDDM,184,48.35368346,11.77662392,263.3,tie_down,turboprops,C,airline,,111124,2026-06-10T15:28:55.000Z
EDDM,185,48.35319638,11.77671168,263.3,tie_down,turboprops,C,airline,,111124,2026-06-10T15:28:55.000Z
EDDM,186,48.3527067,11.77679275,263.3,tie_down,turboprops,C,airline,,111124,2026-06-10T15:28:55.000Z
EDDM,187,48.35221955,11.77689363,263.3,tie_down,turboprops,C,airline,,111124,2026-06-10T15:28:55.000Z
EDDM,188,48.35179348,11.77695019,263.3,tie_down,turboprops,C,airline,,111124,2026-06-10T15:28:55.000Z
EDDM,189,48.35142431,11.77703869,263.3,tie_down,turboprops,C,airline,,111124,2026-06-10T15:28:55.000Z
EDDM,191,48.35089574,11.77712269,-96.2,tie_down,turboprops,C,airline,,111124,2026-06-10T15:28:55.000Z
EDDM,192,48.35046897,11.77720367,-96.3,tie_down,turboprops,C,airline,,111124,2026-06-10T15:28:55.000Z
EDDM,193,48.35003304,11.7772921,-96.3,tie_down,turboprops,C,airline,,111124,2026-06-10T15:28:55.000Z
EDDM,194,48.34961201,11.77736519,-96.5,tie_down,turboprops,C,airline,,111124,2026-06-10T15:28:55.000Z
EDDM,195,48.34918723,11.77743416,-96.2,tie_down,turboprops,C,airline,,111124,2026-06-10T15:28:55.000Z
EDDM,196,48.34870652,11.77753115,-96.4,tie_down,turboprops,C,airline,,111124,2026-06-10T15:28:55.000Z
EDDM,201,48.35889833,11.79189196,-96.9,gate,heavy|jets|turboprops,E,airline,dlh sia ual,111124,2026-06-10T15:28:55.000Z
EDDM,202A,48.35848239,11.79212009,-96.4,gate,heavy|jets|turboprops,E,airline,dlh aca ana,111124,2026-06-10T15:28:55.000Z
EDDM,202B,48.35840279,11.79219095,-96.4,gate,heavy|jets|turboprops,C,airline,dlh lgl swr,111124,2026-06-10T15:28:55.000Z
EDDM,203,48.35815398,11.79237097,-96.4,gate,heavy|jets|turboprops,C,airline,dlh lot adr,111124,2026-06-10T15:28:55.000Z
EDDM,204A,48.35786184,11.79212825,-96.4,gate,heavy|jets|turboprops,D,airline,dlh saa ual,111124,2026-06-10T15:28:55.000Z
EDDM,204B,48.35779109,11.7921718,-96.4,gate,heavy|jets|turboprops,C,airline,ama aua amc,111124,2026-06-10T15:28:55.000Z
EDDM,205A,48.35745051,11.79227531,-96.4,gate,heavy|jets|turboprops,C,airline,dlh tap,111124,2026-06-10T15:28:55.000Z
EDDM,205B,48.35738505,11.79229201,-96.4,gate,heavy|jets|turboprops,C,airline,dlh,111124,2026-06-10T15:28:55.000Z
EDDM,206,48.35711768,11.79247733,-96.2,gate,heavy|jets|turboprops,D,airline,dlh bmi aua,111124,2026-06-10T15:28:55.000Z
EDDM,207A,48.35690389,11.79238118,-96.2,gate,heavy|jets|turboprops,E,airline,tha sas msr,111124,2026-06-10T15:28:55.000Z
EDDM,207B,48.35677782,11.79257573,-96.2,gate,heavy|jets|turboprops,C,airline,dlh ewg,111124,2026-06-10T15:28:55.000Z
EDDM,208,48.35642627,11.79254884,-96.9,gate,heavy|jets|turboprops,C,airline,dlh,111124,2026-06-10T15:28:55.000Z
EDDM,209A,48.35600066,11.79248379,-96.9,gate,heavy|jets|turboprops,E,airline,dlh,111124,2026-06-10T15:28:55.000Z
EDDM,209B,48.35593909,11.79258563,-96.9,gate,heavy|jets|turboprops,E,airline,dlh,111124,2026-06-10T15:28:55.000Z
EDDM,210A,48.35558464,11.79260399,-96.9,gate,heavy|jets|turboprops,E,airline,dlh,111124,2026-06-10T15:28:55.000Z
EDDM,210B,48.35546148,11.79277178,-96.9,gate,heavy|jets|turboprops,C,airline,dlh,111124,2026-06-10T15:28:55.000Z
EDDM,211,48.35524465,11.79273568,-96.9,gate,heavy|jets|turboprops,C,airline,dlh,111124,2026-06-10T15:28:55.000Z
EDDM,212A,48.35497335,11.79278263,-96.9,gate,heavy|jets|turboprops,E,airline,dlh,111124,2026-06-10T15:28:55.000Z
EDDM,212B,48.35489347,11.79266827,-96.9,gate,heavy|jets|turboprops,C,airline,dlh adr lot,111124,2026-06-10T15:28:55.000Z
EDDM,213A,48.35455067,11.79278263,-96.9,gate,heavy|jets|turboprops,C,airline,dlh ewg,111124,2026-06-10T15:28:55.000Z
EDDM,213B,48.35448467,11.79279181,-96.9,gate,heavy|jets|turboprops,C,airline,dlh ewg,111124,2026-06-10T15:28:55.000Z
EDDM,214,48.35410746,11.79295291,-89.8,gate,heavy|jets|turboprops,E,airline,dlh,111124,2026-06-10T15:28:55.000Z
EDDM,215A,48.35353281,11.79309231,-96.6,gate,heavy|jets|turboprops,C,airline,dlh,111124,2026-06-10T15:28:55.000Z
EDDM,215B,48.35346457,11.79309983,-96.6,gate,heavy|jets|turboprops,C,airline,dlh,111124,2026-06-10T15:28:55.000Z
EDDM,216,48.35303413,11.79299048,-96.6,gate,heavy|jets|turboprops,F,airline,dlh,111124,2026-06-10T15:28:55.000Z
EDDM,217A,48.35269187,11.79307562,-96.6,gate,heavy|jets|turboprops,F,airline,dlh ewg,111124,2026-06-10T15:28:55.000Z
EDDM,217B,48.35256241,11.79324545,-96.6,gate,heavy|jets|turboprops,D,airline,dlh,111124,2026-06-10T15:28:55.000Z
EDDM,218,48.35235823,11.79328299,-96.6,gate,heavy|jets|turboprops,F,airline,dlh,111124,2026-06-10T15:28:55.000Z
EDDM,219A,48.35207588,11.79324292,-96.6,gate,heavy|jets|turboprops,C,airline,dlh,111124,2026-06-10T15:28:55.000Z
EDDM,219B,48.35200656,11.79325544,-96.6,gate,heavy|jets|turboprops,C,airline,dlh ewg,111124,2026-06-10T15:28:55.000Z
EDDM,220A,48.35166763,11.79338148,-96.6,gate,heavy|jets|turboprops,C,airline,dlh,111124,2026-06-10T15:28:55.000Z
EDDM,220B,48.35159773,11.79339734,-96.6,gate,heavy|jets|turboprops,C,airline,dlh,111124,2026-06-10T15:28:55.000Z
EDDM,221,48.35132593,11.79344659,-96.6,gate,heavy|jets|turboprops,E,airline,dlh,111124,2026-06-10T15:28:55.000Z
EDDM,222A,48.35110406,11.79335811,-96.6,gate,heavy|jets|turboprops,E,airline,dlh ewg,111124,2026-06-10T15:28:55.000Z
EDDM,222B,48.35097691,11.79350812,-96.6,gate,heavy|jets|turboprops,C,airline,dlh,111124,2026-06-10T15:28:55.000Z
EDDM,223A,48.35063312,11.79357179,-96.6,gate,heavy|jets|turboprops,C,airline,dlh ewg,111124,2026-06-10T15:28:55.000Z
EDDM,223B,48.35056434,11.79358264,-96.6,gate,heavy|jets|turboprops,C,airline,dlh,111124,2026-06-10T15:28:55.000Z
EDDM,224A,48.35018325,11.79352505,-96.6,gate,heavy|jets|turboprops,E,airline,dlh,111124,2026-06-10T15:28:55.000Z
EDDM,224B,48.35014277,11.79352922,-96.6,gate,heavy|jets|turboprops,C,airline,dlh,111124,2026-06-10T15:28:55.000Z
EDDM,231,48.35096968,11.79206711,83.6,gate,heavy|jets|turboprops,B,airline,dlh,111124,2026-06-10T15:28:55.000Z
EDDM,232,48.35064275,11.79210972,83.6,gate,heavy|jets|turboprops,B,airline,dlh,111124,2026-06-10T15:28:55.000Z
EDDM,233,48.35031701,11.79217634,83.1,gate,heavy|jets|turboprops,B,airline,dlh,111124,2026-06-10T15:28:55.000Z
EDDM,234,48.34998765,11.79223755,83.6,gate,heavy|jets|turboprops,B,airline,,111124,2026-06-10T15:28:55.000Z
EDDM,244,48.35732129,11.79706093,83.6,gate,heavy|jets,C,airline,dlh,111124,2026-06-10T15:28:55.000Z
EDDM,245,48.35696511,11.79729725,83.6,gate,heavy|jets,E,airline,dlh ewg,111124,2026-06-10T15:28:55.000Z
EDDM,246,48.35659511,11.79734617,83.6,gate,heavy|jets,C,airline,dlh,111124,2026-06-10T15:28:55.000Z
EDDM,247,48.35622027,11.79742596,83.6,gate,heavy|jets,C,airline,dlh,111124,2026-06-10T15:28:55.000Z
EDDM,248A,48.35584876,11.79749018,83.6,gate,heavy|jets,C,airline,dlh,111124,2026-06-10T15:28:55.000Z
EDDM,248B,48.35576412,11.79751195,83.6,gate,heavy|jets,C,airline,dlh ewg,111124,2026-06-10T15:28:55.000Z
EDDM,249A,48.3553484,11.79760366,83.6,gate,heavy|jets,C,airline,dlh,111124,2026-06-10T15:28:55.000Z
EDDM,249B,48.35523219,11.79759928,83.6,gate,heavy|jets,C,airline,dlh ewg,111124,2026-06-10T15:28:55.000Z
EDDM,250,48.35473011,11.79769746,83.6,gate,heavy|jets,F,airline,dlh,111124,2026-06-10T15:28:55.000Z
EDDM,251B,48.35420905,11.79776746,83.6,gate,heavy|jets,C,airline,dlh ewg,111124,2026-06-10T15:28:55.000Z
EDDM,251B,48.35409482,11.79780073,83.6,gate,heavy|jets,D,airline,dlh ewg,111124,2026-06-10T15:28:55.000Z
EDDM,252A,48.35367382,11.7978698,83.6,gate,heavy|jets,D,airline,dlh ewg,111124,2026-06-10T15:28:55.000Z
EDDM,252B,48.35359181,11.79789278,83.6,gate,heavy|jets,C,airline,dlh,111124,2026-06-10T15:28:55.000Z
EDDM,253,48.3532242,11.79795653,83.6,gate,heavy|jets,C,airline,dlh,111124,2026-06-10T15:28:55.000Z
EDDM,254,48.35284857,11.797988,83.6,gate,heavy|jets,C,airline,dlh,111124,2026-06-10T15:28:55.000Z
EDDM,255,48.35247931,11.79809119,83.6,gate,heavy|jets,C,airline,dlh,111124,2026-06-10T15:28:55.000Z
EDDM,256,48.35209944,11.79805678,83.6,gate,heavy|jets,C,airline,dlh ewg,111124,2026-06-10T15:28:55.000Z
EDDM,301A,48.35741994,11.79901528,-96.6,gate,heavy|jets,D,airline,dlh,111124,2026-06-10T15:28:55.000Z
EDDM,301,48.35725781,11.79910711,-96.6,gate,heavy|jets,E,airline,dlh,111124,2026-06-10T15:28:55.000Z
EDDM,301B,48.35707609,11.79931017,-96.6,gate,heavy|jets,C,airline,dlh ewg,111124,2026-06-10T15:28:55.000Z
EDDM,302A,48.35664379,11.79917246,-96.6,gate,heavy|jets,C,airline,dlh,111124,2026-06-10T15:28:55.000Z
EDDM,302,48.35647158,11.79927492,-96.6,gate,heavy|jets,F,airline,dlh ewg,111124,2026-06-10T15:28:55.000Z
EDDM,302B,48.35629525,11.79948719,-96.6,gate,heavy|jets,C,airline,dlh,111124,2026-06-10T15:28:55.000Z
EDDM,308,48.35586082,11.79973766,-96.6,gate,heavy|jets,C,airline,dlh,111124,2026-06-10T15:28:55.000Z
EDDM,309,48.35548102,11.79979183,-96.6,gate,heavy|jets,D,airline,dlh,111124,2026-06-10T15:28:55.000Z
EDDM,310,48.35505803,11.79985708,-96.6,gate,heavy|jets,D,airline,dlh,111124,2026-06-10T15:28:55.000Z
EDDM,311,48.35464185,11.79994454,-96.6,gate,heavy|jets,D,airline,dlh,111124,2026-06-10T15:28:55.000Z
EDDM,312,48.35421949,11.80000472,-96.6,gate,heavy|jets,D,airline,dlh,111124,2026-06-10T15:28:55.000Z
EDDM,313,48.35379605,11.79996006,-96.6,gate,heavy|jets,D,airline,dlh,111124,2026-06-10T15:28:55.000Z
EDDM,317A,48.35334865,11.79971216,-96.6,gate,heavy|jets,C,airline,dlh,111124,2026-06-10T15:28:55.000Z
EDDM,317,48.35319995,11.79986134,-96.6,gate,heavy|jets,F,airline,dlh,111124,2026-06-10T15:28:55.000Z
EDDM,317B,48.35301036,11.80004032,-96.6,gate,heavy|jets,C,airline,dlh,111124,2026-06-10T15:28:55.000Z
EDDM,318A,48.35257315,11.79990868,-96.6,gate,heavy|jets,C,airline,dlh,111124,2026-06-10T15:28:55.000Z
EDDM,318,48.35241351,11.79999135,-96.6,gate,heavy|jets,F,airline,dlh,111124,2026-06-10T15:28:55.000Z
EDDM,318B,48.35222561,11.80018694,-96.6,gate,heavy|jets,C,airline,dlh,111124,2026-06-10T15:28:55.000Z
EDDM,321,48.35643333,11.80253611,83.6,gate,jets|turboprops,C,airline,,111124,2026-06-10T15:28:55.000Z
EDDM,322,48.35599444,11.80261111,83.5,gate,jets|turboprops,C,airline,,111124,2026-06-10T15:28:55.000Z
EDDM,323,48.35555833,11.80268611,83.5,gate,jets|turboprops,C,airline,,111124,2026-06-10T15:28:55.000Z
EDDM,324,48.35511944,11.80276111,83.4,gate,jets|turboprops,C,airline,,111124,2026-06-10T15:28:55.000Z
EDDM,325,48.35468056,11.80283889,83.2,gate,jets|turboprops,C,airline,,111124,2026-06-10T15:28:55.000Z
EDDM,327,48.35372778,11.80301667,83.6,gate,jets|turboprops,C,airline,,111124,2026-06-10T15:28:55.000Z
EDDM,328,48.35331667,11.80308611,83.3,gate,jets|turboprops,C,airline,,111124,2026-06-10T15:28:55.000Z
EDDM,329,48.35290556,11.80315833,83.4,gate,jets|turboprops,C,airline,,111124,2026-06-10T15:28:55.000Z
EDDM,330,48.35249444,11.80321667,83.5,gate,jets|turboprops,C,airline,,111124,2026-06-10T15:28:55.000Z
EDDM,261,48.34982778,11.79797222,174.1,gate,jets|turboprops,C,airline,,111124,2026-06-10T15:28:55.000Z
EDDM,262,48.34978056,11.79831667,174.1,gate,jets|turboprops,F,airline,,111124,2026-06-10T15:28:55.000Z
EDDM,263,48.34987778,11.79863056,174.1,gate,jets|turboprops,C,airline,,111124,2026-06-10T15:28:55.000Z
EDDM,341,48.34986667,11.79940833,173.8,gate,jets|turboprops,C,airline,,111124,2026-06-10T15:28:55.000Z
EDDM,342,48.34991272,11.7999568,173.8,gate,jets|turboprops,C,airline,,111124,2026-06-10T15:28:55.000Z
EDDM,343,48.34995431,11.80049028,173.8,gate,jets|turboprops,C,airline,,111124,2026-06-10T15:28:55.000Z
EDDM,344,48.34999053,11.80103389,173.8,gate,jets|turboprops,C,airline,,111124,2026-06-10T15:28:55.000Z
EDDM,345,48.35003248,11.80157617,173.8,gate,jets|turboprops,C,airline,,111124,2026-06-10T15:28:55.000Z
EDDM,346,48.35007699,11.80211773,173.8,gate,jets|turboprops,C,airline,,111124,2026-06-10T15:28:55.000Z
EDDM,347,48.35011755,11.80266326,173.8,gate,jets|turboprops,C,airline,,111124,2026-06-10T15:28:55.000Z
EDDM,348,48.35016331,11.80319487,173.8,tie_down,jets|turboprops,C,airline,,111124,2026-06-10T15:28:55.000Z
EDDM,349,48.3502,11.80374167,173.8,gate,jets|turboprops,B,airline,,111124,2026-06-10T15:28:55.000Z
EDDM,372A,48.35073056,11.81126389,173.1,gate,jets|turboprops,C,airline,,111124,2026-06-10T15:28:55.000Z
EDDM,371A,48.35064572,11.81017962,173.1,gate,jets|turboprops,C,airline,,111124,2026-06-10T15:28:55.000Z
EDDM,355A,48.35047778,11.80796667,173.1,gate,jets|turboprops,C,airline,,111124,2026-06-10T15:28:55.000Z
EDDM,353A,48.35030568,11.80574449,173.1,gate,jets|turboprops,C,airline,,111124,2026-06-10T15:28:55.000Z
EDDM,356A,48.35055998,11.80905561,173.1,gate,jets|turboprops,C,airline,,111124,2026-06-10T15:28:55.000Z
EDDM,354A,48.35039444,11.80688333,173.1,gate,jets|turboprops,C,airline,,111124,2026-06-10T15:28:55.000Z
EDDM,352A,48.35021667,11.80456944,173.1,gate,jets|turboprops,C,airline,,111124,2026-06-10T15:28:55.000Z
EDDM,372B,48.350775,11.81185556,173.8,gate,jets|turboprops,C,airline,,111124,2026-06-10T15:28:55.000Z
EDDM,371B,48.35068979,11.81073419,173.8,gate,jets|turboprops,C,airline,,111124,2026-06-10T15:28:55.000Z
EDDM,355B,48.35051944,11.80851111,173.8,gate,jets|turboprops,C,airline,,111124,2026-06-10T15:28:55.000Z
EDDM,353B,48.35035012,11.80633616,173.8,gate,jets|turboprops,C,airline,,111124,2026-06-10T15:28:55.000Z
EDDM,356B,48.35060827,11.8096096,173.8,gate,jets|turboprops,C,airline,,111124,2026-06-10T15:28:55.000Z
EDDM,354B,48.35044274,11.80743732,173.8,gate,jets|turboprops,C,airline,,111124,2026-06-10T15:28:55.000Z
EDDM,352B,48.35026111,11.80516111,173.8,gate,jets|turboprops,C,airline,,111124,2026-06-10T15:28:55.000Z
EDDM,372,48.35075278,11.81155833,173.8,gate,jets|turboprops,F,airline,,111124,2026-06-10T15:28:55.000Z
EDDM,371,48.35066944,11.81045,173.8,gate,jets|turboprops,F,airline,,111124,2026-06-10T15:28:55.000Z
EDDM,355,48.3505,11.80823889,173.8,gate,jets|turboprops,F,airline,,111124,2026-06-10T15:28:55.000Z
EDDM,353,48.35033056,11.80603889,173.8,gate,jets|turboprops,F,airline,,111124,2026-06-10T15:28:55.000Z
EDDM,356,48.3505822,11.80932506,173.8,gate,jets|turboprops,F,airline,,111124,2026-06-10T15:28:55.000Z
EDDM,354,48.35041667,11.80715278,173.8,gate,jets|turboprops,F,airline,,111124,2026-06-10T15:28:55.000Z
EDDM,352,48.35023889,11.80486389,173.8,gate,jets|turboprops,F,airline,,111124,2026-06-10T15:28:55.000Z
EDDM,511,48.35251944,11.80409722,-6.8,gate,jets|turboprops,C,airline,,111124,2026-06-10T15:28:55.000Z
EDDM,523,48.35307723,11.81149409,-6.8,gate,jets|turboprops,C,airline,,111124,2026-06-10T15:28:55.000Z
EDDM,521,48.35298056,11.81026389,-6.8,gate,jets|turboprops,C,airline,,111124,2026-06-10T15:28:55.000Z
EDDM,519,48.35288611,11.80903333,-6.8,gate,jets|turboprops,C,airline,,111124,2026-06-10T15:28:55.000Z
EDDM,517,48.352787,11.80780364,-6.8,gate,jets|turboprops,C,airline,,111124,2026-06-10T15:28:55.000Z
EDDM,515,48.35269722,11.80656667,-6.8,gate,jets|turboprops,C,airline,,111124,2026-06-10T15:28:55.000Z
EDDM,513,48.35261667,11.80533056,-6.8,gate,jets|turboprops,C,airline,,111124,2026-06-10T15:28:55.000Z
EDDM,522,48.35302778,11.81088056,-6.8,gate,jets|turboprops,C,airline,,111124,2026-06-10T15:28:55.000Z
EDDM,520,48.35293096,11.80964341,-6.8,gate,jets|turboprops,C,airline,,111124,2026-06-10T15:28:55.000Z
EDDM,518,48.35283889,11.80841667,-6.8,gate,jets|turboprops,C,airline,,111124,2026-06-10T15:28:55.000Z
EDDM,516,48.352737,11.80718265,-6.8,gate,jets|turboprops,C,airline,,111124,2026-06-10T15:28:55.000Z
EDDM,514,48.35265,11.80595,-6.8,gate,jets|turboprops,C,airline,,111124,2026-06-10T15:28:55.000Z
EDDM,512,48.35256667,11.80471389,-6.8,gate,jets|turboprops,C,airline,,111124,2026-06-10T15:28:55.000Z
EDDM,595,48.35790307,11.80526406,-186.6,gate,jets|turboprops|props,C,general_aviation,,111124,2026-06-10T15:28:55.000Z
EDDM,594,48.35786119,11.80472226,-186.6,gate,jets|turboprops|props,C,general_aviation,,111124,2026-06-10T15:28:55.000Z
EDDM,593,48.35782643,11.80417509,-186.6,gate,jets|turboprops|props,C,general_aviation,,111124,2026-06-10T15:28:55.000Z
EDDM,G24,48.35331944,11.80503889,263.8,tie_down,turboprops|props,B,general_aviation,,111124,2026-06-10T15:28:55.000Z
EDDM,G23,48.35363553,11.80498659,263.8,tie_down,turboprops|props,B,general_aviation,,111124,2026-06-10T15:28:55.000Z
EDDM,G22,48.35395017,11.80492873,263.8,tie_down,turboprops|props,B,general_aviation,,111124,2026-06-10T15:28:55.000Z
EDDM,592,48.35777512,11.80363471,-186.6,gate,jets|turboprops|props,C,general_aviation,,111124,2026-06-10T15:28:55.000Z
EDDM,G21,48.35428056,11.804875,263.8,tie_down,turboprops|props,B,general_aviation,,111124,2026-06-10T15:28:55.000Z
EDDM,G14,48.35327132,11.8038241,263.8,tie_down,turboprops|props,B,general_aviation,,111124,2026-06-10T15:28:55.000Z
EDDM,G13,48.35348052,11.80378846,263.8,tie_down,turboprops|props,B,general_aviation,,111124,2026-06-10T15:28:55.000Z
EDDM,G12,48.35368889,11.80374722,263.8,tie_down,turboprops|props,B,general_aviation,,111124,2026-06-10T15:28:55.000Z
EDDM,G11,48.3539,11.80371111,263.8,tie_down,turboprops|props,B,general_aviation,,111124,2026-06-10T15:28:55.000Z
EDDM,591,48.35773056,11.80309167,-186.6,gate,jets|turboprops|props,C,general_aviation,,111124,2026-06-10T15:28:55.000Z
EDDM,581,48.35934444,11.80213333,-6.5,gate,jets|turboprops|props,C,general_aviation,,111124,2026-06-10T15:28:55.000Z
EDDM,582,48.35938879,11.80274921,-6.5,gate,jets|turboprops|props,C,general_aviation,,111124,2026-06-10T15:28:55.000Z
EDDM,583,48.35942662,11.80336448,-6.5,gate,jets|turboprops|props,C,general_aviation,,111124,2026-06-10T15:28:55.000Z
EDDM,584,48.35948339,11.80398715,-6.5,gate,jets|turboprops|props,C,general_aviation,,111124,2026-06-10T15:28:55.000Z
EDDM,585,48.35952966,11.8046061,-6.5,gate,jets|turboprops|props,C,general_aviation,,111124,2026-06-10T15:28:55.000Z
EDDM,586,48.35957684,11.80521666,-6.5,gate,jets|turboprops|props,C,general_aviation,,111124,2026-06-10T15:28:55.000Z
EDDM,607B,48.34520434,11.74955366,173.1,gate,jets|turboprops,C,airline,,111124,2026-06-10T15:28:55.000Z
EDDM,606B,48.34528796,11.75064492,173.1,gate,jets|turboprops,C,airline,,111124,2026-06-10T15:28:55.000Z
EDDM,605B,48.3453708,11.75172623,173.1,gate,jets|turboprops,C,airline,,111124,2026-06-10T15:28:55.000Z
EDDM,604B,48.345455,11.75281691,173.1,gate,jets|turboprops,C,airline,,111124,2026-06-10T15:28:55.000Z
EDDM,603B,48.34553632,11.75389988,173.1,gate,jets|turboprops,C,airline,,111124,2026-06-10T15:28:55.000Z
EDDM,602B,48.34562164,11.75498722,173.1,gate,jets|turboprops,C,airline,,111124,2026-06-10T15:28:55.000Z
EDDM,601B,48.34570315,11.75607334,173.1,gate,jets|turboprops,C,airline,,111124,2026-06-10T15:28:55.000Z
EDDM,607A,48.34524662,11.7500991,173.1,gate,jets|turboprops,C,airline,,111124,2026-06-10T15:28:55.000Z
EDDM,606A,48.34533024,11.75119037,173.1,gate,jets|turboprops,C,airline,,111124,2026-06-10T15:28:55.000Z
EDDM,605A,48.34541307,11.75227167,173.1,gate,jets|turboprops,C,airline,,111124,2026-06-10T15:28:55.000Z
EDDM,604A,48.34549727,11.75336235,173.1,gate,jets|turboprops,C,airline,,111124,2026-06-10T15:28:55.000Z
EDDM,603A,48.3455786,11.75444532,173.1,gate,jets|turboprops,C,airline,,111124,2026-06-10T15:28:55.000Z
EDDM,602A,48.34566392,11.75553267,173.1,gate,jets|turboprops,C,airline,,111124,2026-06-10T15:28:55.000Z
EDDM,601A,48.34574709,11.75661892,173.1,gate,jets|turboprops,C,airline,,111124,2026-06-10T15:28:55.000Z
EDDM,601,48.34558333,11.75636944,173.1,gate,heavy|jets|turboprops,F,airline,,111124,2026-06-10T15:28:55.000Z
EDDM,602,48.3455,11.75528333,173.1,gate,heavy|jets|turboprops,F,airline,,111124,2026-06-10T15:28:55.000Z
EDDM,603,48.34541667,11.75419722,173.1,gate,heavy|jets|turboprops,F,airline,,111124,2026-06-10T15:28:55.000Z
EDDM,604,48.34533333,11.75311111,173.6,gate,heavy|jets|turboprops,F,airline,,111124,2026-06-10T15:28:55.000Z
EDDM,605,48.34524722,11.752025,173.6,gate,heavy|jets|turboprops,F,airline,,111124,2026-06-10T15:28:55.000Z
EDDM,606,48.34516389,11.75093889,173.6,gate,heavy|jets|turboprops,F,airline,,111124,2026-06-10T15:28:55.000Z
EDDM,607,48.34508056,11.74985556,173.8,gate,heavy|jets|turboprops,F,airline,,111124,2026-06-10T15:28:55.000Z
EDDM,611,48.3449,11.74695833,173.8,gate,jets|turboprops,D,airline,,111124,2026-06-10T15:28:55.000Z
EDDM,612,48.34475556,11.74665556,173.8,gate,heavy|jets|turboprops,E,airline,,111124,2026-06-10T15:28:55.000Z
EDDM,613,48.34485556,11.74640833,173.8,gate,jets|turboprops,D,airline,,111124,2026-06-10T15:28:55.000Z
EDDM,614,48.34481389,11.74585833,173.8,gate,jets|turboprops,D,airline,,111124,2026-06-10T15:28:55.000Z
EDDM,HPP 3,48.34503043,11.7487518,83.2,misc,helos,B,none,,111124,2026-06-10T15:28:55.000Z
EDDM,HPP 2,48.34520797,11.74872154,83.2,misc,helos,B,none,,111124,2026-06-10T15:28:55.000Z
EDDM,HPP 1,48.34538319,11.74868523,83.2,misc,helos,B,none,,111124,2026-06-10T15:28:55.000Z
EDDM,701A,48.34675833,11.76503611,263.0,tie_down,jets|turboprops,C,general_aviation,,111124,2026-06-10T15:28:55.000Z
EDDM,701B,48.34670644,11.76504437,263.0,tie_down,jets|turboprops,C,general_aviation,,111124,2026-06-10T15:28:55.000Z
EDDM,701C,48.34654479,11.76508287,263.0,tie_down,jets|turboprops,C,general_aviation,,111124,2026-06-10T15:28:55.000Z
EDDM,701D,48.34635033,11.76512554,263.0,tie_down,jets|turboprops,C,general_aviation,,111124,2026-06-10T15:28:55.000Z
EDDM,702A,48.34666667,11.76384444,263.0,tie_down,jets|turboprops,C,general_aviation,,111124,2026-06-10T15:28:55.000Z
EDDM,702B,48.34661685,11.7638595,263.0,tie_down,jets|turboprops,C,general_aviation,,111124,2026-06-10T15:28:55.000Z
EDDM,702C,48.34644877,11.76389275,263.0,tie_down,jets|turboprops,C,general_aviation,,111124,2026-06-10T15:28:55.000Z
EDDM,702D,48.34626074,11.76393192,263.0,tie_down,jets|turboprops,C,general_aviation,,111124,2026-06-10T15:28:55.000Z
EDDM,703A,48.346575,11.76265556,263.0,tie_down,heavy|jets|turboprops,C,airline,,111124,2026-06-10T15:28:55.000Z
EDDM,703B,48.34652157,11.76266575,263.0,tie_down,heavy|jets|turboprops,C,airline,,111124,2026-06-10T15:28:55.000Z
EDDM,703C,48.34635706,11.76270453,263.0,tie_down,heavy|jets|turboprops,C,airline,,111124,2026-06-10T15:28:55.000Z
EDDM,703D,48.34616513,11.76275129,263.0,tie_down,heavy|jets|turboprops,C,airline,,111124,2026-06-10T15:28:55.000Z
EDDM,801C,48.34711418,11.77249233,263.6,tie_down,jets|turboprops,B,general_aviation,,111124,2026-06-10T15:28:55.000Z
EDDM,801D,48.34692539,11.77254866,263.6,tie_down,jets|turboprops,B,general_aviation,,111124,2026-06-10T15:28:55.000Z
EDDM,801A,48.34733333,11.77245278,263.6,tie_down,jets|turboprops,B,general_aviation,,111124,2026-06-10T15:28:55.000Z
EDDM,801B,48.34728119,11.77246053,263.6,tie_down,jets|turboprops,B,general_aviation,,111124,2026-06-10T15:28:55.000Z
EDDM,802A,48.34724444,11.77130833,263.6,tie_down,jets|turboprops,B,general_aviation,,111124,2026-06-10T15:28:55.000Z
EDDM,802B,48.34719177,11.77131863,263.6,tie_down,jets|turboprops,B,general_aviation,,111124,2026-06-10T15:28:55.000Z
EDDM,802C,48.34702619,11.77136115,263.6,tie_down,jets|turboprops,B,general_aviation,,111124,2026-06-10T15:28:55.000Z
EDDM,802D,48.34683403,11.77139202,263.6,tie_down,jets|turboprops,B,general_aviation,,111124,2026-06-10T15:28:55.000Z
EDDM,803A,48.34715278,11.77014167,263.6,tie_down,jets|turboprops,B,general_aviation,,111124,2026-06-10T15:28:55.000Z
EDDM,803B,48.34710252,11.77014996,263.6,tie_down,jets|turboprops,B,general_aviation,,111124,2026-06-10T15:28:55.000Z
EDDM,803C,48.34693592,11.77019824,263.6,tie_down,jets|turboprops,B,general_aviation,,111124,2026-06-10T15:28:55.000Z
EDDM,803D,48.34674829,11.77023809,263.6,tie_down,jets|turboprops,B,general_aviation,,111124,2026-06-10T15:28:55.000Z
EDDM,804A,48.34706926,11.76899884,263.6,tie_down,jets|turboprops,B,general_aviation,,111124,2026-06-10T15:28:55.000Z
EDDM,804B,48.34701667,11.76901111,263.6,tie_down,jets|turboprops,B,general_aviation,,111124,2026-06-10T15:28:55.000Z
EDDM,804C,48.34684999,11.76904342,263.6,tie_down,jets|turboprops,B,general_aviation,,111124,2026-06-10T15:28:55.000Z
EDDM,804D,48.34665835,11.76907779,263.6,tie_down,jets|turboprops,B,general_aviation,,111124,2026-06-10T15:28:55.000Z
EDDM,805A,48.34698038,11.7678617,263.6,tie_down,jets|turboprops,B,airline,,111124,2026-06-10T15:28:55.000Z
EDDM,805B,48.34692778,11.76787222,263.6,tie_down,jets|turboprops,B,airline,,111124,2026-06-10T15:28:55.000Z
EDDM,805C,48.34675755,11.76790931,263.6,tie_down,jets|turboprops,B,airline,,111124,2026-06-10T15:28:55.000Z
EDDM,805D,48.34657161,11.76794874,263.6,tie_down,jets|turboprops,B,airline,,111124,2026-06-10T15:28:55.000Z
EDDM,901,48.34908813,11.77278809,353.3,gate,heavy|jets|turboprops,E,cargo,,111124,2026-06-10T15:28:55.000Z
EDDM,902,48.34901352,11.77164052,353.3,gate,heavy|jets|turboprops,E,cargo,,111124,2026-06-10T15:28:55.000Z
EDDM,903,48.34892784,11.77065927,353.3,gate,heavy|jets|turboprops,E,cargo,,111124,2026-06-10T15:28:55.000Z
EDDM,904,48.34883943,11.76949923,353.3,gate,heavy|jets|turboprops,E,cargo,,111124,2026-06-10T15:28:55.000Z
EDDM,905,48.3487556,11.76848644,353.3,gate,heavy|jets|turboprops,E,cargo,,111124,2026-06-10T15:28:55.000Z
EDDM,906,48.34867535,11.76734945,353.3,gate,heavy|jets|turboprops,E,cargo,,111124,2026-06-10T15:28:55.000Z
EDDM,907,48.34859172,11.76634294,353.3,gate,heavy|jets|turboprops,E,cargo,,111124,2026-06-10T15:28:55.000Z
EDDM,Z2,48.3586052,11.79688726,354.1,tie_down,helos,B,general_aviation,,111124,2026-06-10T15:28:55.000Z
EDDM,Z1,48.3585768,11.79641766,354.1,tie_down,helos,B,general_aviation,,111124,2026-06-10T15:28:55.000Z
EGLL,211,51.47427773,-0.44738114,-90.1,gate,heavy|jets,E,airline,,111341,2026-07-01T13:26:41.000Z
EGLL,209R,51.47399163,-0.450026,-180.1,gate,heavy|jets,C,airline,,111341,2026-07-01T13:26:41.000Z
EGLL,210R,51.47398109,-0.44874271,-180.1,gate,heavy|jets,C,airline,,111341,2026-07-01T13:26:41.000Z
EGLL,212R,51.47365638,-0.44737532,-90.1,gate,heavy|jets,C,airline,,111341,2026-07-01T13:26:41.000Z
EGLL,213R,51.47285396,-0.44737991,-90.1,gate,heavy|jets,C,airline,,111341,2026-07-01T13:26:41.000Z
EGLL,209,51.47399165,-0.44970975,-180.1,gate,heavy|jets,F,airline,,111341,2026-07-01T13:26:41.000Z
EGLL,210,51.4739811,-0.44842647,-180.1,gate,heavy|jets,F,airline,,111341,2026-07-01T13:26:41.000Z
EGLL,212,51.47345702,-0.44737313,-90.1,gate,heavy|jets,F,airline,,111341,2026-07-01T13:26:41.000Z
EGLL,213,51.4726546,-0.44737772,-90.1,gate,heavy|jets,F,airline,,111341,2026-07-01T13:26:41.000Z
EGLL,209L,51.47426408,-0.44939502,-180.1,gate,heavy|jets,C,airline,,111341,2026-07-01T13:26:41.000Z
EGLL,210L,51.47425353,-0.44811174,-180.1,gate,heavy|jets,C,airline,,111341,2026-07-01T13:26:41.000Z
EGLL,212L,51.47325744,-0.44693741,-90.1,gate,heavy|jets,C,airline,,111341,2026-07-01T13:26:41.000Z
EGLL,213L,51.47245503,-0.446942,-90.1,gate,heavy|jets,C,airline,,111341,2026-07-01T13:26:41.000Z
EGLL,216,51.47037586,-0.44691999,-90.3,gate,heavy|jets,C,airline,,111341,2026-07-01T13:26:41.000Z
EGLL,217,51.46997619,-0.44689803,-90.1,gate,heavy|jets,C,airline,,111341,2026-07-01T13:26:41.000Z
EGLL,218R,51.46953553,-0.44733648,-94.0,gate,heavy|jets,C,airline,,111341,2026-07-01T13:26:41.000Z
EGLL,218,51.46938095,-0.44730171,-90.2,gate,heavy|jets,F,airline,,111341,2026-07-01T13:26:41.000Z
EGLL,218L,51.46916947,-0.44686401,-92.6,gate,heavy|jets,C,airline,,111341,2026-07-01T13:26:41.000Z
EGLL,219,51.46858376,-0.44689835,-92.6,gate,heavy|jets,C,airline,,111341,2026-07-01T13:26:41.000Z
EGLL,220,51.46820468,-0.44688791,-92.6,gate,heavy|jets,C,airline,,111341,2026-07-01T13:26:41.000Z
EGLL,221R,51.46861085,-0.44858323,-6.9,gate,heavy|jets,C,airline,,111341,2026-07-01T13:26:41.000Z
EGLL,221,51.4686218,-0.44879277,-0.2,gate,heavy|jets,C,airline,,111341,2026-07-01T13:26:41.000Z
EGLL,221L,51.46839948,-0.44916073,-7.2,gate,heavy|jets,C,airline,,111341,2026-07-01T13:26:41.000Z
EGLL,223,51.46840555,-0.44977216,-0.2,gate,heavy|jets,C,airline,,111341,2026-07-01T13:26:41.000Z
EGLL,224,51.46840217,-0.45041704,-0.2,gate,heavy|jets,C,airline,,111341,2026-07-01T13:26:41.000Z
EGLL,225,51.46839345,-0.45111347,-0.2,gate,heavy|jets,C,airline,,111341,2026-07-01T13:26:41.000Z
EGLL,226,51.4683773,-0.45179507,-0.2,gate,heavy|jets,C,airline,,111341,2026-07-01T13:26:41.000Z
EGLL,231,51.47416429,-0.44387318,89.8,gate,heavy|jets,E,airline,,111341,2026-07-01T13:26:41.000Z
EGLL,232,51.47341138,-0.44383846,89.8,gate,heavy|jets,E,airline,,111341,2026-07-01T13:26:41.000Z
EGLL,233L,51.47288233,-0.44417926,89.8,gate,heavy|jets,C,airline,,111341,2026-07-01T13:26:41.000Z
EGLL,236,51.47108354,-0.4438038,89.8,gate,heavy|jets,E,airline,,111341,2026-07-01T13:26:41.000Z
EGLL,235,51.47187855,-0.44382216,89.8,gate,heavy|jets,E,airline,,111341,2026-07-01T13:26:41.000Z
EGLL,233,51.47267813,-0.44376746,89.8,gate,heavy|jets,E,airline,,111341,2026-07-01T13:26:41.000Z
EGLL,233R,51.47253175,-0.44369216,86.0,gate,heavy|jets,C,airline,,111341,2026-07-01T13:26:41.000Z
EGLL,236L,51.4703957,-0.44420919,86.6,gate,heavy|jets,C,airline,,111341,2026-07-01T13:26:41.000Z
EGLL,236,51.47018757,-0.44374423,90.0,gate,heavy|jets,F,airline,,111341,2026-07-01T13:26:41.000Z
EGLL,236R,51.47003144,-0.44373454,86.1,gate,heavy|jets,C,airline,,111341,2026-07-01T13:26:41.000Z
EGLL,238,51.46939063,-0.44372371,90.2,gate,heavy|jets,E,airline,,111341,2026-07-01T13:26:41.000Z
EGLL,239,51.46865902,-0.44376105,90.2,gate,heavy|jets,E,airline,,111341,2026-07-01T13:26:41.000Z
EGLL,241,51.4686806,-0.44226794,-90.3,gate,heavy|jets,E,airline,,111341,2026-07-01T13:26:41.000Z
EGLL,242,51.46939525,-0.44233336,-90.3,gate,heavy|jets,F,airline,,111341,2026-07-01T13:26:41.000Z
EGLL,243L,51.46999105,-0.44187766,-93.8,gate,heavy|jets,C,airline,,111341,2026-07-01T13:26:41.000Z
EGLL,243,51.4701951,-0.44233142,-90.4,gate,heavy|jets,F,airline,,111341,2026-07-01T13:26:41.000Z
EGLL,243R,51.47035065,-0.44239084,-93.7,gate,heavy|jets,C,airline,,111341,2026-07-01T13:26:41.000Z
EGLL,244,51.47099473,-0.44233241,-90.3,gate,heavy|jets,F,airline,,111341,2026-07-01T13:26:41.000Z
EGLL,246L,51.47167432,-0.44192506,-93.6,gate,heavy|jets,C,airline,,111341,2026-07-01T13:26:41.000Z
EGLL,246,51.47188227,-0.44235649,-90.0,gate,heavy|jets,F,airline,,111341,2026-07-01T13:26:41.000Z
EGLL,246R,51.47204068,-0.44240386,-93.8,gate,heavy|jets,C,airline,,111341,2026-07-01T13:26:41.000Z
EGLL,247L,51.47248306,-0.44194642,-90.0,gate,heavy|jets,C,airline,,111341,2026-07-01T13:26:41.000Z
EGLL,247,51.47268125,-0.44235259,-90.0,gate,heavy|jets,F,airline,,111341,2026-07-01T13:26:41.000Z
EGLL,247R,51.47283836,-0.4424035,-93.7,gate,heavy|jets,C,airline,,111341,2026-07-01T13:26:41.000Z
EGLL,248,51.47341365,-0.44232705,-90.3,gate,heavy|jets,E,airline,,111341,2026-07-01T13:26:41.000Z
EGLL,249,51.47416752,-0.44234148,-90.3,gate,heavy|jets,E,airline,,111341,2026-07-01T13:26:41.000Z
EGLL,251,51.46880795,-0.43884532,90.2,gate,heavy|jets,E,airline,,111341,2026-07-01T13:26:41.000Z
EGLL,252,51.46947412,-0.43877542,90.2,gate,heavy|jets,E,airline,,111341,2026-07-01T13:26:41.000Z
EGLL,253R,51.47004838,-0.43870593,86.4,gate,heavy|jets,C,airline,,111341,2026-07-01T13:26:41.000Z
EGLL,253,51.47020596,-0.43869764,89.8,gate,heavy|jets,F,airline,,111341,2026-07-01T13:26:41.000Z
EGLL,253L,51.47041365,-0.43917555,86.2,gate,heavy|jets,C,airline,,111341,2026-07-01T13:26:41.000Z
EGLL,254R,51.47084889,-0.43867913,86.0,gate,heavy|jets,C,airline,,111341,2026-07-01T13:26:41.000Z
EGLL,254,51.47100372,-0.43868409,89.6,gate,heavy|jets,F,airline,,111341,2026-07-01T13:26:41.000Z
EGLL,254L,51.47121353,-0.43915887,85.9,gate,heavy|jets,C,airline,,111341,2026-07-01T13:26:41.000Z
EGLL,255R,51.47173401,-0.43869087,87.2,gate,heavy|jets,C,airline,,111341,2026-07-01T13:26:41.000Z
EGLL,255,51.47189371,-0.43870005,89.9,gate,heavy|jets,F,airline,,111341,2026-07-01T13:26:41.000Z
EGLL,255L,51.47210682,-0.43916042,86.8,gate,heavy|jets,C,airline,,111341,2026-07-01T13:26:41.000Z
EGLL,256,51.47262889,-0.43875284,89.7,gate,heavy|jets,E,airline,,111341,2026-07-01T13:26:41.000Z
EGLL,257,51.47329406,-0.43876698,89.7,gate,heavy|jets,E,airline,,111341,2026-07-01T13:26:41.000Z
EGLL,258R,51.47391333,-0.4389124,89.7,gate,heavy|jets,C,airline,,111341,2026-07-01T13:26:41.000Z
EGLL,258,51.4741116,-0.43872291,89.7,gate,heavy|jets,F,airline,,111341,2026-07-01T13:26:41.000Z
EGLL,258L,51.47431917,-0.43891782,89.7,gate,heavy|jets,C,airline,,111341,2026-07-01T13:26:41.000Z
EGLL,301,51.46862532,-0.45443621,359.5,gate,heavy|jets,F,airline,,111341,2026-07-01T13:26:41.000Z
EGLL,303L,51.46835456,-0.45602994,359.5,gate,heavy|jets,C,airline,,111341,2026-07-01T13:26:41.000Z
EGLL,303R,51.46863407,-0.45543927,359.5,gate,heavy|jets,C,airline,,111341,2026-07-01T13:26:41.000Z
EGLL,303,51.46862478,-0.45571385,359.5,gate,heavy|jets,F,airline,,111341,2026-07-01T13:26:41.000Z
EGLL,305L,51.46835119,-0.45730948,359.5,gate,heavy|jets,C,airline,,111341,2026-07-01T13:26:41.000Z
EGLL,305R,51.46862055,-0.4567182,359.5,gate,heavy|jets,C,airline,,111341,2026-07-01T13:26:41.000Z
EGLL,305,51.46858972,-0.45699452,359.5,gate,heavy|jets,E,airline,,111341,2026-07-01T13:26:41.000Z
EGLL,307,51.46858616,-0.4582761,359.5,gate,heavy|jets,F,airline,,111341,2026-07-01T13:26:41.000Z
EGLL,309,51.46907386,-0.45919214,56.6,gate,heavy|jets,C,airline,,111341,2026-07-01T13:26:41.000Z
EGLL,311,51.46940736,-0.45955388,56.6,gate,heavy|jets,C,airline,,111341,2026-07-01T13:26:41.000Z
EGLL,313,51.4683427,-0.46167854,235.3,gate,heavy|jets,E,airline,,111341,2026-07-01T13:26:41.000Z
EGLL,316,51.46862976,-0.46318436,56.6,gate,heavy|jets,E,airline,,111341,2026-07-01T13:26:41.000Z
EGLL,317,51.46919795,-0.46380688,55.2,gate,heavy|jets,E,airline,,111341,2026-07-01T13:26:41.000Z
EGLL,318,51.46972215,-0.46321005,-124.8,gate,heavy|jets,E,airline,,111341,2026-07-01T13:26:41.000Z
EGLL,319,51.46976365,-0.46443019,56.1,gate,heavy|jets,E,airline,,111341,2026-07-01T13:26:41.000Z
EGLL,320,51.47027703,-0.46385421,-124.3,gate,heavy|jets,E,airline,,111341,2026-07-01T13:26:41.000Z
EGLL,321,51.47031352,-0.46509863,55.0,gate,heavy|jets,E,airline,,111341,2026-07-01T13:26:41.000Z
EGLL,322,51.4708392,-0.46447628,-124.9,gate,heavy|jets,E,airline,,111341,2026-07-01T13:26:41.000Z
EGLL,323(constr),51.47065792,-0.46043218,56.3,gate,heavy|jets,E,none,,111341,2026-07-01T13:26:41.000Z
EGLL,325(constr),51.47119142,-0.46100668,56.3,gate,heavy|jets,E,none,,111341,2026-07-01T13:26:41.000Z
EGLL,326,51.4728086,-0.46155117,-124.5,gate,heavy|jets,E,airline,,111341,2026-07-01T13:26:41.000Z
EGLL,327,51.47177125,-0.46160048,55.5,gate,heavy|jets,E,airline,,111341,2026-07-01T13:26:41.000Z
EGLL,328,51.47332238,-0.46209225,-124.1,gate,heavy|jets,E,airline,,111341,2026-07-01T13:26:41.000Z
EGLL,329,51.47228203,-0.46218579,56.2,gate,heavy|jets,E,airline,,111341,2026-07-01T13:26:41.000Z
EGLL,330,51.47383222,-0.46267509,-124.3,gate,heavy|jets,E,airline,,111341,2026-07-01T13:26:41.000Z
EGLL,331,51.47280746,-0.4627394,55.9,gate,heavy|jets,E,airline,,111341,2026-07-01T13:26:41.000Z
EGLL,332,51.47411142,-0.46324863,-161.1,gate,heavy|jets,E,airline,,111341,2026-07-01T13:26:41.000Z
EGLL,334,51.47409043,-0.46409002,-179.7,gate,heavy|jets,E,airline,,111341,2026-07-01T13:26:41.000Z
EGLL,335,51.47338616,-0.46392177,24.7,gate,heavy|jets,E,airline,,111341,2026-07-01T13:26:41.000Z
EGLL,336,51.47410848,-0.46497689,164.3,gate,heavy|jets,E,airline,,111341,2026-07-01T13:26:41.000Z
EGLL,340,51.47382316,-0.46557228,119.2,gate,heavy|jets,F,airline,,111341,2026-07-01T13:26:41.000Z
EGLL,340L,51.47413267,-0.46591734,121.1,gate,heavy|jets,C,airline,,111341,2026-07-01T13:26:41.000Z
EGLL,340R,51.4738224,-0.46568304,89.2,gate,heavy|jets,C,airline,,111341,2026-07-01T13:26:41.000Z
EGLL,351,51.47381633,-0.45891089,55.3,gate,heavy|jets,C,airline,,111341,2026-07-01T13:26:41.000Z
EGLL,353,51.474219,-0.4594074,56.2,gate,heavy|jets,E,airline,,111341,2026-07-01T13:26:41.000Z
EGLL,355,51.47461677,-0.46015371,63.9,gate,heavy|jets,C,airline,,111341,2026-07-01T13:26:41.000Z
EGLL,357R,51.47435461,-0.45881937,173.0,gate,heavy|jets,C,airline,,111341,2026-07-01T13:26:41.000Z
EGLL,357,51.47411024,-0.45853155,179.7,gate,heavy|jets,F,airline,,111341,2026-07-01T13:26:41.000Z
EGLL,357L,51.47430725,-0.45821498,179.4,gate,heavy|jets,C,airline,,111341,2026-07-01T13:26:41.000Z
EGLL,342,51.47320319,-0.46544039,89.6,gate,heavy|jets,F,airline,,111341,2026-07-01T13:26:41.000Z
EGLL,363,51.47089886,-0.46563941,58.1,gate,heavy|jets,E,airline,,111341,2026-07-01T13:26:41.000Z
EGLL,364,51.47141744,-0.46507129,-123.5,gate,heavy|jets,E,airline,,111341,2026-07-01T13:26:41.000Z
EGLL,365,51.47123457,-0.46569406,130.0,gate,heavy|jets,E,airline,,111341,2026-07-01T13:26:41.000Z
EGLL,401,51.45833159,-0.44873479,-30.3,gate,heavy|jets,E,airline,,111341,2026-07-01T13:26:41.000Z
EGLL,402,51.45804602,-0.44962065,-30.3,gate,heavy|jets,E,airline,,111341,2026-07-01T13:26:41.000Z
EGLL,403,51.45772598,-0.45051183,-30.3,gate,heavy|jets,E,airline,,111341,2026-07-01T13:26:41.000Z
EGLL,405,51.45838295,-0.45090969,132.2,gate,heavy|jets,F,airline,,111341,2026-07-01T13:26:41.000Z
EGLL,406,51.45897271,-0.45005913,132.2,gate,heavy|jets,F,airline,,111341,2026-07-01T13:26:41.000Z
EGLL,407,51.45953873,-0.44925135,132.2,gate,heavy|jets,E,airline,,111341,2026-07-01T13:26:41.000Z
EGLL,408,51.46009545,-0.44856198,132.2,gate,heavy|jets,E,airline,,111341,2026-07-01T13:26:41.000Z
EGLL,409,51.46060712,-0.44779092,132.2,gate,heavy|jets,E,airline,,111341,2026-07-01T13:26:41.000Z
EGLL,410L,51.46142766,-0.44703203,135.7,gate,heavy|jets,C,airline,,111341,2026-07-01T13:26:41.000Z
EGLL,410R,51.4609772,-0.44709822,130.0,gate,heavy|jets,C,airline,,111341,2026-07-01T13:26:41.000Z
EGLL,410,51.46114471,-0.44696076,132.2,gate,heavy|jets,F,airline,,111341,2026-07-01T13:26:41.000Z
EGLL,411,51.4617598,-0.44614406,131.9,gate,heavy|jets,F,airline,,111341,2026-07-01T13:26:41.000Z
EGLL,412,51.46227748,-0.44542981,137.4,gate,heavy|jets,E,airline,,111341,2026-07-01T13:26:41.000Z
EGLL,414,51.46263015,-0.44398988,-69.7,gate,heavy|jets,E,airline,,111341,2026-07-01T13:26:41.000Z
EGLL,415,51.46215083,-0.44422541,-66.4,gate,heavy|jets,C,airline,,111341,2026-07-01T13:26:41.000Z
EGLL,416,51.46211543,-0.44430817,-66.4,gate,heavy|jets,D,airline,,111341,2026-07-01T13:26:41.000Z
EGLL,417,51.46178077,-0.44429456,-66.5,gate,heavy|jets,C,airline,,111341,2026-07-01T13:26:41.000Z
EGLL,419,51.46144582,-0.44450721,-62.9,gate,heavy|jets,C,airline,,111341,2026-07-01T13:26:41.000Z
EGLL,420,51.46113997,-0.44493182,-66.4,gate,heavy|jets,C,airline,,111341,2026-07-01T13:26:41.000Z
EGLL,421,51.46064622,-0.44520066,-66.4,gate,heavy|jets,D,airline,,111341,2026-07-01T13:26:41.000Z
EGLL,422,51.45998538,-0.4425026,113.5,gate,heavy|jets,E,airline,,111341,2026-07-01T13:26:41.000Z
EGLL,423,51.46058866,-0.44210443,113.5,gate,heavy|jets,E,airline,,111341,2026-07-01T13:26:41.000Z
EGLL,424,51.46119115,-0.44169603,113.5,gate,heavy|jets,E,airline,,111341,2026-07-01T13:26:41.000Z
EGLL,432,51.46103907,-0.4378926,179.6,gate,heavy|jets,E,airline,,111341,2026-07-01T13:26:41.000Z
EGLL,431,51.46103907,-0.43897111,179.8,gate,heavy|jets,E,airline,,111341,2026-07-01T13:26:41.000Z
EGLL,430,51.46101955,-0.44005857,179.8,gate,heavy|jets,E,airline,,111341,2026-07-01T13:26:41.000Z
EGLL,429,51.46249727,-0.44129185,-66.7,gate,heavy|jets,E,airline,,111341,2026-07-01T13:26:41.000Z
EGLL,425,51.46179487,-0.44124934,113.5,gate,heavy|jets,E,airline,,111341,2026-07-01T13:26:41.000Z
EGLL,440,51.4608982,-0.45196221,-48.2,gate,heavy|jets,E,airline,,111341,2026-07-01T13:26:41.000Z
EGLL,441,51.46141034,-0.45124504,-48.2,gate,heavy|jets,E,airline,,111341,2026-07-01T13:26:41.000Z
EGLL,449,51.45839499,-0.45487824,-89.0,gate,heavy|jets,D,airline,,111341,2026-07-01T13:26:41.000Z
EGLL,450,51.45845917,-0.45499446,-89.0,gate,heavy|jets,E,airline,,111341,2026-07-01T13:26:41.000Z
EGLL,451,51.45907111,-0.4549623,-89.0,gate,heavy|jets,F,airline,,111341,2026-07-01T13:26:41.000Z
EGLL,452,51.45913329,-0.4549778,-89.0,gate,heavy|jets,E,airline,,111341,2026-07-01T13:26:41.000Z
EGLL,453,51.4598694,-0.45495737,-89.0,gate,heavy|jets,F,cargo,,111341,2026-07-01T13:26:41.000Z
EGLL,454,51.46042437,-0.45495723,-124.3,gate,heavy|jets,E,cargo,,111341,2026-07-01T13:26:41.000Z
EGLL,455,51.46102283,-0.45562804,-124.3,gate,heavy|jets,E,cargo,,111341,2026-07-01T13:26:41.000Z
EGLL,456,51.4616039,-0.45617371,-124.4,gate,heavy|jets,E,cargo,,111341,2026-07-01T13:26:41.000Z
EGLL,457R,51.46250765,-0.45675511,-124.1,gate,jets|turboprops|helos,B,military,,111341,2026-07-01T13:26:41.000Z
EGLL,457 Royal Suite,51.46247595,-0.45686491,-71.7,gate,jets|turboprops|helos,D,military,,111341,2026-07-01T13:26:41.000Z
EGLL,457L,51.4621667,-0.45640278,-124.6,gate,jets|turboprops,B,military,,111341,2026-07-01T13:26:41.000Z
EGLL,458,51.46264903,-0.45654664,326.0,tie_down,helos,C,military,,111341,2026-07-01T13:26:41.000Z
EGLL,461,51.45761369,-0.45205377,123.6,gate,heavy|jets,C,airline,,111341,2026-07-01T13:26:41.000Z
EGLL,501,51.47406197,-0.48950372,179.7,gate,heavy|jets,C,airline,baw,111341,2026-07-01T13:26:41.000Z
EGLL,502,51.47395373,-0.48888382,179.7,gate,heavy|jets,C,airline,baw,111341,2026-07-01T13:26:41.000Z
EGLL,503,51.47394757,-0.48826333,179.7,gate,heavy|jets,C,airline,baw,111341,2026-07-01T13:26:41.000Z
EGLL,505,51.47389084,-0.48754818,179.7,gate,heavy|jets,D,airline,baw,111341,2026-07-01T13:26:41.000Z
EGLL,506,51.47399855,-0.48603563,-90.2,gate,heavy|jets,C,airline,baw,111341,2026-07-01T13:26:41.000Z
EGLL,507,51.47361217,-0.48600715,-90.2,gate,heavy|jets,C,airline,baw,111341,2026-07-01T13:26:41.000Z
EGLL,508,51.47316585,-0.48612395,-90.2,gate,heavy|jets,D,airline,baw,111341,2026-07-01T13:26:41.000Z
EGLL,509,51.47272014,-0.48598984,-90.2,gate,heavy|jets,C,airline,baw,111341,2026-07-01T13:26:41.000Z
EGLL,511,51.47233389,-0.48597012,-90.2,gate,heavy|jets,C,airline,baw,111341,2026-07-01T13:26:41.000Z
EGLL,512,51.47188331,-0.48608883,-90.2,gate,heavy|jets,D,airline,baw,111341,2026-07-01T13:26:41.000Z
EGLL,513,51.47134506,-0.48628415,-90.2,gate,heavy|jets,D,airline,baw,111341,2026-07-01T13:26:41.000Z
EGLL,514,51.47127612,-0.48629349,-90.2,gate,heavy|jets,E,airline,baw,111341,2026-07-01T13:26:41.000Z
EGLL,515,51.47088286,-0.48597826,-90.2,gate,heavy|jets,C,airline,baw,111341,2026-07-01T13:26:41.000Z
EGLL,516,51.47061444,-0.48629335,-90.2,gate,heavy|jets,E,airline,baw,111341,2026-07-01T13:26:41.000Z
EGLL,517,51.47049451,-0.48594218,-90.2,gate,heavy|jets,C,airline,baw,111341,2026-07-01T13:26:41.000Z
EGLL,518,51.4699467,-0.48628304,-90.2,gate,heavy|jets,E,airline,baw,111341,2026-07-01T13:26:41.000Z
EGLL,519,51.46939677,-0.48571081,-0.2,gate,heavy|jets,C,airline,baw,111341,2026-07-01T13:26:41.000Z
EGLL,520,51.469393,-0.486454,-0.2,gate,heavy|jets,C,airline,baw,111341,2026-07-01T13:26:41.000Z
EGLL,521,51.46939195,-0.48713375,-0.2,gate,heavy|jets,C,airline,baw,111341,2026-07-01T13:26:41.000Z
EGLL,522,51.4693923,-0.48785117,-0.2,gate,heavy|jets,C,airline,baw,111341,2026-07-01T13:26:41.000Z
EGLL,523,51.46938583,-0.48857201,-0.2,gate,heavy|jets,C,airline,baw,111341,2026-07-01T13:26:41.000Z
EGLL,524,51.46815237,-0.48879035,-180.0,gate,heavy|jets,C,airline,baw,111341,2026-07-01T13:26:41.000Z
EGLL,525,51.46815485,-0.4881706,178.9,gate,heavy|jets,C,airline,baw,111341,2026-07-01T13:26:41.000Z
EGLL,526,51.4681585,-0.48677259,179.2,gate,heavy|jets,C,airline,baw,111341,2026-07-01T13:26:41.000Z
EGLL,527,51.46821224,-0.48617019,178.9,gate,heavy|jets,C,airline,baw,111341,2026-07-01T13:26:41.000Z
EGLL,531,51.47381956,-0.48193516,90.0,gate,heavy|jets,E,airline,baw,111341,2026-07-01T13:26:41.000Z
EGLL,532,51.47315479,-0.48196042,90.0,gate,heavy|jets,E,airline,baw,111341,2026-07-01T13:26:41.000Z
EGLL,533,51.47248885,-0.48195092,90.0,gate,heavy|jets,E,airline,baw,111341,2026-07-01T13:26:41.000Z
EGLL,534,51.47182445,-0.48195335,90.0,gate,heavy|jets,E,airline,baw,111341,2026-07-01T13:26:41.000Z
EGLL,535,51.47116132,-0.48194716,90.0,gate,heavy|jets,E,airline,baw,111341,2026-07-01T13:26:41.000Z
EGLL,536,51.47049374,-0.48194334,90.0,gate,heavy|jets,E,airline,baw,111341,2026-07-01T13:26:41.000Z
EGLL,537,51.4698292,-0.48193455,90.0,gate,heavy|jets,E,airline,baw,111341,2026-07-01T13:26:41.000Z
EGLL,538,51.46916366,-0.48192009,90.0,gate,heavy|jets,E,airline,baw,111341,2026-07-01T13:26:41.000Z
EGLL,539,51.46849625,-0.48189587,90.0,gate,heavy|jets,E,airline,baw,111341,2026-07-01T13:26:41.000Z
EGLL,541,51.46847366,-0.48052937,-90.2,gate,heavy|jets,E,airline,baw,111341,2026-07-01T13:26:41.000Z
EGLL,542,51.46914658,-0.48052423,-90.2,gate,heavy|jets,E,airline,baw,111341,2026-07-01T13:26:41.000Z
EGLL,543,51.46981122,-0.48052743,-90.2,gate,heavy|jets,E,airline,baw,111341,2026-07-01T13:26:41.000Z
EGLL,544L,51.47037034,-0.48014878,-87.4,gate,heavy|jets,C,airline,baw,111341,2026-07-01T13:26:41.000Z
EGLL,544,51.47054335,-0.48054475,-90.2,gate,heavy|jets,F,airline,baw,111341,2026-07-01T13:26:41.000Z
EGLL,544R,51.47072579,-0.48050776,-90.1,gate,heavy|jets,C,airline,baw,111341,2026-07-01T13:26:41.000Z
EGLL,545L,51.47116786,-0.480152,-86.8,gate,heavy|jets,C,airline,baw,111341,2026-07-01T13:26:41.000Z
EGLL,545R,51.47152538,-0.48055097,-90.5,gate,heavy|jets,C,airline,baw,111341,2026-07-01T13:26:41.000Z
EGLL,545,51.47134313,-0.480514,-90.2,gate,heavy|jets,F,airline,baw,111341,2026-07-01T13:26:41.000Z
EGLL,546L,51.47195283,-0.48015694,-90.2,gate,heavy|jets,C,airline,baw,111341,2026-07-01T13:26:41.000Z
EGLL,546,51.47213857,-0.48056445,-90.2,gate,heavy|jets,F,airline,baw,111341,2026-07-01T13:26:41.000Z
EGLL,546R,51.47233219,-0.48055529,-90.2,gate,heavy|jets,C,airline,baw,111341,2026-07-01T13:26:41.000Z
EGLL,547L,51.47291704,-0.48016158,-87.3,gate,heavy|jets,C,airline,baw,111341,2026-07-01T13:26:41.000Z
EGLL,547,51.47309107,-0.48059275,-90.2,gate,heavy|jets,F,airline,baw,111341,2026-07-01T13:26:41.000Z
EGLL,547R,51.47329798,-0.48038685,-90.2,gate,heavy|jets,C,airline,baw,111341,2026-07-01T13:26:41.000Z
EGLL,548L,51.47380178,-0.48008899,-90.2,gate,heavy|jets,C,airline,baw,111341,2026-07-01T13:26:41.000Z
EGLL,548,51.47398101,-0.48051076,-90.2,gate,heavy|jets,F,airline,baw,111341,2026-07-01T13:26:41.000Z
EGLL,548R,51.47417487,-0.48041611,-90.2,gate,heavy|jets,C,airline,baw,111341,2026-07-01T13:26:41.000Z
EGLL,551,51.46851421,-0.47686845,90.1,gate,heavy|jets,E,airline,baw,111341,2026-07-01T13:26:41.000Z
EGLL,552,51.46918618,-0.47686824,90.1,gate,heavy|jets,E,airline,baw,111341,2026-07-01T13:26:41.000Z
EGLL,553,51.46985087,-0.47688517,90.1,gate,heavy|jets,E,airline,baw,111341,2026-07-01T13:26:41.000Z
EGLL,554,51.4705163,-0.47688626,90.1,gate,heavy|jets,E,airline,baw,111341,2026-07-01T13:26:41.000Z
EGLL,555,51.4712482,-0.47685016,90.1,gate,heavy|jets,F,airline,baw,111341,2026-07-01T13:26:41.000Z
EGLL,556,51.47221467,-0.47684047,90.1,gate,heavy|jets,F,airline,baw,111341,2026-07-01T13:26:41.000Z
EGLL,557,51.47316793,-0.4768571,90.1,gate,heavy|jets,F,airline,baw,111341,2026-07-01T13:26:41.000Z
EGLL,558,51.4739666,-0.47686855,90.1,gate,heavy|jets,F,airline,baw,111341,2026-07-01T13:26:41.000Z
EGLL,561,51.47398008,-0.47533515,-90.2,gate,heavy|jets,F,airline,baw,111341,2026-07-01T13:26:41.000Z
EGLL,562,51.47318123,-0.47533109,-90.2,gate,heavy|jets,F,airline,baw,111341,2026-07-01T13:26:41.000Z
EGLL,563,51.4722463,-0.4753245,-90.2,gate,heavy|jets,F,airline,baw,111341,2026-07-01T13:26:41.000Z
EGLL,564,51.47144535,-0.47532658,-90.2,gate,heavy|jets,F,airline,baw,111341,2026-07-01T13:26:41.000Z
EGLL,565,51.47056004,-0.47532047,-90.2,gate,heavy|jets,F,airline,baw,111341,2026-07-01T13:26:41.000Z
EGLL,566,51.46982818,-0.47525999,-90.2,gate,heavy|jets,E,airline,baw,111341,2026-07-01T13:26:41.000Z
EGLL,567,51.46916296,-0.4752833,-90.2,gate,heavy|jets,E,airline,baw,111341,2026-07-01T13:26:41.000Z
EGLL,568,51.46849209,-0.47525868,-90.2,gate,heavy|jets,E,airline,baw,111341,2026-07-01T13:26:41.000Z
EGLL,572,51.47276575,-0.47176288,89.6,gate,heavy|jets,E,airline,baw,111341,2026-07-01T13:26:41.000Z
EGLL,573,51.472101,-0.47175911,89.6,gate,heavy|jets,E,airline,baw,111341,2026-07-01T13:26:41.000Z
EGLL,575,51.47048811,-0.47164197,89.6,gate,heavy|jets,F,airline,baw,111341,2026-07-01T13:26:41.000Z
EGLL,576,51.46940762,-0.47163347,89.6,gate,heavy|jets,F,airline,baw,111341,2026-07-01T13:26:41.000Z
EGLL,581,51.468476,-0.47195035,0.0,gate,heavy|jets,D,airline,baw,111341,2026-07-01T13:26:41.000Z
EGLL,582,51.46859023,-0.47097476,0.1,gate,heavy|jets,E,airline,baw,111341,2026-07-01T13:26:41.000Z
EGLL,583,51.46859158,-0.46989067,0.0,gate,heavy|jets,E,airline,baw,111341,2026-07-01T13:26:41.000Z
EGLL,590,51.46920145,-0.47024179,-90.0,gate,heavy|jets,E,airline,baw,111341,2026-07-01T13:26:41.000Z
EGLL,591,51.46987917,-0.47026933,-90.0,gate,heavy|jets,E,airline,baw,111341,2026-07-01T13:26:41.000Z
EGLL,592,51.47055335,-0.47027299,-90.0,gate,heavy|jets,E,airline,baw,111341,2026-07-01T13:26:41.000Z
EGLL,594,51.47212916,-0.47044741,-90.0,gate,heavy|jets,F,airline,baw,111341,2026-07-01T13:26:41.000Z
EGLL,595,51.4729293,-0.47053089,-90.0,gate,heavy|jets,F,airline,baw,111341,2026-07-01T13:26:41.000Z
EGLL,596,51.47371688,-0.47061339,269.8,gate,heavy|jets,F,airline,baw,111341,2026-07-01T13:26:41.000Z
EGLL,601,51.46260735,-0.45850978,-0.6,tie_down,heavy|jets|turboprops,E,cargo,,111341,2026-07-01T13:26:41.000Z
EGLL,602,51.46260374,-0.45957819,-0.9,tie_down,heavy|jets|turboprops,E,cargo,,111341,2026-07-01T13:26:41.000Z
EGLL,603,51.46259858,-0.46064437,-0.6,tie_down,heavy|jets|turboprops,E,cargo,,111341,2026-07-01T13:26:41.000Z
EGLL,604,51.46263389,-0.46170914,-0.3,tie_down,heavy|jets|turboprops,E,cargo,,111341,2026-07-01T13:26:41.000Z
EGLL,605,51.46227519,-0.46277525,-180.0,gate,heavy|jets|turboprops,D,cargo,,111341,2026-07-01T13:26:41.000Z
EGLL,606,51.46258281,-0.46385695,-0.7,tie_down,heavy|jets|turboprops,E,cargo,,111341,2026-07-01T13:26:41.000Z
EGLL,607,51.46172317,-0.46494145,-180.0,gate,heavy|jets|turboprops,E,cargo,,111341,2026-07-01T13:26:41.000Z
EGLL,608,51.46170845,-0.46599436,-180.0,gate,heavy|jets|turboprops,E,cargo,,111341,2026-07-01T13:26:41.000Z
EGLL,609,51.4617378,-0.46704537,-180.0,gate,heavy|jets|turboprops,E,cargo,,111341,2026-07-01T13:26:41.000Z
EGLL,611,51.46152122,-0.47136344,89.4,gate,heavy|jets|turboprops,C,none,,111341,2026-07-01T13:26:41.000Z
EGLL,612,51.46101895,-0.47136447,89.3,gate,heavy|jets|turboprops,C,none,,111341,2026-07-01T13:26:41.000Z
EGLL,613,51.4603885,-0.47135914,89.3,gate,heavy|jets|turboprops,C,none,,111341,2026-07-01T13:26:41.000Z
EGLL,614,51.46011149,-0.47404563,-125.1,gate,heavy|jets|turboprops,E,cargo,,111341,2026-07-01T13:26:41.000Z
EGLL,615,51.46095899,-0.47407712,-125.7,gate,heavy|jets|turboprops,E,cargo,,111341,2026-07-01T13:26:41.000Z
EGLL,616,51.46184827,-0.4740672,235.3,gate,heavy|jets|turboprops,E,cargo,,111341,2026-07-01T13:26:41.000Z
EGLL,Maintenance Area,51.47112394,-0.42609328,86.5,gate,heavy|jets,E,airline,,111341,2026-07-01T13:26:41.000Z
EGLL,Maintenance Area,51.47065875,-0.42569213,68.7,gate,heavy|jets,E,airline,,111341,2026-07-01T13:26:41.000Z
EGLL,Maintenance Area,51.47006927,-0.42526217,68.7,gate,heavy|jets,E,airline,,111341,2026-07-01T13:26:41.000Z
EGLL,Maintenance Area,51.4694721,-0.42486514,69.3,gate,heavy|jets,E,airline,,111341,2026-07-01T13:26:41.000Z
EGLL,Maintenance Area,51.47468125,-0.41932506,-98.3,gate,heavy|jets,F,airline,baw,111341,2026-07-01T13:26:41.000Z
EGLL,TA4,51.47533945,-0.42220516,18.4,gate,heavy|jets,E,airline,baw,111341,2026-07-01T13:26:41.000Z
EGLL,TA5,51.47536488,-0.42150151,-15.1,gate,heavy|jets,E,airline,baw,111341,2026-07-01T13:26:41.000Z
EGLL,TA6,51.47563495,-0.42053794,-15.1,gate,heavy|jets,E,airline,baw,111341,2026-07-01T13:26:41.000Z
EGLL,TA3,51.4753174,-0.42390452,-23.7,gate,heavy|jets,E,airline,baw,111341,2026-07-01T13:26:41.000Z
EGLL,TA2,51.47534583,-0.42486368,0.2,gate,heavy|jets,E,airline,baw,111341,2026-07-01T13:26:41.000Z
EGLL,TA1,51.47535367,-0.4256165,35.9,gate,heavy|jets,D,airline,baw,111341,2026-07-01T13:26:41.000Z
EGLL,701,51.47354975,-0.43047841,138.1,gate,heavy|jets,E,airline,baw,111341,2026-07-01T13:26:41.000Z
EGLL,702,51.47402275,-0.42971329,138.1,gate,heavy|jets,E,airline,baw,111341,2026-07-01T13:26:41.000Z
EGLL,TC1,51.47361947,-0.4272899,161.3,gate,heavy|jets,E,airline,baw,111341,2026-07-01T13:26:41.000Z
EGLL,703,51.47387259,-0.42883005,161.3,gate,heavy|jets,E,airline,baw,111341,2026-07-01T13:26:41.000Z
EGLL,TF3,51.46773065,-0.4329652,67.5,gate,heavy|jets,D,airline,,111341,2026-07-01T13:26:41.000Z
EGLL,TF5,51.46887564,-0.43392851,67.7,gate,heavy|jets,D,airline,,111341,2026-07-01T13:26:41.000Z
EGLL,TF4,51.46832777,-0.43337464,67.9,gate,heavy|jets,D,airline,,111341,2026-07-01T13:26:41.000Z
EGLL,TE2,51.47037921,-0.43384164,-179.1,gate,heavy|jets,D,airline,,111341,2026-07-01T13:26:41.000Z
EGLL,TE1,51.47020035,-0.43479321,-179.1,gate,heavy|jets,D,airline,,111341,2026-07-01T13:26:41.000Z
EGLL,Maintenance Area,51.46978549,-0.43197212,-113.2,gate,heavy|jets,D,airline,,111341,2026-07-01T13:26:41.000Z
EGLL,Maintenance Area,51.46916515,-0.43156806,-113.2,gate,heavy|jets,D,airline,,111341,2026-07-01T13:26:41.000Z
EGLL,Maintenance Area,51.46816785,-0.42747001,67.5,gate,heavy|jets,D,airline,,111341,2026-07-01T13:26:41.000Z
EGLL,Maintenance Area,51.46736026,-0.4302036,-135.9,gate,heavy|jets,D,airline,,111341,2026-07-01T13:26:41.000Z
EGLL,Maintenance Area,51.4679081,-0.43074172,-113.2,gate,heavy|jets,D,airline,,111341,2026-07-01T13:26:41.000Z
EGLL,Maintenance Area,51.46849345,-0.43108918,-113.2,gate,heavy|jets,D,airline,,111341,2026-07-01T13:26:41.000Z
EGLL,Maintenance Area,51.46883265,-0.4274337,-148.7,gate,heavy|jets,C,airline,,111341,2026-07-01T13:26:41.000Z
EGLL,Maintenance Area,51.46840239,-0.42716156,-148.7,gate,heavy|jets,C,airline,,111341,2026-07-01T13:26:41.000Z
EGLL,Maintenance Area,51.4693825,-0.42874514,-111.4,gate,heavy|jets,F,airline,,111341,2026-07-01T13:26:41.000Z
EGLL,Maintenance Area,51.47011759,-0.42823022,-175.6,gate,heavy|jets,C,airline,,111341,2026-07-01T13:26:41.000Z
EGLL,Maintenance Area,51.47013286,-0.42878299,134.0,gate,heavy|jets,D,airline,,111341,2026-07-01T13:26:41.000Z
EGLL,Maintenance Area,51.46874865,-0.42791168,69.0,gate,heavy|jets,D,airline,,111341,2026-07-01T13:26:41.000Z
EGLL,Maintenance Area,51.46895694,-0.42474994,69.0,gate,heavy|jets,C,airline,,111341,2026-07-01T13:26:41.000Z
EHAM,P10,52.31290825,4.74441429,272.8,misc,heavy|jets,F,none,,111943,2026-09-09T04:26:11.000Z
EHAM,P12,52.31200402,4.74432784,272.8,misc,heavy|jets,F,none,,111943,2026-09-09T04:26:11.000Z
EHAM,P14,52.31105504,4.74426829,272.8,misc,heavy|jets,F,none,,111943,2026-09-09T04:26:11.000Z
EHAM,P16,52.30986489,4.74416109,272.8,misc,heavy|jets,F,none,,111943,2026-09-09T04:26:11.000Z
EHAM,A31,52.29914039,4.75314015,-121.7,tie_down,jets|turboprops,C,airline,,111943,2026-09-09T04:26:11.000Z
EHAM,A41,52.29977599,4.7548317,58.0,tie_down,jets|turboprops,C,airline,,111943,2026-09-09T04:26:11.000Z
EHAM,A51,52.29997722,4.75540286,-121.5,tie_down,jets|turboprops,C,airline,,111943,2026-09-09T04:26:11.000Z
EHAM,A42,52.30011356,4.75448152,57.7,tie_down,jets|turboprops,C,airline,,111943,2026-09-09T04:26:11.000Z
EHAM,A52,52.30031981,4.75505739,-121.5,tie_down,jets|turboprops,C,airline,,111943,2026-09-09T04:26:11.000Z
EHAM,A32,52.29942448,4.75285466,-121.9,tie_down,jets|turboprops,C,airline,,111943,2026-09-09T04:26:11.000Z
EHAM,A33,52.2997092,4.75256201,-121.9,tie_down,jets|turboprops,C,airline,,111943,2026-09-09T04:26:11.000Z
EHAM,A53,52.30065409,4.75471243,-121.5,tie_down,jets|turboprops,C,airline,,111943,2026-09-09T04:26:11.000Z
EHAM,A34,52.29999068,4.75227222,-121.5,tie_down,jets|turboprops,C,airline,,111943,2026-09-09T04:26:11.000Z
EHAM,A43,52.30045352,4.75413523,57.8,tie_down,jets|turboprops,C,airline,,111943,2026-09-09T04:26:11.000Z
EHAM,A54,52.30099499,4.75436494,-121.5,tie_down,jets|turboprops,C,airline,,111943,2026-09-09T04:26:11.000Z
EHAM,A35,52.30027335,4.75198333,-121.5,tie_down,jets|turboprops,C,airline,,111943,2026-09-09T04:26:11.000Z
EHAM,A44,52.30079125,4.75378753,57.9,tie_down,jets|turboprops,C,airline,,111943,2026-09-09T04:26:11.000Z
EHAM,A55,52.30130422,4.75404778,-121.5,tie_down,jets|turboprops,C,airline,,111943,2026-09-09T04:26:11.000Z
EHAM,A45,52.30110357,4.75346897,58.0,tie_down,jets|turboprops,C,airline,,111943,2026-09-09T04:26:11.000Z
EHAM,A65,52.30201223,4.75567723,58.0,tie_down,jets|turboprops,C,airline,,111943,2026-09-09T04:26:11.000Z
EHAM,A64,52.30164324,4.75600656,58.6,tie_down,jets|turboprops,C,airline,,111943,2026-09-09T04:26:11.000Z
EHAM,A63,52.30130766,4.75636381,58.6,tie_down,jets|turboprops,C,airline,,111943,2026-09-09T04:26:11.000Z
EHAM,A75,52.30190986,4.75633438,-122.1,tie_down,jets|turboprops,C,airline,,111943,2026-09-09T04:26:11.000Z
EHAM,A74,52.30162415,4.75662858,-122.1,tie_down,jets|turboprops,C,airline,,111943,2026-09-09T04:26:11.000Z
EHAM,A73,52.30133911,4.75691419,-122.1,tie_down,jets|turboprops,C,airline,,111943,2026-09-09T04:26:11.000Z
EHAM,A72,52.30105735,4.75720195,-122.1,tie_down,jets|turboprops,C,airline,,111943,2026-09-09T04:26:11.000Z
EHAM,A71,52.30077164,4.75749507,-122.1,tie_down,jets|turboprops,C,airline,,111943,2026-09-09T04:26:11.000Z
EHAM,A62,52.30096353,4.75669283,58.6,tie_down,jets|turboprops,C,airline,,111943,2026-09-09T04:26:11.000Z
EHAM,A61,52.3006292,4.75695708,58.6,tie_down,jets|turboprops,C,airline,,111943,2026-09-09T04:26:11.000Z
EHAM,B15,52.30504255,4.76242894,238.9,gate,jets,C,airline,,111943,2026-09-09T04:26:11.000Z
EHAM,B16,52.30422883,4.76136458,58.5,tie_down,jets,C,airline,,111943,2026-09-09T04:26:11.000Z
EHAM,B17,52.30470257,4.76276321,238.9,gate,jets,C,airline,,111943,2026-09-09T04:26:11.000Z
EHAM,B20,52.30396319,4.7616853,57.9,tie_down,jets,C,airline,,111943,2026-09-09T04:26:11.000Z
EHAM,B23,52.30437378,4.76310626,238.9,gate,jets,C,airline,,111943,2026-09-09T04:26:11.000Z
EHAM,B24,52.30369139,4.76197051,57.3,tie_down,jets,C,airline,,111943,2026-09-09T04:26:11.000Z
EHAM,B27,52.30403788,4.76345504,238.9,gate,jets,C,airline,,111943,2026-09-09T04:26:11.000Z
EHAM,B28,52.30341578,4.76224426,58.5,tie_down,jets,C,airline,,111943,2026-09-09T04:26:11.000Z
EHAM,B31,52.30369812,4.76379879,238.9,gate,jets,C,airline,,111943,2026-09-09T04:26:11.000Z
EHAM,B32,52.30314533,4.76252006,58.5,tie_down,jets,C,airline,,111943,2026-09-09T04:26:11.000Z
EHAM,B35,52.30336514,4.76415618,-123.4,gate,jets,C,airline,,111943,2026-09-09T04:26:11.000Z
EHAM,B95,52.30335397,4.76015319,237.8,tie_down,jets|turboprops,C,airline,,111943,2026-09-09T04:26:11.000Z
EHAM,B94,52.30307227,4.76044928,237.8,tie_down,jets|turboprops,C,airline,,111943,2026-09-09T04:26:11.000Z
EHAM,B93,52.30279038,4.76073665,237.8,tie_down,jets|turboprops,C,airline,,111943,2026-09-09T04:26:11.000Z
EHAM,B92,52.30250456,4.76102127,237.8,tie_down,jets|turboprops,C,airline,,111943,2026-09-09T04:26:11.000Z
EHAM,B91,52.30221884,4.76131101,237.8,tie_down,jets|turboprops,C,airline,,111943,2026-09-09T04:26:11.000Z
EHAM,B36,52.30285444,4.76279451,57.4,tie_down,jets,C,airline,,111943,2026-09-09T04:26:11.000Z
EHAM,C5,52.30660858,4.76570605,248.0,gate,heavy|jets,D,airline,,111943,2026-09-09T04:26:11.000Z
EHAM,C6,52.3057566,4.76496819,58.6,gate,jets,C,airline,,111943,2026-09-09T04:26:11.000Z
EHAM,C7,52.30616779,4.7661373,-121.9,gate,heavy|jets,D,airline,,111943,2026-09-09T04:26:11.000Z
EHAM,C8,52.30548557,4.76545355,58.6,gate,jets,C,airline,,111943,2026-09-09T04:26:11.000Z
EHAM,C9,52.30566521,4.76684329,-144.4,gate,heavy|jets,D,airline,,111943,2026-09-09T04:26:11.000Z
EHAM,C10,52.30514682,4.76569793,58.6,gate,jets,C,airline,,111943,2026-09-09T04:26:11.000Z
EHAM,C11,52.30545545,4.76794073,-65.6,gate,heavy|jets,D,airline,,111943,2026-09-09T04:26:11.000Z
EHAM,C12,52.30476092,4.76589571,58.6,gate,jets,C,airline,,111943,2026-09-09T04:26:11.000Z
EHAM,C13,52.30509875,4.76793195,-45.1,gate,jets,C,airline,,111943,2026-09-09T04:26:11.000Z
EHAM,C14,52.30439411,4.76613797,58.6,gate,jets,C,airline,,111943,2026-09-09T04:26:11.000Z
EHAM,C15,52.30480316,4.76756773,-36.6,gate,jets,C,airline,,111943,2026-09-09T04:26:11.000Z
EHAM,C16,52.30438257,4.76670796,29.4,gate,jets,C,airline,,111943,2026-09-09T04:26:11.000Z
EHAM,C18,52.3046627,4.76703737,336.0,gate,jets,C,airline,,111943,2026-09-09T04:26:11.000Z
EHAM,D2,52.30818873,4.76623541,-5.7,gate,heavy|jets,D,airline,klm,111943,2026-09-09T04:26:11.000Z
EHAM,D3,52.30902384,4.76626606,-176.1,gate,heavy|jets,D,airline,klm,111943,2026-09-09T04:26:11.000Z
EHAM,D4,52.30815673,4.76728987,-8.9,gate,heavy|jets,D,airline,klm,111943,2026-09-09T04:26:11.000Z
EHAM,D5,52.30905165,4.7670951,-176.1,gate,jets,C,airline,klm,111943,2026-09-09T04:26:11.000Z
EHAM,D7,52.30893779,4.76789099,-176.1,gate,heavy|jets,D,airline,klm,111943,2026-09-09T04:26:11.000Z
EHAM,D10,52.30796264,4.76882624,42.5,gate,heavy|jets,D,airline,klm,111943,2026-09-09T04:26:11.000Z
EHAM,D12,52.30748653,4.76924833,46.7,gate,heavy|jets,D,airline,klm,111943,2026-09-09T04:26:11.000Z
EHAM,D14,52.30721613,4.76965777,26.4,gate,jets,C,airline,klm,111943,2026-09-09T04:26:11.000Z
EHAM,D16,52.3071998,4.77026275,2.7,gate,jets,C,airline,klm,111943,2026-09-09T04:26:11.000Z
EHAM,D18,52.30718876,4.77088371,2.7,gate,jets,C,airline,klm,111943,2026-09-09T04:26:11.000Z
EHAM,D22,52.30715884,4.7715303,2.7,gate,jets,C,airline,klm,111943,2026-09-09T04:26:11.000Z
EHAM,D23,52.30780176,4.77098208,-177.8,gate,heavy|jets,C,airline,,111943,2026-09-09T04:26:11.000Z
EHAM,D24,52.30713411,4.77213299,4.0,gate,jets,C,airline,klm,111943,2026-09-09T04:26:11.000Z
EHAM,D25,52.30777879,4.77161513,183.0,gate,heavy|jets,C,airline,,111943,2026-09-09T04:26:11.000Z
EHAM,D26,52.30715034,4.7727945,2.7,gate,jets,C,airline,klm,111943,2026-09-09T04:26:11.000Z
EHAM,D27,52.30775497,4.77225388,183.0,gate,heavy|jets,C,airline,klm,111943,2026-09-09T04:26:11.000Z
EHAM,D28,52.30712501,4.77343265,2.7,gate,jets,C,airline,klm,111943,2026-09-09T04:26:11.000Z
EHAM,D29,52.30772092,4.77287444,183.0,gate,heavy|jets,C,airline,klm,111943,2026-09-09T04:26:11.000Z
EHAM,D31,52.30771073,4.77351853,183.0,gate,heavy|jets,C,airline,klm,111943,2026-09-09T04:26:11.000Z
EHAM,D41,52.30918662,4.76894212,136.2,gate,jets,C,airline,klm,111943,2026-09-09T04:26:11.000Z
EHAM,D43,52.30961221,4.76946489,135.4,gate,jets,C,airline,klm,111943,2026-09-09T04:26:11.000Z
EHAM,D44,52.30909095,4.77108989,2.0,gate,heavy|jets,C,airline,klm,111943,2026-09-09T04:26:11.000Z
EHAM,D47,52.30995394,4.77017262,177.9,gate,heavy|jets,D,airline,klm,111943,2026-09-09T04:26:11.000Z
EHAM,D48,52.3090848,4.77172506,2.0,gate,heavy|jets,C,airline,klm,111943,2026-09-09T04:26:11.000Z
EHAM,D49,52.30992705,4.7711346,184.4,gate,heavy|jets,D,airline,klm,111943,2026-09-09T04:26:11.000Z
EHAM,D51,52.3099297,4.77173965,-177.1,gate,jets,C,airline,klm,111943,2026-09-09T04:26:11.000Z
EHAM,D52,52.30904653,4.77236555,2.0,gate,heavy|jets,C,airline,klm,111943,2026-09-09T04:26:11.000Z
EHAM,D53,52.30989132,4.77233216,184.4,gate,heavy|jets,D,airline,klm,111943,2026-09-09T04:26:11.000Z
EHAM,D54,52.30902127,4.77299638,2.0,gate,heavy|jets,C,airline,klm,111943,2026-09-09T04:26:11.000Z
EHAM,D55,52.30989683,4.77308334,184.4,gate,jets,C,airline,klm,111943,2026-09-09T04:26:11.000Z
EHAM,D56,52.30900563,4.77362852,2.0,gate,heavy|jets,C,airline,klm,111943,2026-09-09T04:26:11.000Z
EHAM,D57,52.30979698,4.77354946,184.4,gate,heavy|jets,D,airline,klm,111943,2026-09-09T04:26:11.000Z
EHAM,D88,52.31162328,4.77068569,2.5,tie_down,jets|turboprops,C,airline,,111943,2026-09-09T04:26:11.000Z
EHAM,D92,52.31156504,4.77198325,2.5,tie_down,jets|turboprops,C,airline,,111943,2026-09-09T04:26:11.000Z
EHAM,D93,52.3115594,4.77263238,2.5,tie_down,jets|turboprops,C,airline,,111943,2026-09-09T04:26:11.000Z
EHAM,D94,52.31153432,4.77327071,2.5,tie_down,jets|turboprops,C,airline,,111943,2026-09-09T04:26:11.000Z
EHAM,D95,52.31150988,4.77390923,2.5,tie_down,jets|turboprops,C,airline,,111943,2026-09-09T04:26:11.000Z
EHAM,D90,52.31160846,4.77133561,2.5,tie_down,jets|turboprops,C,airline,,111943,2026-09-09T04:26:11.000Z
EHAM,E2,52.31039712,4.76580203,-58.6,gate,heavy|jets,D,airline,,111943,2026-09-09T04:26:11.000Z
EHAM,E3,52.31083239,4.76492439,123.8,gate,heavy,E,airline,,111943,2026-09-09T04:26:11.000Z
EHAM,E4,52.31066079,4.76672881,-58.6,gate,heavy|jets,D,airline,,111943,2026-09-09T04:26:11.000Z
EHAM,E5,52.31133918,4.76545073,123.8,gate,heavy,E,airline,,111943,2026-09-09T04:26:11.000Z
EHAM,E6,52.31122011,4.76697528,-58.6,gate,heavy,E,airline,,111943,2026-09-09T04:26:11.000Z
EHAM,E7,52.3119422,4.76590158,123.8,gate,heavy,E,airline,,111943,2026-09-09T04:26:11.000Z
EHAM,E8,52.31174321,4.76756498,-58.6,gate,heavy,E,airline,,111943,2026-09-09T04:26:11.000Z
EHAM,E9,52.31253768,4.76635513,123.7,gate,heavy,E,airline,,111943,2026-09-09T04:26:11.000Z
EHAM,E17,52.31308535,4.76694304,123.4,gate,heavy,E,airline,,111943,2026-09-09T04:26:11.000Z
EHAM,E18,52.31232491,4.76826957,302.8,gate,heavy,E,airline,,111943,2026-09-09T04:26:11.000Z
EHAM,E19,52.31367214,4.76765258,123.8,gate,heavy,E,airline,,111943,2026-09-09T04:26:11.000Z
EHAM,E20,52.31299149,4.76886087,302.8,gate,heavy,E,airline,,111943,2026-09-09T04:26:11.000Z
EHAM,E22,52.31356061,4.76946151,302.8,gate,heavy,E,airline,,111943,2026-09-09T04:26:11.000Z
EHAM,E24,52.31410727,4.77003744,302.8,gate,heavy,E,airline,,111943,2026-09-09T04:26:11.000Z
EHAM,E72,52.31206833,4.77161891,-177.6,tie_down,heavy,E,airline,,111943,2026-09-09T04:26:11.000Z
EHAM,E75,52.31196683,4.77270028,-177.6,tie_down,heavy,E,airline,,111943,2026-09-09T04:26:11.000Z
EHAM,E77,52.31194293,4.77374889,-177.6,tie_down,heavy,E,airline,,111943,2026-09-09T04:26:11.000Z
EHAM,F3,52.31202878,4.76112338,84.1,gate,heavy,E,airline,,111943,2026-09-09T04:26:11.000Z
EHAM,F4,52.31229372,4.76274579,-92.8,gate,heavy,E,airline,,111943,2026-09-09T04:26:11.000Z
EHAM,F5,52.31268676,4.76085973,110.5,gate,heavy,E,airline,,111943,2026-09-09T04:26:11.000Z
EHAM,F6,52.3129616,4.76285252,253.9,gate,heavy,E,airline,,111943,2026-09-09T04:26:11.000Z
EHAM,F7,52.3134289,4.76076564,147.2,gate,heavy,E,airline,,111943,2026-09-09T04:26:11.000Z
EHAM,F8,52.31349793,4.76264642,-154.4,gate,heavy,E,airline,,111943,2026-09-09T04:26:11.000Z
EHAM,F9,52.31349673,4.76172543,178.0,gate,heavy,E,airline,,111943,2026-09-09T04:26:11.000Z
EHAM,G2,52.31183803,4.75794358,-93.4,gate,heavy|jets,C,airline,,111943,2026-09-09T04:26:11.000Z
EHAM,G3,52.31157289,4.75634599,86.4,gate,heavy,E,airline,,111943,2026-09-09T04:26:11.000Z
EHAM,G4,52.31232673,4.75785357,-93.4,gate,heavy,E,airline,,111943,2026-09-09T04:26:11.000Z
EHAM,G79,52.31339391,4.75280603,-93.2,tie_down,heavy,E,airline,,111943,2026-09-09T04:26:11.000Z
EHAM,G76,52.3127443,4.75291127,-93.2,tie_down,heavy,E,airline,,111943,2026-09-09T04:26:11.000Z
EHAM,G71,52.31153953,4.75338519,-92.9,tie_down,jets,C,airline,,111943,2026-09-09T04:26:11.000Z
EHAM,G73,52.31209008,4.75301463,-92.7,tie_down,heavy,E,airline,,111943,2026-09-09T04:26:11.000Z
EHAM,G5,52.3122184,4.75628345,86.4,gate,heavy,E,airline,,111943,2026-09-09T04:26:11.000Z
EHAM,G6,52.31297714,4.75779378,-93.4,gate,heavy,E,airline,,111943,2026-09-09T04:26:11.000Z
EHAM,G7,52.31286568,4.75617903,86.4,gate,heavy,E,airline,,111943,2026-09-09T04:26:11.000Z
EHAM,G8,52.31361947,4.75772217,-93.4,gate,heavy,E,airline,,111943,2026-09-09T04:26:11.000Z
EHAM,G9,52.31355556,4.75620526,86.4,gate,heavy,F,airline,,111943,2026-09-09T04:26:11.000Z
EHAM,H7,52.30937627,4.75250835,147.7,tie_down,jets|turboprops,C,airline,ezy ryr,111943,2026-09-09T04:26:11.000Z
EHAM,H6,52.30958711,4.75304935,146.9,tie_down,jets|turboprops,C,airline,ezy ryr,111943,2026-09-09T04:26:11.000Z
EHAM,H5,52.30979499,4.75358278,146.9,tie_down,jets|turboprops,C,airline,ezy ryr,111943,2026-09-09T04:26:11.000Z
EHAM,H4,52.31000721,4.75412734,146.9,tie_down,jets|turboprops,C,airline,ezy ryr,111943,2026-09-09T04:26:11.000Z
EHAM,H3,52.31021655,4.75466451,146.9,tie_down,jets|turboprops,C,airline,ezy ryr,111943,2026-09-09T04:26:11.000Z
EHAM,H1,52.31063192,4.75573031,146.9,tie_down,jets|turboprops,C,airline,ezy ryr,111943,2026-09-09T04:26:11.000Z
EHAM,H2,52.31042077,4.75518853,146.9,tie_down,jets|turboprops,C,airline,ezy ryr,111943,2026-09-09T04:26:11.000Z
EHAM,K11,52.31087722,4.80319257,132.8,tie_down,jets|turboprops|props,B,general_aviation,,111943,2026-09-09T04:26:11.000Z
EHAM,K12,52.31107703,4.80349016,131.8,tie_down,jets|turboprops|props,B,general_aviation,,111943,2026-09-09T04:26:11.000Z
EHAM,K13,52.31127528,4.80376963,132.0,tie_down,jets|turboprops|props,B,general_aviation,,111943,2026-09-09T04:26:11.000Z
EHAM,K14,52.31148404,4.80405346,132.0,tie_down,jets|turboprops|props,B,general_aviation,,111943,2026-09-09T04:26:11.000Z
EHAM,K15,52.31168749,4.80433933,132.0,tie_down,jets|turboprops|props,B,general_aviation,,111943,2026-09-09T04:26:11.000Z
EHAM,K16,52.31188812,4.80463886,132.0,tie_down,jets|turboprops|props,B,general_aviation,,111943,2026-09-09T04:26:11.000Z
EHAM,K20,52.31061906,4.8038166,-50.0,tie_down,jets|turboprops|props,B,general_aviation,,111943,2026-09-09T04:26:11.000Z
EHAM,K21,52.31077835,4.80403594,310.9,tie_down,jets|turboprops|props,B,general_aviation,,111943,2026-09-09T04:26:11.000Z
EHAM,K22,52.31095135,4.80425348,311.0,tie_down,jets|turboprops|props,B,general_aviation,,111943,2026-09-09T04:26:11.000Z
EHAM,K23,52.31102031,4.8046188,491.0,tie_down,jets|turboprops|props,B,general_aviation,,111943,2026-09-09T04:26:11.000Z
EHAM,K24,52.31126864,4.80469,311.0,tie_down,jets|turboprops|props,B,general_aviation,,111943,2026-09-09T04:26:11.000Z
EHAM,K25,52.31142407,4.80491766,311.0,tie_down,jets|turboprops|props,B,general_aviation,,111943,2026-09-09T04:26:11.000Z
EHAM,K26,52.31158012,4.80515581,311.0,tie_down,jets|turboprops|props,B,general_aviation,,111943,2026-09-09T04:26:11.000Z
EHAM,K28,52.31188991,4.80560141,311.0,tie_down,jets|turboprops|props,B,general_aviation,,111943,2026-09-09T04:26:11.000Z
EHAM,K27,52.31174057,4.80538317,311.0,tie_down,jets|turboprops|props,B,general_aviation,,111943,2026-09-09T04:26:11.000Z
EHAM,K35,52.31025712,4.80481293,132.0,tie_down,jets|turboprops,C,general_aviation,,111943,2026-09-09T04:26:11.000Z
EHAM,K36,52.31061523,4.80530085,132.0,tie_down,jets|turboprops,C,general_aviation,,111943,2026-09-09T04:26:11.000Z
EHAM,K37,52.31095412,4.80578654,132.0,tie_down,jets|turboprops,C,general_aviation,,111943,2026-09-09T04:26:11.000Z
EHAM,K38,52.31129412,4.80626177,132.0,tie_down,jets|turboprops,C,general_aviation,,111943,2026-09-09T04:26:11.000Z
EHAM,K74,52.31146045,4.80822782,311.0,tie_down,jets|turboprops,C,general_aviation,,111943,2026-09-09T04:26:11.000Z
EHAM,K73,52.31119535,4.80787305,311.0,tie_down,jets|turboprops,C,general_aviation,,111943,2026-09-09T04:26:11.000Z
EHAM,K72,52.31093308,4.80750435,311.0,tie_down,jets|turboprops,C,general_aviation,,111943,2026-09-09T04:26:11.000Z
EHAM,K71,52.31065805,4.80710552,311.0,tie_down,jets|turboprops,C,general_aviation,,111943,2026-09-09T04:26:11.000Z
EHAM,M62,52.30020898,4.78879366,132.6,tie_down,heavy|jets,E,cargo,,111943,2026-09-09T04:26:11.000Z
EHAM,M66,52.30071049,4.78948326,132.6,tie_down,heavy|jets,E,cargo,,111943,2026-09-09T04:26:11.000Z
EHAM,M70,52.30116745,4.79020819,132.6,tie_down,heavy|jets,E,cargo,,111943,2026-09-09T04:26:11.000Z
EHAM,M74,52.30163397,4.79091917,132.6,tie_down,heavy|jets,E,cargo,,111943,2026-09-09T04:26:11.000Z
EHAM,M77,52.30215728,4.79162203,132.6,tie_down,heavy|jets,D,cargo,,111943,2026-09-09T04:26:11.000Z
EHAM,M79,52.30250397,4.79211388,132.6,tie_down,heavy|jets,D,cargo,,111943,2026-09-09T04:26:11.000Z
EHAM,R72,52.29449913,4.7415007,325.7,tie_down,heavy|jets,E,cargo,,111943,2026-09-09T04:26:11.000Z
EHAM,R74,52.29491063,4.74259578,325.7,tie_down,heavy|jets,E,cargo,,111943,2026-09-09T04:26:11.000Z
EHAM,R77,52.29533963,4.74366939,325.7,tie_down,heavy|jets,E,cargo,,111943,2026-09-09T04:26:11.000Z
EHAM,R80,52.29584744,4.74505077,325.7,tie_down,heavy|jets,E,cargo,,111943,2026-09-09T04:26:11.000Z
EHAM,R81,52.2961994,4.74599556,325.7,tie_down,heavy|jets,E,cargo,,111943,2026-09-09T04:26:11.000Z
EHAM,R82,52.2965356,4.746906,325.7,tie_down,heavy|jets,E,cargo,,111943,2026-09-09T04:26:11.000Z
EHAM,P21,52.29648449,4.74830808,148.0,tie_down,heavy|jets,D,cargo,,111943,2026-09-09T04:26:11.000Z
EHAM,P22,52.29689828,4.74939129,148.8,tie_down,heavy|jets,D,cargo,,111943,2026-09-09T04:26:11.000Z
EHAM,S64,52.29040592,4.75028206,148.6,tie_down,heavy|jets,E,cargo,,111943,2026-09-09T04:26:11.000Z
EHAM,S63,52.28999331,4.74918622,148.0,tie_down,heavy|jets,E,cargo,,111943,2026-09-09T04:26:11.000Z
EHAM,S62,52.28958691,4.74811811,148.0,tie_down,heavy|jets,E,cargo,,111943,2026-09-09T04:26:11.000Z
EHAM,S61,52.28917719,4.747057,148.0,tie_down,heavy|jets,E,cargo,,111943,2026-09-09T04:26:11.000Z
EHAM,S65,52.2908233,4.75138417,148.6,tie_down,heavy|jets,E,cargo,,111943,2026-09-09T04:26:11.000Z
EHAM,S66,52.29139952,4.75289261,148.6,tie_down,heavy|jets,E,cargo,,111943,2026-09-09T04:26:11.000Z
EHAM,S67,52.29181499,4.75398894,148.6,tie_down,heavy|jets,E,cargo,,111943,2026-09-09T04:26:11.000Z
EHAM,S68,52.2922602,4.75506324,148.6,tie_down,heavy|jets,E,cargo,,111943,2026-09-09T04:26:11.000Z
EHAM,S69,52.29265314,4.75614196,148.6,tie_down,heavy|jets,E,cargo,,111943,2026-09-09T04:26:11.000Z
EHAM,S72,52.29377091,4.75946936,148.6,tie_down,heavy|jets,E,cargo,,111943,2026-09-09T04:26:11.000Z
EHAM,S74,52.29414665,4.76044157,148.6,tie_down,heavy|jets,E,cargo,,111943,2026-09-09T04:26:11.000Z
EHAM,S77,52.29451145,4.76141975,148.6,tie_down,heavy|jets,E,cargo,,111943,2026-09-09T04:26:11.000Z
EHAM,S79,52.2948872,4.76237407,148.6,tie_down,heavy|jets,E,cargo,,111943,2026-09-09T04:26:11.000Z
EHAM,S82,52.29522646,4.7633463,148.6,tie_down,heavy|jets,E,cargo,,111943,2026-09-09T04:26:11.000Z
EHAM,S84,52.2956368,4.76429172,148.6,tie_down,heavy|jets,E,cargo,,111943,2026-09-09T04:26:11.000Z
EHAM,S87,52.296005,4.76525425,148.6,tie_down,heavy|jets,E,cargo,,111943,2026-09-09T04:26:11.000Z
EHAM,S90,52.29639031,4.76617799,148.6,tie_down,heavy|jets,E,cargo,,111943,2026-09-09T04:26:11.000Z
EHAM,S92,52.29674459,4.76716743,148.6,tie_down,heavy|jets,E,cargo,,111943,2026-09-09T04:26:11.000Z
EHAM,S94,52.29712414,4.7681105,148.6,tie_down,heavy|jets,E,cargo,,111943,2026-09-09T04:26:11.000Z
EHAM,S96,52.29749068,4.76906094,148.6,tie_down,heavy|jets,E,cargo,,111943,2026-09-09T04:26:11.000Z
EHAM,U19,52.32215837,4.7469241,138.6,tie_down,heavy,F,airline,,111943,2026-09-09T04:26:11.000Z
EHAM,U21,52.32434485,4.7471408,48.0,tie_down,heavy,F,airline,,111943,2026-09-09T04:26:11.000Z
EHAM,U28,52.32517664,4.74721282,138.3,tie_down,heavy,F,airline,,111943,2026-09-09T04:26:11.000Z
EHAM,U30,52.32736483,4.74741864,48.1,tie_down,heavy,F,airline,,111943,2026-09-09T04:26:11.000Z
EHAM,Y73,52.30479607,4.74421205,91.6,tie_down,heavy,E,cargo,,111943,2026-09-09T04:26:11.000Z
EHAM,Y72,52.3054575,4.74413965,93.2,tie_down,heavy,E,cargo,,111943,2026-09-09T04:26:11.000Z
EHAM,Y71,52.30611864,4.74441597,92.6,tie_down,heavy,E,cargo,,111943,2026-09-09T04:26:11.000Z
EHAM,Hangar 14,52.30734453,4.79774242,-48.0,tie_down,heavy,F,none,,111943,2026-09-09T04:26:11.000Z
EHAM,H Police 1,52.31426124,4.80663388,-141.0,tie_down,helos,A,military,,111943,2026-09-09T04:26:11.000Z
EHAM,H Police 2,52.31431605,4.80699121,-139.4,tie_down,helos,A,military,,111943,2026-09-09T04:26:11.000Z
EHAM,H Police 3,52.3141481,4.80729211,-138.4,tie_down,helos,A,military,,111943,2026-09-09T04:26:11.000Z
EHAM,KLM Cityhopper,52.29331746,4.7819911,93.5,tie_down,jets,B,airline,klm,111943,2026-09-09T04:26:11.000Z
EHAM,KLM Cityhopper,52.29361579,4.78201556,94.2,tie_down,jets,B,airline,klm,111943,2026-09-09T04:26:11.000Z
EHAM,KLM Cityhopper,52.29391036,4.78203954,93.3,tie_down,jets,B,airline,klm,111943,2026-09-09T04:26:11.000Z
EHAM,KLM Cityhopper,52.29420603,4.78206891,93.4,tie_down,jets,B,airline,klm,111943,2026-09-09T04:26:11.000Z
EHAM,KLM Cityhopper,52.29450596,4.78209248,92.7,tie_down,jets,B,airline,klm,111943,2026-09-09T04:26:11.000Z
EHAM,KLM Cityhopper,52.29476759,4.78211515,123.2,tie_down,jets,B,airline,klm,111943,2026-09-09T04:26:11.000Z
EHAM,J81,52.31299754,4.74774846,92.1,tie_down,heavy|jets,E,airline,,111943,2026-09-09T04:26:11.000Z
EHAM,J83,52.31224795,4.74768761,93.6,tie_down,heavy|jets,E,airline,,111943,2026-09-09T04:26:11.000Z
EHAM,J84,52.31158058,4.74761766,93.6,tie_down,heavy|jets,E,airline,,111943,2026-09-09T04:26:11.000Z
EHAM,J85,52.31094708,4.74755672,91.5,tie_down,heavy|jets,E,airline,,111943,2026-09-09T04:26:11.000Z
EHAM,J86,52.31030385,4.74748365,91.5,tie_down,heavy|jets,E,airline,,111943,2026-09-09T04:26:11.000Z
EHAM,J87,52.30966402,4.74742994,91.5,tie_down,heavy|jets,E,airline,,111943,2026-09-09T04:26:11.000Z
EHAM,Run Up Area,52.31528522,4.79843699,232.4,misc,turboprops|props,D,none,,111943,2026-09-09T04:26:11.000Z
EHAM,P3,52.31479956,4.77361168,40.2,misc,heavy|jets,D,none,,111943,2026-09-09T04:26:11.000Z
EHAM,P2,52.31458699,4.77457713,39.7,misc,heavy|jets,F,none,,111943,2026-09-09T04:26:11.000Z
EHAM,P1,52.31407639,4.77500979,39.7,misc,heavy|jets,D,none,,111943,2026-09-09T04:26:11.000Z
LEBL,Ramp 175,41.29685631,2.06059816,65.6,tie_down,jets,C,cargo,,102255,2024-05-13T18:38:55.000Z
LEBL,Ramp 157A,41.29785985,2.06330209,65.3,tie_down,jets,C,cargo,,102255,2024-05-13T18:38:55.000Z
LEBL,Ramp 161,41.29583127,2.06259698,-114.6,tie_down,jets,C,cargo,,102255,2024-05-13T18:38:55.000Z
LEBL,Ramp 181,41.29484566,2.06002363,-114.6,tie_down,jets,C,cargo,,102255,2024-05-13T18:38:55.000Z
LEBL,Ramp 174,41.29651999,2.06080047,65.7,tie_down,jets,C,cargo,,102255,2024-05-13T18:38:55.000Z
LEBL,Ramp 156A,41.2974981,2.06352068,65.3,tie_down,jets,C,cargo,,102255,2024-05-13T18:38:55.000Z
LEBL,Ramp 162,41.2962659,2.06233275,-114.5,tie_down,jets,C,cargo,,102255,2024-05-13T18:38:55.000Z
LEBL,Ramp 182,41.29520555,2.05980638,-114.5,tie_down,jets,C,cargo,,102255,2024-05-13T18:38:55.000Z
LEBL,Ramp 173,41.2961841,2.06100254,65.5,tie_down,jets,C,cargo,,102255,2024-05-13T18:38:55.000Z
LEBL,Ramp 155A,41.29713806,2.06373815,65.3,tie_down,jets,C,cargo,,102255,2024-05-13T18:38:55.000Z
LEBL,Ramp 163,41.29666024,2.06209538,-114.7,tie_down,jets,C,cargo,,102255,2024-05-13T18:38:55.000Z
LEBL,Ramp 183,41.29556556,2.05958909,-114.7,tie_down,jets,C,cargo,,102255,2024-05-13T18:38:55.000Z
LEBL,Ramp 172,41.29582422,2.06121908,65.6,tie_down,jets,C,cargo,,102255,2024-05-13T18:38:55.000Z
LEBL,Ramp 154A,41.29677695,2.06395631,65.3,tie_down,jets,C,cargo,,102255,2024-05-13T18:38:55.000Z
LEBL,Ramp 164,41.29703698,2.06186949,-114.6,tie_down,jets,C,cargo,,102255,2024-05-13T18:38:55.000Z
LEBL,Ramp 184,41.2959252,2.05937201,-114.6,tie_down,jets,C,cargo,,102255,2024-05-13T18:38:55.000Z
LEBL,Ramp 171,41.29546372,2.06143596,65.6,tie_down,jets,C,cargo,,102255,2024-05-13T18:38:55.000Z
LEBL,Ramp 153A,41.29641733,2.06417356,65.3,tie_down,jets,C,cargo,,102255,2024-05-13T18:38:55.000Z
LEBL,Ramp 165,41.29741299,2.06164244,-114.6,tie_down,jets,C,cargo,,102255,2024-05-13T18:38:55.000Z
LEBL,Ramp 185,41.29628588,2.05915433,-114.6,tie_down,jets,C,cargo,,102255,2024-05-13T18:38:55.000Z
LEBL,Gate 224,41.29041772,2.07693556,155.5,gate,heavy,D,airline,,102255,2024-05-13T18:38:55.000Z
LEBL,Gate 226,41.29065494,2.07751553,155.0,gate,heavy,D,airline,,102255,2024-05-13T18:38:55.000Z
LEBL,Gate 228,41.2909005,2.07803294,155.1,gate,jets,C,none,,102255,2024-05-13T18:38:55.000Z
LEBL,Gate 230,41.29106584,2.07852465,155.7,gate,jets,C,airline,,102255,2024-05-13T18:38:55.000Z
LEBL,Gate 232,41.29124345,2.07903138,155.1,gate,jets,C,airline,,102255,2024-05-13T18:38:55.000Z
LEBL,Gate 234,41.29141045,2.0795269,155.2,gate,jets,C,airline,,102255,2024-05-13T18:38:55.000Z
LEBL,Gate 236,41.29164698,2.08020954,155.1,gate,jets,C,airline,,102255,2024-05-13T18:38:55.000Z
LEBL,Gate 238,41.29181828,2.08072117,155.4,gate,jets,C,airline,,102255,2024-05-13T18:38:55.000Z
LEBL,Gate 240,41.2919888,2.08122641,155.8,gate,jets,C,airline,,102255,2024-05-13T18:38:55.000Z
LEBL,Gate 246,41.29237051,2.08243321,-134.3,gate,jets,C,none,,102255,2024-05-13T18:38:55.000Z
LEBL,Gate 242,41.29216304,2.08158119,-177.1,gate,jets,C,airline,,102255,2024-05-13T18:38:55.000Z
LEBL,Gate 244,41.2923,2.08208056,-177.1,gate,jets,D,none,,102255,2024-05-13T18:38:55.000Z
LEBL,Gate 258,41.29041155,2.08044695,335.5,gate,jets,C,airline,,102255,2024-05-13T18:38:55.000Z
LEBL,Gate 270,41.28906338,2.07650376,-74.7,gate,heavy,E,airline,,102255,2024-05-13T18:38:55.000Z
LEBL,Gate 273,41.28810729,2.07685841,243.0,gate,heavy,E,none,,102255,2024-05-13T18:38:55.000Z
LEBL,Gate 277,41.28767519,2.07735137,-59.8,gate,heavy,E,airline,,102255,2024-05-13T18:38:55.000Z
LEBL,Ramp 300,41.292881,2.07667323,-144.8,tie_down,heavy|jets|turboprops|props,D,airline,,102255,2024-05-13T18:38:55.000Z
LEBL,Ramp 334,41.29373409,2.0812167,65.3,tie_down,jets|turboprops|props,C,airline,,102255,2024-05-13T18:38:55.000Z
LEBL,Ramp 314,41.2928667,2.07867347,65.6,tie_down,jets|turboprops|props,C,airline,,102255,2024-05-13T18:38:55.000Z
LEBL,Ramp 302,41.29227588,2.07751063,103.1,tie_down,heavy|jets|turboprops|props,D,airline,,102255,2024-05-13T18:38:55.000Z
LEBL,Ramp 332,41.2941833,2.0809499,65.4,tie_down,jets|turboprops|props,C,airline,,102255,2024-05-13T18:38:55.000Z
LEBL,Ramp 312,41.29330717,2.07841255,65.8,tie_down,jets|turboprops|props,C,airline,,102255,2024-05-13T18:38:55.000Z
LEBL,Ramp 320,41.29396404,2.07916747,-114.4,tie_down,jets|turboprops|props,C,airline,,102255,2024-05-13T18:38:55.000Z
LEBL,Ramp 330,41.29452314,2.08080599,65.4,tie_down,jets|turboprops|props,C,airline,,102255,2024-05-13T18:38:55.000Z
LEBL,Ramp 310,41.29364383,2.07824005,65.5,tie_down,jets|turboprops|props,C,airline,,102255,2024-05-13T18:38:55.000Z
LEBL,Ramp 322,41.29365555,2.07941082,-114.3,tie_down,jets|turboprops|props,C,airline,,102255,2024-05-13T18:38:55.000Z
LEBL,Ramp 340,41.29485966,2.08163458,-73.5,tie_down,heavy|jets|turboprops|props|helos,E,airline,,102255,2024-05-13T18:38:55.000Z
LEBL,Ramp 342,41.29400659,2.0822505,-114.3,tie_down,jets|turboprops|props|helos,C,airline,,102255,2024-05-13T18:38:55.000Z
LEBL,Ramp 15,41.30877731,2.08996475,66.0,tie_down,turboprops|props,A,general_aviation,,102255,2024-05-13T18:38:55.000Z
LEBL,Ramp 04,41.30899338,2.09064141,66.0,tie_down,jets|turboprops|props,A,general_aviation,,102255,2024-05-13T18:38:55.000Z
LEBL,Ramp 13,41.308466,2.09015228,66.0,tie_down,turboprops|props,A,general_aviation,,102255,2024-05-13T18:38:55.000Z
LEBL,Ramp 02,41.3086663,2.09083803,66.0,tie_down,jets|turboprops|props,A,general_aviation,,102255,2024-05-13T18:38:55.000Z
LEBL,Ramp 14,41.3086217,2.0900585,66.2,tie_down,turboprops|props,A,general_aviation,,102255,2024-05-13T18:38:55.000Z
LEBL,Ramp 03,41.30883039,2.09073939,66.2,tie_down,jets|turboprops|props,A,general_aviation,,102255,2024-05-13T18:38:55.000Z
LEBL,Ramp 11,41.30815381,2.09034031,65.2,tie_down,turboprops|props,A,general_aviation,,102255,2024-05-13T18:38:55.000Z
LEBL,Ramp 12,41.30830947,2.09024656,65.2,tie_down,turboprops|props,A,general_aviation,,102255,2024-05-13T18:38:55.000Z
LEBL,Ramp 01,41.30850204,2.09093679,65.2,tie_down,jets|turboprops|props,A,general_aviation,,102255,2024-05-13T18:38:55.000Z
LEBL,Ramp 287,41.28662598,2.07523552,-24.2,gate,heavy,E,airline,,102255,2024-05-13T18:38:55.000Z
LEBL,Ramp 291,41.28622782,2.07409356,-24.4,gate,heavy,E,airline,,102255,2024-05-13T18:38:55.000Z
LEBL,Ramp 295,41.28586592,2.07305651,-24.2,gate,heavy,E,airline,,102255,2024-05-13T18:38:55.000Z
LEBL,Ramp 290,41.28629348,2.07423857,-38.5,tie_down,jets,C,airline,,102255,2024-05-13T18:38:55.000Z
LEBL,Ramp 292,41.28596418,2.0739747,-38.2,tie_down,jets,C,airline,,102255,2024-05-13T18:38:55.000Z
LEBL,Ramp 294,41.28592459,2.07319626,-38.9,tie_down,jets,C,airline,,102255,2024-05-13T18:38:55.000Z
LEBL,Gate 285,41.28694119,2.07610242,-24.4,gate,heavy,E,airline,,102255,2024-05-13T18:38:55.000Z
LEBL,Gate 281,41.28721331,2.07689379,-24.6,gate,heavy,E,airline,,102255,2024-05-13T18:38:55.000Z
LEBL,Gate 280,41.28726627,2.07706396,-38.4,gate,heavy,F,airline,,102255,2024-05-13T18:38:55.000Z
LEBL,Gate 272,41.28826968,2.07688947,-109.2,gate,jets,C,airline,,102255,2024-05-13T18:38:55.000Z
LEBL,Gate 274,41.28798863,2.077225,-107.6,gate,jets,C,airline,,102255,2024-05-13T18:38:55.000Z
LEBL,Gate 276,41.28773915,2.07743611,-83.5,gate,jets,C,airline,,102255,2024-05-13T18:38:55.000Z
LEBL,Gate 278,41.2874784,2.07746265,-38.3,gate,jets,C,airline,,102255,2024-05-13T18:38:55.000Z
LEBL,Ramp 282,41.2869234,2.07680797,-38.0,tie_down,jets,C,airline,,102255,2024-05-13T18:38:55.000Z
LEBL,Ramp 284,41.28681756,2.07617625,-38.9,tie_down,jets,C,airline,,102255,2024-05-13T18:38:55.000Z
LEBL,Ramp 288,41.28633914,2.07511717,-38.7,tie_down,jets,C,airline,,102255,2024-05-13T18:38:55.000Z
LEBL,Ramp 286,41.28667201,2.07538249,-38.2,tie_down,jets,C,airline,,102255,2024-05-13T18:38:55.000Z
LEBL,Gate 268,41.28957808,2.07775824,335.1,gate,jets,C,airline,,102255,2024-05-13T18:38:55.000Z
LEBL,Gate 260,41.29029656,2.07993957,-24.2,gate,jets,C,airline,,102255,2024-05-13T18:38:55.000Z
LEBL,Gate 262,41.29007955,2.07947153,335.7,gate,jets,C,airline,,102255,2024-05-13T18:38:55.000Z
LEBL,Gate 264,41.28990945,2.07896256,335.7,gate,jets,C,airline,,102255,2024-05-13T18:38:55.000Z
LEBL,Gate 266,41.28978854,2.07836379,335.7,gate,jets,C,airline,,102255,2024-05-13T18:38:55.000Z
LEBL,Ramp 414,41.28812996,2.08153496,65.6,tie_down,jets|turboprops|props,C,airline,,102255,2024-05-13T18:38:55.000Z
LEBL,Ramp 412,41.28846693,2.08127227,65.6,tie_down,jets|turboprops|props,C,airline,,102255,2024-05-13T18:38:55.000Z
LEBL,Ramp 400,41.28903017,2.08201163,-114.8,tie_down,jets|turboprops|props,C,airline,,102255,2024-05-13T18:38:55.000Z
LEBL,Ramp 410,41.28889015,2.08101906,65.6,tie_down,jets|turboprops|props,C,airline,,102255,2024-05-13T18:38:55.000Z
LEBL,Ramp 425,41.28815569,2.07941364,-154.1,tie_down,heavy|jets|turboprops|props,D,none,,102255,2024-05-13T18:38:55.000Z
LEBL,Ramp 425,41.28764839,2.08021063,100.1,tie_down,heavy|jets|turboprops|props,D,airline,,102255,2024-05-13T18:38:55.000Z
LEBL,Ramp 422,41.28810361,2.07958405,-155.6,tie_down,jets|turboprops|props|helos,B,airline,,102255,2024-05-13T18:38:55.000Z
LEBL,Ramp 420,41.28828499,2.07926693,-155.6,tie_down,jets|turboprops|props|helos,B,airline,,102255,2024-05-13T18:38:55.000Z
LEBL,Gate 250,41.29128592,2.08257635,-29.0,gate,heavy,E,airline,,102255,2024-05-13T18:38:55.000Z
LEBL,Gate 248,41.29159347,2.08289581,-109.4,gate,heavy,D,airline,,102255,2024-05-13T18:38:55.000Z
LEBL,Gate 252,41.29099385,2.08206293,-24.1,gate,jets,C,airline,,102255,2024-05-13T18:38:55.000Z
LEBL,Gate 254,41.29081766,2.08155515,-24.1,gate,jets,C,airline,,102255,2024-05-13T18:38:55.000Z
LEBL,Gate 256,41.29064888,2.08105559,-24.0,gate,jets,C,airline,,102255,2024-05-13T18:38:55.000Z
LEBL,Gate 245,41.29219722,2.08209722,-156.8,gate,heavy|jets,E,airline,,102255,2024-05-13T18:38:55.000Z
LEBL,Gate 247,41.2921509,2.0830857,-156.9,gate,heavy,E,airline,,102255,2024-05-13T18:38:55.000Z
LEBL,Ramp 152,41.2966563,2.06383305,65.3,tie_down,jets|turboprops|props,B,none,,102255,2024-05-13T18:38:55.000Z
LEBL,Ramp 151,41.29643321,2.0639677,65.3,tie_down,jets|turboprops|props,B,none,,102255,2024-05-13T18:38:55.000Z
LEBL,Ramp 153,41.29689302,2.06369015,65.3,tie_down,jets|turboprops|props,B,none,,102255,2024-05-13T18:38:55.000Z
LEBL,Ramp 154,41.29713894,2.06354173,65.3,tie_down,jets|turboprops|props,B,none,,102255,2024-05-13T18:38:55.000Z
LEBL,Ramp 155,41.29738784,2.06339153,65.3,tie_down,jets|turboprops|props,B,none,,102255,2024-05-13T18:38:55.000Z
LEBL,Ramp 156,41.2976274,2.06324688,65.3,tie_down,jets|turboprops|props,B,none,,102255,2024-05-13T18:38:55.000Z
LEBL,Ramp 157,41.29786294,2.06310448,65.3,tie_down,jets|turboprops|props,B,none,,102255,2024-05-13T18:38:55.000Z
LEBL,Ramp 141A,41.29700629,2.06549285,-114.4,tie_down,heavy|jets,E,cargo,,102255,2024-05-13T18:38:55.000Z
LEBL,Ramp 142A,41.29762827,2.0651173,-114.4,tie_down,heavy|jets,E,cargo,,102255,2024-05-13T18:38:55.000Z
LEBL,Ramp 143A,41.29822712,2.06475597,-114.4,tie_down,heavy|jets,E,cargo,,102255,2024-05-13T18:38:55.000Z
LEBL,Ramp 141,41.29696212,2.06564715,-114.7,tie_down,heavy|jets|turboprops|props,D,none,,102255,2024-05-13T18:38:55.000Z
LEBL,Ramp 142,41.29744809,2.06534952,-114.7,tie_down,heavy|jets|turboprops|props,D,none,,102255,2024-05-13T18:38:55.000Z
LEBL,Ramp 143,41.29793678,2.06505537,-114.7,tie_down,heavy|jets|turboprops|props,D,none,,102255,2024-05-13T18:38:55.000Z
LEBL,Ramp 144,41.29843423,2.06496913,-114.7,tie_down,heavy|jets|turboprops|props,D,none,,102255,2024-05-13T18:38:55.000Z
LEBL,Ramp 136,41.29979835,2.06879574,-24.6,tie_down,heavy|jets,E,cargo,,102255,2024-05-13T18:38:55.000Z
LEBL,Ramp 137,41.29952838,2.06801218,-24.6,tie_down,heavy|jets,E,cargo,,102255,2024-05-13T18:38:55.000Z
LEBL,Ramp 138,41.29913026,2.06739489,-24.6,tie_down,heavy|jets|turboprops|props,D,none,,102255,2024-05-13T18:38:55.000Z
LEBL,Ramp 138A,41.29925884,2.06722991,-24.6,tie_down,heavy|jets,D,cargo,,102255,2024-05-13T18:38:55.000Z
LEBL,Ramp 139,41.29892201,2.06676324,-24.6,tie_down,jets|turboprops|props,C,cargo,,102255,2024-05-13T18:38:55.000Z
LEBL,Ramp 131,41.29832794,2.07053425,155.6,tie_down,heavy|jets,D,airline,,102255,2024-05-13T18:38:55.000Z
LEBL,Ramp 132,41.29809356,2.06987492,155.5,tie_down,heavy|jets,D,airline,,102255,2024-05-13T18:38:55.000Z
LEBL,Ramp 133,41.29796046,2.06915257,155.4,tie_down,jets|turboprops|props,C,none,,102255,2024-05-13T18:38:55.000Z
LEBL,Ramp 133A,41.2978228,2.06910534,155.6,tie_down,heavy|jets,D,none,,102255,2024-05-13T18:38:55.000Z
LEBL,Ramp 134,41.29780926,2.06870834,155.5,tie_down,jets|turboprops|props,C,none,,102255,2024-05-13T18:38:55.000Z
LEBL,Ramp 134A,41.297598,2.06846903,155.7,tie_down,heavy|jets,D,none,,102255,2024-05-13T18:38:55.000Z
LEBL,Ramp 135,41.29765587,2.06826107,155.7,tie_down,jets|turboprops|props,C,none,,102255,2024-05-13T18:38:55.000Z
LEBL,Gate 113A,41.30198463,2.07790199,-13.4,gate,heavy,E,none,,102255,2024-05-13T18:38:55.000Z
LEBL,Gate 119A,41.30108166,2.0753002,-12.9,gate,heavy,E,none,,102255,2024-05-13T18:38:55.000Z
LEBL,Gate 106,41.30322249,2.08033956,-84.4,gate,jets,C,airline,,102255,2024-05-13T18:38:55.000Z
LEBL,Gate 107,41.30287668,2.08050121,-51.2,gate,jets,C,airline,,102255,2024-05-13T18:38:55.000Z
LEBL,Gate 101A,41.30374442,2.08307678,-11.4,gate,heavy,E,none,,102255,2024-05-13T18:38:55.000Z
LEBL,Ramp 81,41.30393271,2.08679126,65.5,tie_down,jets|turboprops|props,C,airline,,102255,2024-05-13T18:38:55.000Z
LEBL,Ramp 85,41.30533465,2.08531579,65.6,tie_down,jets|turboprops|props,C,airline,,102255,2024-05-13T18:38:55.000Z
LEBL,Ramp 91,41.30327866,2.08487708,-114.5,tie_down,jets|turboprops|props,C,airline,,102255,2024-05-13T18:38:55.000Z
LEBL,Ramp 82,41.30427579,2.0865792,65.5,tie_down,jets|turboprops|props,C,airline,,102255,2024-05-13T18:38:55.000Z
LEBL,Ramp 46A,41.30781744,2.08887584,65.6,tie_down,jets|turboprops|props,B,none,,102255,2024-05-13T18:38:55.000Z
LEBL,Ramp 46,41.30771939,2.08892716,65.6,tie_down,jets|turboprops|props,B,airline,,102255,2024-05-13T18:38:55.000Z
LEBL,Ramp 54,41.30717073,2.08789899,-114.4,tie_down,jets|turboprops|props,B,airline,,102255,2024-05-13T18:38:55.000Z
LEBL,Ramp 31,41.30709688,2.08976521,65.7,tie_down,jets|turboprops|props,A,airline,,102255,2024-05-13T18:38:55.000Z
LEBL,Ramp 24,41.30826989,2.08965245,244.9,tie_down,turboprops|props,A,general_aviation,,102255,2024-05-13T18:38:55.000Z
LEBL,Ramp 35,41.3078526,2.08931289,65.7,tie_down,jets|turboprops|props,A,airline,,102255,2024-05-13T18:38:55.000Z
LEBL,Ramp 40,41.30664355,2.08959539,65.7,tie_down,jets|turboprops|props,A,airline,,102255,2024-05-13T18:38:55.000Z
LEBL,Ramp 32,41.30728725,2.08965373,65.4,tie_down,jets|turboprops|props,A,airline,,102255,2024-05-13T18:38:55.000Z
LEBL,Ramp 23,41.30810671,2.08975087,244.7,tie_down,turboprops|props,A,general_aviation,,102255,2024-05-13T18:38:55.000Z
LEBL,Ramp 36,41.30803961,2.08919808,65.4,tie_down,jets|turboprops|props,A,airline,,102255,2024-05-13T18:38:55.000Z
LEBL,Ramp 41,41.30680028,2.08950293,65.4,tie_down,jets|turboprops|props,A,airline,,102255,2024-05-13T18:38:55.000Z
LEBL,Ramp 26,41.30859759,2.0894548,244.7,tie_down,turboprops|props,A,general_aviation,,102255,2024-05-13T18:38:55.000Z
LEBL,Ramp 33,41.30747395,2.08954043,65.5,tie_down,jets|turboprops|props,A,airline,,102255,2024-05-13T18:38:55.000Z
LEBL,Ramp 22,41.30794325,2.08984945,244.7,tie_down,turboprops|props,A,general_aviation,,102255,2024-05-13T18:38:55.000Z
LEBL,Ramp 37,41.30822931,2.08908495,65.5,tie_down,jets|turboprops|props,A,airline,,102255,2024-05-13T18:38:55.000Z
LEBL,Ramp 42,41.30696595,2.08938271,65.5,tie_down,jets|turboprops|props,A,airline,,102255,2024-05-13T18:38:55.000Z
LEBL,Ramp 25,41.30843417,2.08955337,244.7,tie_down,turboprops|props,A,general_aviation,,102255,2024-05-13T18:38:55.000Z
LEBL,Ramp 34,41.30766234,2.08942397,65.4,tie_down,jets|turboprops|props,A,airline,,102255,2024-05-13T18:38:55.000Z
LEBL,Ramp 21,41.30777742,2.08994945,244.7,tie_down,turboprops|props,A,general_aviation,,102255,2024-05-13T18:38:55.000Z
LEBL,Ramp 38,41.30841763,2.08897135,65.4,tie_down,jets|turboprops|props,A,airline,,102255,2024-05-13T18:38:55.000Z
LEBL,Ramp 43,41.30715399,2.08926895,65.4,tie_down,jets|turboprops|props,A,airline,,102255,2024-05-13T18:38:55.000Z
LEBL,Ramp 57,41.30787394,2.08747817,-114.6,tie_down,jets|turboprops|props,B,airline,,102255,2024-05-13T18:38:55.000Z
LEBL,Ramp 63,41.30675933,2.08692122,-114.5,tie_down,jets|turboprops|props|helos,B,airline,,102255,2024-05-13T18:38:55.000Z
LEBL,Ramp 71,41.30634507,2.08583698,-114.5,tie_down,jets|turboprops|props,C,airline,,102255,2024-05-13T18:38:55.000Z
LEBL,Ramp 86,41.30567946,2.08510845,65.6,tie_down,jets|turboprops|props,C,airline,,102255,2024-05-13T18:38:55.000Z
LEBL,Ramp 92,41.30364768,2.08465417,-114.5,tie_down,jets|turboprops|props,C,airline,,102255,2024-05-13T18:38:55.000Z
LEBL,Ramp 83,41.30461966,2.08636846,65.4,tie_down,jets|turboprops|props,C,airline,,102255,2024-05-13T18:38:55.000Z
LEBL,Ramp 47,41.30790966,2.08881447,65.5,tie_down,jets|turboprops|props,B,airline,,102255,2024-05-13T18:38:55.000Z
LEBL,Ramp 53,41.30693741,2.08804015,-114.6,tie_down,jets|turboprops|props,B,airline,,102255,2024-05-13T18:38:55.000Z
LEBL,Ramp 44A,41.30744231,2.0891068,65.4,tie_down,jets|turboprops|props,B,none,,102255,2024-05-13T18:38:55.000Z
LEBL,Ramp 44,41.30734429,2.08915646,65.4,tie_down,jets|turboprops|props,B,airline,,102255,2024-05-13T18:38:55.000Z
LEBL,Ramp 56,41.30763803,2.08761774,-114.8,tie_down,jets|turboprops|props,B,airline,,102255,2024-05-13T18:38:55.000Z
LEBL,Ramp 62,41.30647874,2.08708675,-114.6,tie_down,jets|turboprops|props|helos,B,airline,,102255,2024-05-13T18:38:55.000Z
LEBL,Ramp 72,41.3060029,2.086049,-114.5,tie_down,jets|turboprops|props,C,airline,,102255,2024-05-13T18:38:55.000Z
LEBL,Ramp 87,41.3060238,2.08490026,65.5,tie_down,jets|turboprops|props,C,airline,,102255,2024-05-13T18:38:55.000Z
LEBL,Ramp 93,41.3040164,2.08443334,-114.5,tie_down,jets|turboprops|props,C,airline,,102255,2024-05-13T18:38:55.000Z
LEBL,Gate 96,41.30522062,2.08347118,-114.5,tie_down,jets|turboprops|props,C,airline,,102255,2024-05-13T18:38:55.000Z
LEBL,Gate 95,41.30485386,2.0836924,-114.7,tie_down,jets|turboprops|props,C,airline,,102255,2024-05-13T18:38:55.000Z
LEBL,Ramp 81A,41.30419169,2.08704278,65.5,tie_down,heavy|jets,E,none,,102255,2024-05-13T18:38:55.000Z
LEBL,Ramp 83A,41.30493776,2.08658747,65.5,tie_down,heavy|jets,E,none,,102255,2024-05-13T18:38:55.000Z
LEBL,Ramp 84,41.30496341,2.08615726,65.5,tie_down,jets|turboprops|props,C,airline,,102255,2024-05-13T18:38:55.000Z
LEBL,Ramp 49,41.30828729,2.08858959,65.6,tie_down,jets|turboprops|props,B,airline,,102255,2024-05-13T18:38:55.000Z
LEBL,Ramp 51,41.30640644,2.08839345,-114.6,tie_down,jets|turboprops|props,B,airline,,102255,2024-05-13T18:38:55.000Z
LEBL,Ramp 48A,41.30819394,2.0886479,65.8,tie_down,jets|turboprops|props,B,none,,102255,2024-05-13T18:38:55.000Z
LEBL,Ramp 48,41.3080962,2.08870082,65.8,tie_down,jets|turboprops|props,B,airline,,102255,2024-05-13T18:38:55.000Z
LEBL,Ramp 52,41.30668849,2.08822145,-114.7,tie_down,jets|turboprops|props,B,airline,,102255,2024-05-13T18:38:55.000Z
LEBL,Ramp 45,41.30753147,2.08904067,65.5,tie_down,jets|turboprops|props,B,airline,,102255,2024-05-13T18:38:55.000Z
LEBL,Ramp 55,41.30740514,2.08775798,-114.3,tie_down,jets|turboprops|props,B,airline,,102255,2024-05-13T18:38:55.000Z
LEBL,Ramp 61,41.30620224,2.08725839,-114.5,tie_down,jets|turboprops|props|helos,B,airline,,102255,2024-05-13T18:38:55.000Z
LEBL,Ramp 94,41.30435653,2.08412466,-114.4,tie_down,jets|turboprops|props,C,airline,,102255,2024-05-13T18:38:55.000Z
LEBL,Gate 100,41.30408977,2.08299419,-84.1,gate,jets,C,airline,,102255,2024-05-13T18:38:55.000Z
LEBL,Gate 101,41.30372145,2.08309501,-54.3,gate,jets,C,airline,,102255,2024-05-13T18:38:55.000Z
LEBL,Gate 102,41.30342865,2.08295745,-5.4,gate,jets,C,airline,,102255,2024-05-13T18:38:55.000Z
LEBL,Gate 108,41.30255376,2.0803968,5.0,gate,jets,C,airline,,102255,2024-05-13T18:38:55.000Z
LEBL,Gate 103,41.30322003,2.08244622,13.7,gate,jets,C,airline,,102255,2024-05-13T18:38:55.000Z
LEBL,Gate 109,41.30232869,2.07984315,15.8,gate,jets,C,airline,,102255,2024-05-13T18:38:55.000Z
LEBL,Gate 104,41.30333879,2.08194181,25.4,gate,jets,C,airline,,102255,2024-05-13T18:38:55.000Z
LEBL,Gate 110,41.30245744,2.07933126,25.1,gate,jets,C,airline,,102255,2024-05-13T18:38:55.000Z
LEBL,Gate 105,41.30354666,2.08153765,41.7,gate,jets,C,airline,,102255,2024-05-13T18:38:55.000Z
LEBL,Gate 111,41.30268748,2.07892424,38.4,gate,jets,C,airline,,102255,2024-05-13T18:38:55.000Z
LEBL,Gate 112,41.30232798,2.07774074,-84.6,gate,jets,C,airline,,102255,2024-05-13T18:38:55.000Z
LEBL,Gate 113,41.30196221,2.07788899,-57.8,gate,jets,C,airline,,102255,2024-05-13T18:38:55.000Z
LEBL,Gate 114,41.30165462,2.07778137,-4.2,gate,heavy|jets,D,airline,,102255,2024-05-13T18:38:55.000Z
LEBL,Gate 115,41.30147065,2.07723595,16.3,gate,heavy|jets,D,airline,,102255,2024-05-13T18:38:55.000Z
LEBL,Gate 116,41.30157447,2.076667,26.8,gate,jets,C,airline,,102255,2024-05-13T18:38:55.000Z
LEBL,Gate 117,41.30174386,2.07632002,43.0,gate,jets,C,airline,,102255,2024-05-13T18:38:55.000Z
LEBL,Gate 118,41.3014259,2.07514753,-81.3,gate,jets,C,airline,,102255,2024-05-13T18:38:55.000Z
LEBL,Gate 119,41.30108745,2.07524527,-55.0,gate,jets,C,airline,,102255,2024-05-13T18:38:55.000Z
LEBL,Gate 120,41.30075113,2.07507128,-24.3,gate,heavy|jets,D,airline,,102255,2024-05-13T18:38:55.000Z
LEBL,Gate 121,41.30049985,2.07451033,15.4,gate,heavy|jets,D,airline,,102255,2024-05-13T18:38:55.000Z
LEBL,Gate 122,41.30066094,2.07403745,26.4,gate,jets,C,airline,,102255,2024-05-13T18:38:55.000Z
LEBL,Gate 124,41.3004161,2.07293713,-14.6,gate,jets,C,airline,,102255,2024-05-13T18:38:55.000Z
LEBL,Gate 125,41.30028177,2.0726377,28.8,gate,heavy|jets,D,airline,,102255,2024-05-13T18:38:55.000Z
LEBL,Gate 126,41.30037979,2.07206506,30.3,gate,jets,C,airline,,102255,2024-05-13T18:38:55.000Z
LEBL,Gate 127,41.30033435,2.07162073,53.6,gate,jets,C,airline,,102255,2024-05-13T18:38:55.000Z
LEBL,Gate 128,41.30061472,2.07134938,54.1,gate,jets,C,airline,,102255,2024-05-13T18:38:55.000Z
LEBL,Gate 121A,41.30068161,2.07415837,2.7,gate,heavy,E,none,,102255,2024-05-13T18:38:55.000Z
LEBL,Gate 124A,41.30035926,2.07291752,32.7,gate,heavy,E,none,,102255,2024-05-13T18:38:55.000Z
LEBL,Gate 126A,41.30039446,2.07195262,44.2,gate,heavy,E,none,,102255,2024-05-13T18:38:55.000Z
LEBL,Gate 128A,41.30069017,2.07127,67.4,gate,heavy,E,none,,102255,2024-05-13T18:38:55.000Z
LEBL,Gate 129,41.30074829,2.0709506,80.7,gate,jets,C,airline,,102255,2024-05-13T18:38:55.000Z
LEBL,Gate 217,41.29155759,2.07461819,-130.8,gate,heavy,E,airline,,102255,2024-05-13T18:38:55.000Z
LEBL,Gate 218,41.29158056,2.07508055,-114.3,gate,jets,C,airline,,102255,2024-05-13T18:38:55.000Z
LEBL,Gate 220,41.29093055,2.07520833,-143.2,gate,jets,C,airline,,102255,2024-05-13T18:38:55.000Z
LEBL,Gate 221,41.29087982,2.07513338,-112.2,gate,jets|turboprops|props,F,airline,,102255,2024-05-13T18:38:55.000Z
LEBL,Ramp 200R,41.29017954,2.06790122,-114.3,tie_down,jets|turboprops|props,C,none,,102255,2024-05-13T18:38:55.000Z
LEBL,Gate 200,41.28975038,2.06915772,155.5,gate,jets,C,airline,,102255,2024-05-13T18:38:55.000Z
LEBL,Gate 202,41.28996576,2.06979466,155.5,gate,jets,C,airline,,102255,2024-05-13T18:38:55.000Z
LEBL,Gate 204,41.29018168,2.07043319,155.5,gate,jets,C,airline,,102255,2024-05-13T18:38:55.000Z
LEBL,Gate 206,41.29039613,2.07106737,155.5,gate,jets,C,airline,,102255,2024-05-13T18:38:55.000Z
LEBL,Gate 208,41.29067867,2.07190292,155.5,gate,jets,C,airline,,102255,2024-05-13T18:38:55.000Z
LEBL,Gate 210,41.29089477,2.07254198,155.5,gate,jets,C,airline,,102255,2024-05-13T18:38:55.000Z
LEBL,Gate 212,41.29111031,2.0731794,155.1,gate,jets,C,airline,,102255,2024-05-13T18:38:55.000Z
LEBL,Gate 214,41.29132537,2.0738154,155.5,gate,jets,C,airline,,102255,2024-05-13T18:38:55.000Z
LEBL,Gate 216,41.291625,2.07456944,-143.5,gate,jets,C,airline,,102255,2024-05-13T18:38:55.000Z
LEBL,Gate 222,41.2907888,2.07558056,-114.2,gate,jets,C,airline,,102255,2024-05-13T18:38:55.000Z
LEBL,Ramp 906,41.31301044,2.10409739,-24.4,tie_down,heavy|jets,D,airline,,102255,2024-05-13T18:38:55.000Z
LEBL,Ramp 904,41.31243955,2.10267798,-24.0,tie_down,jets|turboprops,C,airline,,102255,2024-05-13T18:38:55.000Z
LEBL,Ramp 902,41.31199718,2.10138521,-24.1,tie_down,jets|turboprops,C,airline,,102255,2024-05-13T18:38:55.000Z
LEBL,Ramp 901,41.31176111,2.1008247,-24.4,tie_down,helos,A,general_aviation,,102255,2024-05-13T18:38:55.000Z
LEBL,Ramp 900,41.31163592,2.10043322,-24.4,tie_down,helos,A,general_aviation,,102255,2024-05-13T18:38:55.000Z
LEBL,Ramp 30 - 2,41.31040606,2.09208837,-17.8,tie_down,heavy|jets|turboprops|props|helos|fighters,C,none,,102255,2024-05-13T18:38:55.000Z
LEBL,Ramp 30 - 2,41.31054898,2.09280526,-114.1,tie_down,heavy|jets|turboprops|props|helos|fighters,C,none,,102255,2024-05-13T18:38:55.000Z
LEBL,Ramp 30 - 1,41.30990194,2.09153797,65.2,tie_down,heavy|jets|turboprops|props|helos|fighters,E,none,,102255,2024-05-13T18:38:55.000Z
LEBL,Ramp 296,41.28561035,2.07293085,-38.8,tie_down,jets,C,airline,,102255,2024-05-13T18:38:55.000Z
LEMD,La Munoza,40.4596651,-3.53547936,46.2,tie_down,heavy|jets|turboprops,C,airline,ibe,99851,2023-12-26T19:07:11.000Z
LEMD,La Munoza,40.46002885,-3.53594832,46.2,tie_down,heavy|jets|turboprops,C,airline,ibe,99851,2023-12-26T19:07:11.000Z
LEMD,La Munoza,40.46040299,-3.53642183,46.2,tie_down,heavy|jets|turboprops,C,airline,ibe,99851,2023-12-26T19:07:11.000Z
LEMD,La Munoza,40.46378139,-3.53740219,135.6,tie_down,heavy|jets|turboprops,C,airline,ibe baw,99851,2023-12-26T19:07:11.000Z
LEMD,La Munoza,40.46410357,-3.53697874,135.6,tie_down,heavy|jets|turboprops,C,airline,ibe baw,99851,2023-12-26T19:07:11.000Z
LEMD,La Munoza,40.46083257,-3.53697729,46.2,tie_down,heavy|jets|turboprops,C,airline,ibe vlg,99851,2023-12-26T19:07:11.000Z
LEMD,T38,40.47164722,-3.57288932,318.0,tie_down,turboprops,C,airline,aea swt,99851,2023-12-26T19:07:11.000Z
LEMD,10,40.47247636,-3.56869029,232.2,tie_down,jets,C,airline,dlh afr aea,99851,2023-12-26T19:07:11.000Z
LEMD,11,40.47201616,-3.56860355,232.4,tie_down,jets,C,airline,nax klm dlh,99851,2023-12-26T19:07:11.000Z
LEMD,12,40.47181522,-3.56805702,232.2,tie_down,jets,C,airline,aea,99851,2023-12-26T19:07:11.000Z
LEMD,13,40.47139821,-3.56788935,-128.2,tie_down,jets,C,airline,,99851,2023-12-26T19:07:11.000Z
LEMD,14,40.47117954,-3.56737975,232.2,tie_down,jets,C,airline,aea ryr,99851,2023-12-26T19:07:11.000Z
LEMD,15,40.47083306,-3.56708803,232.1,tie_down,jets,C,airline,aea klm,99851,2023-12-26T19:07:11.000Z
LEMD,16,40.47050001,-3.56677823,232.2,tie_down,jets,C,airline,dlh nax ryr,99851,2023-12-26T19:07:11.000Z
LEMD,17,40.4701319,-3.56661047,-127.6,tie_down,jets|turboprops,C,airline,ryr,99851,2023-12-26T19:07:11.000Z
LEMD,230,40.45899665,-3.56146008,180.1,tie_down,jets|turboprops|props,B,cargo,,99851,2023-12-26T19:07:11.000Z
LEMD,231,40.45898906,-3.5618193,180.1,tie_down,jets|turboprops|props,B,cargo,,99851,2023-12-26T19:07:11.000Z
LEMD,232,40.45898508,-3.56216606,179.7,tie_down,jets|turboprops|props,B,cargo,,99851,2023-12-26T19:07:11.000Z
LEMD,233,40.4589868,-3.56251316,179.6,tie_down,jets|turboprops|props,B,cargo,,99851,2023-12-26T19:07:11.000Z
LEMD,234,40.45898255,-3.56286372,179.9,tie_down,jets|turboprops|props,B,cargo,,99851,2023-12-26T19:07:11.000Z
LEMD,235,40.45897654,-3.56321944,179.6,tie_down,jets|turboprops|props,B,cargo,,99851,2023-12-26T19:07:11.000Z
LEMD,236,40.45897428,-3.56358112,179.8,tie_down,jets|turboprops|props,B,cargo,,99851,2023-12-26T19:07:11.000Z
LEMD,237,40.45896906,-3.56392294,179.4,tie_down,jets|turboprops|props,B,cargo,,99851,2023-12-26T19:07:11.000Z
LEMD,238,40.45896718,-3.56429706,181.3,tie_down,jets|turboprops|props,B,cargo,,99851,2023-12-26T19:07:11.000Z
LEMD,145,40.45370006,-3.57215663,135.2,tie_down,heavy|jets,D,cargo,,99851,2023-12-26T19:07:11.000Z
LEMD,146,40.45413407,-3.5716586,134.8,tie_down,heavy|jets,C,cargo,,99851,2023-12-26T19:07:11.000Z
LEMD,147,40.45427006,-3.57113577,135.6,misc,heavy|jets,C,none,,99851,2023-12-26T19:07:11.000Z
LEMD,148,40.45433473,-3.57106322,135.1,tie_down,heavy|jets,D,cargo,,99851,2023-12-26T19:07:11.000Z
LEMD,150,40.45470414,-3.57056323,134.0,misc,heavy|jets,C,none,,99851,2023-12-26T19:07:11.000Z
LEMD,151,40.4547835,-3.57047619,134.8,tie_down,heavy|jets,D,cargo,,99851,2023-12-26T19:07:11.000Z
LEMD,152,40.45507818,-3.57009753,133.2,tie_down,heavy|jets,B,cargo,,99851,2023-12-26T19:07:11.000Z
LEMD,153,40.45525028,-3.56988327,134.0,tie_down,heavy|jets,B,cargo,,99851,2023-12-26T19:07:11.000Z
LEMD,154,40.45539713,-3.56962584,133.8,tie_down,heavy|jets,B,cargo,,99851,2023-12-26T19:07:11.000Z
LEMD,155,40.45570701,-3.56925,135.3,misc,heavy|jets,B,none,,99851,2023-12-26T19:07:11.000Z
LEMD,156,40.45579673,-3.5691718,133.8,tie_down,heavy|jets,D,cargo,,99851,2023-12-26T19:07:11.000Z
LEMD,157,40.45617826,-3.56865808,134.6,tie_down,heavy|jets,D,cargo,,99851,2023-12-26T19:07:11.000Z
LEMD,159,40.45665613,-3.56807625,135.1,tie_down,heavy|jets,D,cargo,,99851,2023-12-26T19:07:11.000Z
LEMD,160,40.45690963,-3.56775349,133.9,misc,heavy|jets,B,none,,99851,2023-12-26T19:07:11.000Z
LEMD,161,40.45704696,-3.56761244,134.4,tie_down,heavy|jets,C,cargo,,99851,2023-12-26T19:07:11.000Z
LEMD,162,40.45713269,-3.56747221,134.7,misc,heavy|jets,C,none,,99851,2023-12-26T19:07:11.000Z
LEMD,163,40.45715289,-3.56663121,-133.9,tie_down,heavy|jets|turboprops,E,cargo,,99851,2023-12-26T19:07:11.000Z
LEMD,165,40.45727116,-3.56469537,135.7,tie_down,heavy|jets|turboprops,F,cargo,,99851,2023-12-26T19:07:11.000Z
LEMD,239,40.45896368,-3.56464436,180.2,tie_down,jets|turboprops|props,B,cargo,,99851,2023-12-26T19:07:11.000Z
LEMD,249,40.45854869,-3.56471628,359.9,tie_down,jets|turboprops|props,B,cargo,,99851,2023-12-26T19:07:11.000Z
LEMD,248,40.45855386,-3.56434541,359.9,tie_down,jets|turboprops|props,B,cargo,,99851,2023-12-26T19:07:11.000Z
LEMD,247,40.45855783,-3.56399498,359.9,tie_down,jets|turboprops|props,B,cargo,,99851,2023-12-26T19:07:11.000Z
LEMD,246,40.45855994,-3.56357165,359.9,tie_down,jets|turboprops|props,B,cargo,,99851,2023-12-26T19:07:11.000Z
LEMD,245,40.45856208,-3.56321158,-0.7,tie_down,jets|turboprops|props,B,cargo,,99851,2023-12-26T19:07:11.000Z
LEMD,244,40.45856291,-3.56286705,359.9,tie_down,jets|turboprops|props,B,cargo,,99851,2023-12-26T19:07:11.000Z
LEMD,243,40.4585646,-3.56250964,359.9,tie_down,jets|turboprops|props,B,cargo,,99851,2023-12-26T19:07:11.000Z
LEMD,242,40.45856704,-3.56216986,359.9,tie_down,jets|turboprops|props,B,cargo,,99851,2023-12-26T19:07:11.000Z
LEMD,241,40.45856969,-3.56179687,359.9,tie_down,jets|turboprops|props,B,cargo,,99851,2023-12-26T19:07:11.000Z
LEMD,240,40.45856994,-3.56144934,359.9,tie_down,jets|turboprops|props,B,cargo,,99851,2023-12-26T19:07:11.000Z
LEMD,208,40.45881276,-3.55979359,148.6,tie_down,heavy,D,cargo,,99851,2023-12-26T19:07:11.000Z
LEMD,207,40.45881181,-3.55915305,148.6,tie_down,heavy,C,cargo,,99851,2023-12-26T19:07:11.000Z
LEMD,206,40.4588245,-3.55849384,148.6,tie_down,heavy,D,cargo,,99851,2023-12-26T19:07:11.000Z
LEMD,205,40.45881562,-3.55783433,148.6,tie_down,heavy,C,cargo,,99851,2023-12-26T19:07:11.000Z
LEMD,204,40.45881522,-3.55719368,148.6,tie_down,heavy,D,cargo,,99851,2023-12-26T19:07:11.000Z
LEMD,203,40.45882387,-3.55652088,148.6,tie_down,heavy,C,cargo,,99851,2023-12-26T19:07:11.000Z
LEMD,202,40.45881621,-3.55588206,148.6,tie_down,heavy,D,cargo,,99851,2023-12-26T19:07:11.000Z
LEMD,201,40.45882331,-3.55521131,148.6,tie_down,heavy,C,cargo,,99851,2023-12-26T19:07:11.000Z
LEMD,200,40.45883213,-3.55458016,148.6,tie_down,heavy,D,cargo,,99851,2023-12-26T19:07:11.000Z
LEMD,211,40.46054389,-3.55627772,0.4,tie_down,heavy,E,cargo,,99851,2023-12-26T19:07:11.000Z
LEMD,213,40.4604562,-3.55736178,-0.2,tie_down,heavy,D,cargo,,99851,2023-12-26T19:07:11.000Z
LEMD,215,40.46045157,-3.55829473,0.2,tie_down,heavy,D,cargo,,99851,2023-12-26T19:07:11.000Z
LEMD,217,40.46052335,-3.55940961,0.1,tie_down,heavy,E,cargo,,99851,2023-12-26T19:07:11.000Z
LEMD,221,40.46052482,-3.56126074,-0.3,tie_down,heavy|jets,E,cargo,,99851,2023-12-26T19:07:11.000Z
LEMD,223,40.46051596,-3.56225375,-0.5,tie_down,heavy|jets,E,cargo,,99851,2023-12-26T19:07:11.000Z
LEMD,225,40.46051291,-3.56318123,-0.1,tie_down,heavy|jets,E,cargo,,99851,2023-12-26T19:07:11.000Z
LEMD,227,40.46051027,-3.56425819,-0.1,tie_down,heavy|jets,E,cargo,,99851,2023-12-26T19:07:11.000Z
LEMD,43,40.45885071,-3.56681664,269.9,tie_down,heavy|jets,E,airline,,99851,2023-12-26T19:07:11.000Z
LEMD,42,40.4595085,-3.56677488,-90.1,tie_down,heavy|jets,E,airline,,99851,2023-12-26T19:07:11.000Z
LEMD,41,40.46015952,-3.56678568,269.9,tie_down,heavy|jets,E,airline,,99851,2023-12-26T19:07:11.000Z
LEMD,40,40.46082888,-3.56678557,-90.4,tie_down,heavy|jets,F,airline,,99851,2023-12-26T19:07:11.000Z
LEMD,45,40.4616088,-3.56656401,90.1,tie_down,jets|turboprops,C,airline,,99851,2023-12-26T19:07:11.000Z
LEMD,35,40.46001903,-3.56924307,44.6,tie_down,heavy|jets,D,airline,,99851,2023-12-26T19:07:11.000Z
LEMD,95,40.45738547,-3.57460147,44.2,tie_down,jets|turboprops|props,B,general_aviation,,99851,2023-12-26T19:07:11.000Z
LEMD,94,40.45712469,-3.57424133,43.1,tie_down,jets|turboprops|props,B,general_aviation,,99851,2023-12-26T19:07:11.000Z
LEMD,93,40.45688691,-3.57392675,43.6,tie_down,jets|turboprops|props,B,general_aviation,,99851,2023-12-26T19:07:11.000Z
LEMD,92,40.45665807,-3.57362424,44.8,tie_down,jets|turboprops|props,B,general_aviation,,99851,2023-12-26T19:07:11.000Z
LEMD,91,40.45643281,-3.573314,44.8,tie_down,jets|turboprops|props,B,general_aviation,,99851,2023-12-26T19:07:11.000Z
LEMD,140,40.45722633,-3.57838474,312.4,tie_down,jets|turboprops|props,B,general_aviation,,99851,2023-12-26T19:07:11.000Z
LEMD,138,40.45742386,-3.57814749,312.3,tie_down,jets|turboprops|props,B,general_aviation,,99851,2023-12-26T19:07:11.000Z
LEMD,136,40.4576125,-3.57791282,312.8,tie_down,jets|turboprops|props,B,general_aviation,,99851,2023-12-26T19:07:11.000Z
LEMD,130,40.45718219,-3.5774544,312.4,tie_down,jets|turboprops|props,B,general_aviation,,99851,2023-12-26T19:07:11.000Z
LEMD,132,40.45699418,-3.57768477,312.4,tie_down,jets|turboprops|props,B,general_aviation,,99851,2023-12-26T19:07:11.000Z
LEMD,134,40.45680592,-3.57791327,311.4,tie_down,jets|turboprops|props,B,general_aviation,,99851,2023-12-26T19:07:11.000Z
LEMD,131,40.45663755,-3.57686116,134.0,tie_down,jets|turboprops|props,B,general_aviation,,99851,2023-12-26T19:07:11.000Z
LEMD,133,40.45646022,-3.57710306,134.2,tie_down,jets|turboprops|props,B,general_aviation,,99851,2023-12-26T19:07:11.000Z
LEMD,135,40.45627639,-3.57733507,133.1,tie_down,jets|turboprops|props,B,general_aviation,,99851,2023-12-26T19:07:11.000Z
LEMD,126,40.45633921,-3.57672266,-136.7,tie_down,jets|turboprops|props,B,general_aviation,,99851,2023-12-26T19:07:11.000Z
LEMD,125,40.4561166,-3.57643949,222.2,tie_down,jets|turboprops|props,B,general_aviation,,99851,2023-12-26T19:07:11.000Z
LEMD,124,40.45584838,-3.5760594,223.2,tie_down,jets|turboprops|props,B,general_aviation,,99851,2023-12-26T19:07:11.000Z
LEMD,123,40.45560844,-3.57576045,223.3,tie_down,jets|turboprops|props,B,general_aviation,,99851,2023-12-26T19:07:11.000Z
LEMD,122,40.45536263,-3.57541271,223.5,tie_down,jets|turboprops|props,B,general_aviation,,99851,2023-12-26T19:07:11.000Z
LEMD,121,40.45510796,-3.57508094,223.2,tie_down,jets|turboprops|props,B,general_aviation,,99851,2023-12-26T19:07:11.000Z
LEMD,120,40.45491471,-3.57483705,223.1,tie_down,jets|turboprops|props,B,general_aviation,,99851,2023-12-26T19:07:11.000Z
LEMD,111,40.45558741,-3.57381899,44.6,tie_down,jets|turboprops|props,B,general_aviation,,99851,2023-12-26T19:07:11.000Z
LEMD,112,40.45591102,-3.57427321,44.1,tie_down,jets|turboprops|props,B,general_aviation,,99851,2023-12-26T19:07:11.000Z
LEMD,113,40.45614011,-3.57460308,45.5,tie_down,jets|turboprops|props,B,general_aviation,,99851,2023-12-26T19:07:11.000Z
LEMD,114,40.45639389,-3.57491404,44.7,tie_down,jets|turboprops|props,B,general_aviation,,99851,2023-12-26T19:07:11.000Z
LEMD,115,40.45661803,-3.5752204,44.5,tie_down,jets|turboprops|props,B,general_aviation,,99851,2023-12-26T19:07:11.000Z
LEMD,116,40.45684979,-3.57554131,46.2,tie_down,jets|turboprops|props,B,general_aviation,,99851,2023-12-26T19:07:11.000Z
LEMD,117,40.45730435,-3.57611525,46.3,tie_down,jets|turboprops|props,B,general_aviation,,99851,2023-12-26T19:07:11.000Z
LEMD,118,40.45756389,-3.57646436,46.2,tie_down,jets|turboprops|props,B,general_aviation,,99851,2023-12-26T19:07:11.000Z
LEMD,119,40.45776096,-3.5767376,45.3,tie_down,jets|turboprops|props,B,general_aviation,,99851,2023-12-26T19:07:11.000Z
LEMD,110,40.45803789,-3.57681744,-135.5,tie_down,jets|turboprops|props,B,general_aviation,,99851,2023-12-26T19:07:11.000Z
LEMD,109,40.45777669,-3.57647574,-134.8,tie_down,jets|turboprops|props,B,general_aviation,,99851,2023-12-26T19:07:11.000Z
LEMD,108,40.45753805,-3.57615945,-135.9,tie_down,jets|turboprops|props,B,general_aviation,,99851,2023-12-26T19:07:11.000Z
LEMD,106,40.45710058,-3.57563423,-135.1,tie_down,jets|turboprops|props,B,general_aviation,,99851,2023-12-26T19:07:11.000Z
LEMD,105,40.4568473,-3.57526693,-134.8,tie_down,jets|turboprops|props,B,general_aviation,,99851,2023-12-26T19:07:11.000Z
LEMD,104,40.45662719,-3.57496561,-135.3,tie_down,jets|turboprops|props,B,general_aviation,,99851,2023-12-26T19:07:11.000Z
LEMD,103,40.45636764,-3.57460835,-135.3,tie_down,jets|turboprops|props,B,general_aviation,,99851,2023-12-26T19:07:11.000Z
LEMD,102,40.45614442,-3.5742852,-135.1,tie_down,jets|turboprops|props,B,general_aviation,,99851,2023-12-26T19:07:11.000Z
LEMD,101,40.45590255,-3.57395526,-135.5,tie_down,jets|turboprops|props,B,general_aviation,,99851,2023-12-26T19:07:11.000Z
LEMD,100,40.4556842,-3.57368616,-135.1,tie_down,jets|turboprops|props,B,general_aviation,,99851,2023-12-26T19:07:11.000Z
LEMD,90,40.45619348,-3.57296413,44.8,tie_down,jets|turboprops|props,B,general_aviation,,99851,2023-12-26T19:07:11.000Z
LEMD,80,40.45626816,-3.57316827,225.0,tie_down,jets|turboprops|props,B,general_aviation,,99851,2023-12-26T19:07:11.000Z
LEMD,81,40.45650669,-3.57351582,-134.7,tie_down,jets|turboprops|props,B,general_aviation,,99851,2023-12-26T19:07:11.000Z
LEMD,82,40.45673997,-3.57383459,224.5,tie_down,jets|turboprops|props,B,general_aviation,,99851,2023-12-26T19:07:11.000Z
LEMD,83,40.45699866,-3.57414654,-136.1,tie_down,jets|turboprops|props,B,general_aviation,,99851,2023-12-26T19:07:11.000Z
LEMD,84,40.45724923,-3.57444964,-135.6,tie_down,jets|turboprops|props,B,general_aviation,,99851,2023-12-26T19:07:11.000Z
LEMD,85,40.45748956,-3.57474517,226.9,tie_down,jets|turboprops|props,B,general_aviation,,99851,2023-12-26T19:07:11.000Z
LEMD,96,40.4576468,-3.57495158,43.8,tie_down,jets|turboprops|props,B,general_aviation,,99851,2023-12-26T19:07:11.000Z
LEMD,98,40.45810198,-3.57510538,43.6,tie_down,heavy|jets|turboprops|props,B,general_aviation,,99851,2023-12-26T19:07:11.000Z
LEMD,99,40.45833459,-3.57544425,44.8,tie_down,heavy|jets|turboprops|props,B,general_aviation,,99851,2023-12-26T19:07:11.000Z
LEMD,75,40.45856093,-3.5757503,44.8,tie_down,heavy|jets|turboprops|props,B,general_aviation,,99851,2023-12-26T19:07:11.000Z
LEMD,69,40.45882928,-3.57390318,-135.2,tie_down,heavy|jets,C,airline,,99851,2023-12-26T19:07:11.000Z
LEMD,68,40.4584682,-3.57342574,-135.6,tie_down,heavy|jets,C,airline,,99851,2023-12-26T19:07:11.000Z
LEMD,67,40.45825424,-3.57336159,-134.9,misc,heavy|jets,C,none,,99851,2023-12-26T19:07:11.000Z
LEMD,66,40.45818235,-3.57304969,-135.9,tie_down,heavy|jets,C,airline,,99851,2023-12-26T19:07:11.000Z
LEMD,64,40.45784804,-3.57271163,-135.6,tie_down,heavy|jets,C,airline,,99851,2023-12-26T19:07:11.000Z
LEMD,63,40.4578474,-3.57249161,225.7,misc,heavy|jets,C,none,,99851,2023-12-26T19:07:11.000Z
LEMD,62,40.45756297,-3.57229495,-136.4,tie_down,heavy|jets,C,airline,,99851,2023-12-26T19:07:11.000Z
LEMD,61,40.45732158,-3.57198741,225.7,misc,heavy|jets,C,none,,99851,2023-12-26T19:07:11.000Z
LEMD,60,40.45727327,-3.57187982,-136.3,tie_down,heavy|jets,C,airline,,99851,2023-12-26T19:07:11.000Z
LEMD,50,40.45866404,-3.57010071,44.4,tie_down,heavy|jets,C,airline,,99851,2023-12-26T19:07:11.000Z
LEMD,51,40.45863669,-3.5702943,44.5,misc,heavy|jets,B,none,,99851,2023-12-26T19:07:11.000Z
LEMD,52,40.45897436,-3.57047887,45.0,tie_down,heavy|jets,C,airline,,99851,2023-12-26T19:07:11.000Z
LEMD,53,40.45915995,-3.57080878,44.1,misc,heavy|jets,B,none,,99851,2023-12-26T19:07:11.000Z
LEMD,54,40.45928526,-3.57086231,44.0,tie_down,heavy|jets,C,airline,,99851,2023-12-26T19:07:11.000Z
LEMD,56,40.4595765,-3.57125693,44.8,tie_down,heavy|jets,C,airline,,99851,2023-12-26T19:07:11.000Z
LEMD,57,40.45977145,-3.57140628,44.3,misc,heavy|jets,B,none,,99851,2023-12-26T19:07:11.000Z
LEMD,58,40.45985659,-3.57164344,44.6,tie_down,heavy|jets,C,airline,,99851,2023-12-26T19:07:11.000Z
LEMD,59,40.46021345,-3.57213164,44.6,tie_down,heavy|jets,C,airline,,99851,2023-12-26T19:07:11.000Z
LEMD,70,40.46157551,-3.57372986,-45.0,gate,heavy,E,airline,aca dal,99851,2023-12-26T19:07:11.000Z
LEMD,71,40.46112454,-3.57435088,315.0,gate,heavy,E,airline,aca dal ual,99851,2023-12-26T19:07:11.000Z
LEMD,72,40.46065991,-3.57495603,314.8,gate,heavy,E,airline,dal ual,99851,2023-12-26T19:07:11.000Z
LEMD,73,40.46019437,-3.5755556,-45.5,gate,heavy|jets,E,airline,,99851,2023-12-26T19:07:11.000Z
LEMD,74,40.45973261,-3.57615835,314.9,gate,heavy|jets,E,airline,,99851,2023-12-26T19:07:11.000Z
LEMD,36,40.4598334,-3.56893951,0.4,tie_down,heavy|jets,E,airline,,99851,2023-12-26T19:07:11.000Z
LEMD,37,40.46006698,-3.56869826,310.5,tie_down,heavy|jets,D,airline,,99851,2023-12-26T19:07:11.000Z
LEMD,44,40.46036288,-3.56871233,269.7,tie_down,heavy|jets,D,airline,,99851,2023-12-26T19:07:11.000Z
LEMD,30,40.46124416,-3.56821721,141.8,tie_down,jets,C,airline,,99851,2023-12-26T19:07:11.000Z
LEMD,31,40.4609694,-3.56858815,141.2,tie_down,jets,C,airline,ryr,99851,2023-12-26T19:07:11.000Z
LEMD,32,40.46070693,-3.56897555,141.1,tie_down,heavy|jets,C,airline,ryr,99851,2023-12-26T19:07:11.000Z
LEMD,33,40.46035658,-3.56953698,141.1,tie_down,jets,C,airline,ryr,99851,2023-12-26T19:07:11.000Z
LEMD,34,40.4600984,-3.56993201,141.2,tie_down,jets,C,airline,,99851,2023-12-26T19:07:11.000Z
LEMD,T1,40.46170427,-3.57121135,43.9,gate,heavy|jets,E,airline,,99851,2023-12-26T19:07:11.000Z
LEMD,T2,40.46178131,-3.5707134,3.2,gate,heavy,E,airline,,99851,2023-12-26T19:07:11.000Z
LEMD,T3,40.46224622,-3.57010968,-13.4,gate,heavy|jets,E,airline,,99851,2023-12-26T19:07:11.000Z
LEMD,T4,40.46254243,-3.56978862,310.1,gate,heavy,E,airline,,99851,2023-12-26T19:07:11.000Z
LEMD,T5,40.46297527,-3.56934013,-64.8,gate,heavy|jets,E,airline,,99851,2023-12-26T19:07:11.000Z
LEMD,T6W,40.46340935,-3.56906995,-85.4,gate,heavy,E,none,,99851,2023-12-26T19:07:11.000Z
LEMD,T6,40.46337048,-3.56889437,-64.6,gate,jets,C,airline,ryr aea,99851,2023-12-26T19:07:11.000Z
LEMD,T7,40.463761,-3.56863479,-66.0,gate,jets,D,airline,,99851,2023-12-26T19:07:11.000Z
LEMD,T8,40.46422978,-3.56843333,-77.7,gate,jets,C,none,,99851,2023-12-26T19:07:11.000Z
LEMD,T9W,40.46462513,-3.56840203,-63.5,gate,heavy,E,airline,,99851,2023-12-26T19:07:11.000Z
LEMD,T9,40.46461616,-3.5683415,-85.7,gate,jets,C,none,,99851,2023-12-26T19:07:11.000Z
LEMD,T10,40.46499557,-3.5682757,-85.5,gate,jets,C,airline,ryr aea,99851,2023-12-26T19:07:11.000Z
LEMD,T11,40.46536375,-3.56821749,-85.4,gate,jets,C,airline,aea ryr,99851,2023-12-26T19:07:11.000Z
LEMD,T12,40.46564672,-3.56852983,-107.4,gate,heavy,C,airline,ryr eju aea,99851,2023-12-26T19:07:11.000Z
LEMD,T13,40.46611304,-3.56851456,-90.7,gate,jets,C,airline,ryr eju,99851,2023-12-26T19:07:11.000Z
LEMD,173,40.46399247,-3.5626578,0.0,tie_down,jets|turboprops,D,cargo,,99851,2023-12-26T19:07:11.000Z
LEMD,175,40.46464166,-3.56266134,180.0,tie_down,jets|turboprops,D,cargo,,99851,2023-12-26T19:07:11.000Z
LEMD,T14,40.46662499,-3.56866306,-90.8,gate,jets,C,airline,ryr eju,99851,2023-12-26T19:07:11.000Z
LEMD,T15,40.46711351,-3.5682451,-78.5,gate,jets,C,airline,aea ryr lot,99851,2023-12-26T19:07:11.000Z
LEMD,T16,40.46778681,-3.56791659,-31.7,gate,jets,C,airline,aea ryr,99851,2023-12-26T19:07:11.000Z
LEMD,T17,40.46853758,-3.56778438,-33.0,gate,jets,C,airline,ryr aea wzz,99851,2023-12-26T19:07:11.000Z
LEMD,T11W,40.46526634,-3.56832949,-86.5,gate,heavy,E,none,aea,99851,2023-12-26T19:07:11.000Z
LEMD,T13W,40.46605261,-3.56846262,-79.6,gate,heavy,E,none,aea,99851,2023-12-26T19:07:11.000Z
LEMD,T18,40.46906993,-3.56804385,-83.6,gate,heavy,E,airline,aea,99851,2023-12-26T19:07:11.000Z
LEMD,T19,40.46940677,-3.56833072,-118.7,gate,heavy,E,airline,aea,99851,2023-12-26T19:07:11.000Z
LEMD,T20W,40.46986115,-3.56876844,-128.8,gate,heavy,E,airline,,99851,2023-12-26T19:07:11.000Z
LEMD,T21,40.46985859,-3.56869698,-128.5,gate,jets,C,airline,aea tap,99851,2023-12-26T19:07:11.000Z
LEMD,T21,40.47027282,-3.56898186,-128.1,gate,jets,C,airline,,99851,2023-12-26T19:07:11.000Z
LEMD,T22,40.47066796,-3.56952124,-128.0,gate,jets,C,airline,aea lot wzz,99851,2023-12-26T19:07:11.000Z
LEMD,T23,40.47085297,-3.56985918,-153.0,gate,jets,C,airline,aea tap,99851,2023-12-26T19:07:11.000Z
LEMD,T24,40.47130807,-3.57047061,-114.6,gate,jets,C,airline,aea afr,99851,2023-12-26T19:07:11.000Z
LEMD,T25,40.4718734,-3.57041988,-97.4,gate,jets,C,airline,aea,99851,2023-12-26T19:07:11.000Z
LEMD,T26,40.4722972,-3.57035886,-97.3,gate,jets,C,airline,aea,99851,2023-12-26T19:07:11.000Z
LEMD,T27,40.4727207,-3.5702452,262.4,gate,jets,C,airline,aea,99851,2023-12-26T19:07:11.000Z
LEMD,T28,40.47307909,-3.57032504,-115.6,gate,jets,C,airline,aea nax,99851,2023-12-26T19:07:11.000Z
LEMD,T29,40.47336537,-3.57068386,-132.0,gate,jets,C,airline,aea tra,99851,2023-12-26T19:07:11.000Z
LEMD,T30,40.47354672,-3.57094369,182.7,gate,jets,C,airline,aea klm tra,99851,2023-12-26T19:07:11.000Z
LEMD,T31,40.47312823,-3.57123745,158.2,gate,jets,C,airline,aea klm voe,99851,2023-12-26T19:07:11.000Z
LEMD,T32,40.4726928,-3.57133143,136.9,gate,jets,C,airline,aea,99851,2023-12-26T19:07:11.000Z
LEMD,T33,40.47222465,-3.5714363,138.8,gate,jets,C,airline,aea,99851,2023-12-26T19:07:11.000Z
LEMD,T34,40.47173488,-3.57152799,140.4,gate,jets,C,airline,aea,99851,2023-12-26T19:07:11.000Z
LEMD,T35,40.47124788,-3.57161804,136.9,gate,jets,C,airline,aea,99851,2023-12-26T19:07:11.000Z
LEMD,T36,40.47077338,-3.57173104,135.8,tie_down,turboprops,C,airline,aea swt,99851,2023-12-26T19:07:11.000Z
LEMD,T37,40.47068838,-3.57223703,176.7,tie_down,turboprops,C,airline,aea swt,99851,2023-12-26T19:07:11.000Z
LEMD,T39,40.47074372,-3.57263832,187.9,tie_down,turboprops,C,none,aea swt,99851,2023-12-26T19:07:11.000Z
LEMD,T40,40.47078154,-3.57300467,188.0,tie_down,turboprops,C,airline,aea swt,99851,2023-12-26T19:07:11.000Z
LEMD,PE30,40.49822172,-3.58652688,90.1,tie_down,heavy|jets|turboprops,D,airline,,99851,2023-12-26T19:07:11.000Z
LEMD,PE20,40.49889184,-3.58652523,90.1,tie_down,heavy|jets|turboprops,D,airline,,99851,2023-12-26T19:07:11.000Z
LEMD,PE15,40.49949994,-3.58654948,90.4,tie_down,heavy|jets|turboprops,D,airline,,99851,2023-12-26T19:07:11.000Z
LEMD,PE10,40.49963743,-3.58656925,-268.7,misc,heavy|jets|turboprops,D,none,,99851,2023-12-26T19:07:11.000Z
LEMD,419,40.49893042,-3.5886305,180.6,tie_down,heavy|jets,C,airline,,99851,2023-12-26T19:07:11.000Z
LEMD,418,40.49893622,-3.58909463,180.2,tie_down,heavy|jets,C,airline,,99851,2023-12-26T19:07:11.000Z
LEMD,417,40.49893625,-3.58956048,180.1,tie_down,heavy|jets,C,airline,,99851,2023-12-26T19:07:11.000Z
LEMD,416,40.49892783,-3.59002246,180.1,tie_down,heavy|jets,C,airline,,99851,2023-12-26T19:07:11.000Z
LEMD,415,40.49893969,-3.59049971,180.4,tie_down,heavy|jets,C,airline,,99851,2023-12-26T19:07:11.000Z
LEMD,414,40.49892551,-3.5913393,179.9,tie_down,heavy|jets,C,airline,,99851,2023-12-26T19:07:11.000Z
LEMD,413,40.49891916,-3.59184748,180.2,tie_down,heavy|jets,C,airline,,99851,2023-12-26T19:07:11.000Z
LEMD,412,40.49890933,-3.5923587,180.1,tie_down,heavy|jets,C,airline,,99851,2023-12-26T19:07:11.000Z
LEMD,394,40.48873583,-3.5918122,90.3,gate,jets,C,airline,ibe,99851,2023-12-26T19:07:11.000Z
LEMD,392,40.48835437,-3.59180833,90.0,gate,jets,C,airline,ibe,99851,2023-12-26T19:07:11.000Z
LEMD,390,40.48796674,-3.59180958,90.2,gate,jets,C,airline,ibe vlg,99851,2023-12-26T19:07:11.000Z
LEMD,388,40.48756805,-3.59179883,90.0,gate,jets,C,airline,ibe,99851,2023-12-26T19:07:11.000Z
LEMD,386,40.48716879,-3.59180121,90.6,gate,jets,C,airline,ibe vlg,99851,2023-12-26T19:07:11.000Z
LEMD,384,40.48678078,-3.59177923,89.8,gate,jets,C,airline,ibe vlg,99851,2023-12-26T19:07:11.000Z
LEMD,382,40.48638726,-3.5917696,90.0,gate,jets,C,airline,ibe,99851,2023-12-26T19:07:11.000Z
LEMD,380,40.48599225,-3.59176088,89.8,gate,jets,C,airline,ibe,99851,2023-12-26T19:07:11.000Z
LEMD,378,40.48595701,-3.58992148,-47.0,gate,jets,C,airline,ibe vlg,99851,2023-12-26T19:07:11.000Z
LEMD,377,40.4861881,-3.59000674,-89.4,gate,jets,C,airline,vlg ibe,99851,2023-12-26T19:07:11.000Z
LEMD,376,40.48629102,-3.58998214,-89.6,misc,heavy,D,none,,99851,2023-12-26T19:07:11.000Z
LEMD,534,40.49826058,-3.56870931,110.7,gate,heavy|jets|turboprops,C,none,,99851,2023-12-26T19:07:11.000Z
LEMD,536,40.49871058,-3.56857766,100.5,gate,heavy|jets,E,airline,,99851,2023-12-26T19:07:11.000Z
LEMD,600,40.4986749,-3.56375405,-89.9,tie_down,heavy|jets|turboprops,C,none,,99851,2023-12-26T19:07:11.000Z
LEMD,601,40.49849149,-3.56387308,-90.1,tie_down,heavy|jets|turboprops,E,airline,,99851,2023-12-26T19:07:11.000Z
LEMD,602,40.4983169,-3.5636513,-89.9,tie_down,heavy|jets|turboprops,C,none,,99851,2023-12-26T19:07:11.000Z
LEMD,604,40.4976898,-3.563861,-90.1,tie_down,heavy|jets|turboprops,E,none,ibe eve,99851,2023-12-26T19:07:11.000Z
LEMD,606,40.4971262,-3.56367312,-90.8,tie_down,heavy|jets|turboprops,D,airline,ibe,99851,2023-12-26T19:07:11.000Z
LEMD,608,40.49654547,-3.56378016,-90.2,tie_down,heavy|jets|turboprops,C,none,,99851,2023-12-26T19:07:11.000Z
LEMD,609,40.49636851,-3.56385003,-89.9,tie_down,heavy|jets|turboprops,E,airline,ibe eve,99851,2023-12-26T19:07:11.000Z
LEMD,610,40.49618939,-3.5636502,-89.9,tie_down,heavy|jets|turboprops,C,none,,99851,2023-12-26T19:07:11.000Z
LEMD,612,40.49472185,-3.56380333,-89.8,tie_down,heavy|jets|turboprops,E,airline,ibe,99851,2023-12-26T19:07:11.000Z
LEMD,614,40.49392049,-3.56380108,-90.4,tie_down,heavy|jets|turboprops,E,airline,ibe,99851,2023-12-26T19:07:11.000Z
LEMD,616,40.49332218,-3.56364993,-90.2,tie_down,heavy|jets|turboprops,D,none,ibe,99851,2023-12-26T19:07:11.000Z
LEMD,618,40.49270956,-3.56365138,-90.2,tie_down,heavy|jets|turboprops,D,none,ibe,99851,2023-12-26T19:07:11.000Z
LEMD,619,40.49242836,-3.56382112,-90.0,tie_down,heavy|jets|turboprops,E,airline,ibe,99851,2023-12-26T19:07:11.000Z
LEMD,620,40.49221034,-3.56361095,-90.0,tie_down,heavy|jets|turboprops,D,none,ibe,99851,2023-12-26T19:07:11.000Z
LEMD,622,40.49151665,-3.56381303,-90.0,tie_down,heavy|jets|turboprops,E,airline,ibe ava,99851,2023-12-26T19:07:11.000Z
LEMD,624,40.49035212,-3.56380054,-90.6,tie_down,heavy|jets|turboprops,E,airline,ibe eve,99851,2023-12-26T19:07:11.000Z
LEMD,626,40.48974143,-3.56358961,-90.5,tie_down,heavy|jets|turboprops,C,none,,99851,2023-12-26T19:07:11.000Z
LEMD,627,40.48952546,-3.56384893,-90.1,tie_down,heavy|jets|turboprops,F,airline,uae mas ibe,99851,2023-12-26T19:07:11.000Z
LEMD,628,40.48932291,-3.56354647,-89.9,tie_down,jets|turboprops,C,none,,99851,2023-12-26T19:07:11.000Z
LEMD,579,40.49013087,-3.56657866,-40.2,gate,heavy,E,airline,ibe lan ava,99851,2023-12-26T19:07:11.000Z
LEMD,577,40.49052705,-3.56677198,-90.5,gate,heavy,E,none,,99851,2023-12-26T19:07:11.000Z
LEMD,578,40.49036975,-3.56655409,-90.5,gate,heavy|jets,D,airline,qtr etd ibe,99851,2023-12-26T19:07:11.000Z
LEMD,576,40.4908535,-3.56657687,-90.4,gate,heavy|jets,D,airline,ibe bov aal cpa ram,99851,2023-12-26T19:07:11.000Z
LEMD,574,40.49125252,-3.56652006,269.5,gate,heavy|jets,C,none,,99851,2023-12-26T19:07:11.000Z
LEMD,573,40.49145873,-3.56678862,269.5,gate,heavy,E,airline,ibe aal cpa ava qtr eth,99851,2023-12-26T19:07:11.000Z
LEMD,572,40.49160793,-3.56679733,-90.0,gate,heavy|jets,C,none,,99851,2023-12-26T19:07:11.000Z
LEMD,570,40.49196612,-3.5665302,-90.5,gate,heavy|jets,C,none,,99851,2023-12-26T19:07:11.000Z
LEMD,569,40.49216438,-3.56682908,-90.5,gate,heavy,E,airline,ibe aal lan,99851,2023-12-26T19:07:11.000Z
LEMD,568,40.49231215,-3.56682159,-90.2,gate,heavy|jets,C,none,,99851,2023-12-26T19:07:11.000Z
LEMD,566,40.49279469,-3.56656666,-90.3,gate,heavy|jets,C,none,,99851,2023-12-26T19:07:11.000Z
LEMD,565,40.49302104,-3.56681227,-90.0,gate,heavy,E,airline,ibe qtr,99851,2023-12-26T19:07:11.000Z
LEMD,564,40.49314366,-3.56679353,-89.7,gate,heavy|jets,C,none,,99851,2023-12-26T19:07:11.000Z
LEMD,562,40.49352844,-3.56653787,-89.9,gate,heavy,C,airline,ibe baw,99851,2023-12-26T19:07:11.000Z
LEMD,560,40.49541856,-3.56654768,-89.9,gate,heavy|jets|turboprops|props|helos|fighters,C,none,,99851,2023-12-26T19:07:11.000Z
LEMD,559,40.49563993,-3.56682938,-89.9,gate,heavy|jets,E,airline,ive ava lan tam,99851,2023-12-26T19:07:11.000Z
LEMD,558,40.49577128,-3.5668251,-89.7,gate,heavy|jets|turboprops|props|helos|fighters,C,none,,99851,2023-12-26T19:07:11.000Z
LEMD,556,40.4962153,-3.56672623,-89.1,gate,heavy|jets,D,airline,ibe lan tam,99851,2023-12-26T19:07:11.000Z
LEMD,554,40.49677517,-3.56655891,-90.8,gate,heavy|jets|turboprops,C,none,,99851,2023-12-26T19:07:11.000Z
LEMD,553,40.49698448,-3.56682677,-85.8,gate,heavy|jets,E,airline,ibe ava lan,99851,2023-12-26T19:07:11.000Z
LEMD,552,40.49712544,-3.56685098,-90.0,gate,heavy|jets|turboprops,C,none,,99851,2023-12-26T19:07:11.000Z
LEMD,550,40.49748274,-3.56660273,-89.9,gate,heavy|jets|turboprops,C,none,,99851,2023-12-26T19:07:11.000Z
LEMD,549,40.49767099,-3.56684694,-90.1,gate,heavy|jets,E,airline,ibe lan ava,99851,2023-12-26T19:07:11.000Z
LEMD,548,40.4977941,-3.56679319,-97.2,gate,heavy|jets|turboprops,C,none,,99851,2023-12-26T19:07:11.000Z
LEMD,546,40.4982006,-3.56656714,-90.3,gate,heavy|jets|turboprops,C,none,,99851,2023-12-26T19:07:11.000Z
LEMD,545,40.49840914,-3.56684344,-89.9,gate,heavy|jets,E,airline,ibe qtr eth,99851,2023-12-26T19:07:11.000Z
LEMD,544,40.49854986,-3.56683707,-89.8,gate,heavy|jets|turboprops,C,none,,99851,2023-12-26T19:07:11.000Z
LEMD,542,40.49890758,-3.56656806,-90.0,gate,heavy|jets|turboprops,C,none,,99851,2023-12-26T19:07:11.000Z
LEMD,541,40.49912874,-3.56684994,-90.0,gate,heavy|jets,E,airline,ibe eth,99851,2023-12-26T19:07:11.000Z
LEMD,540,40.49926101,-3.56683189,-90.0,gate,heavy|jets|turboprops,C,none,,99851,2023-12-26T19:07:11.000Z
LEMD,539,40.4993058,-3.56739184,203.5,tie_down,heavy|jets,E,airline,ibe,99851,2023-12-26T19:07:11.000Z
LEMD,538,40.49929973,-3.56780288,154.5,tie_down,heavy|jets,E,none,ibe,99851,2023-12-26T19:07:11.000Z
LEMD,537,40.49897794,-3.56856333,155.7,gate,heavy|jets,E,airline,ibe,99851,2023-12-26T19:07:11.000Z
LEMD,533,40.49807999,-3.56848823,90.0,gate,heavy|jets,E,airline,ibe lan etd,99851,2023-12-26T19:07:11.000Z
LEMD,532,40.49792003,-3.56859018,90.0,gate,heavy|jets|turboprops,C,none,,99851,2023-12-26T19:07:11.000Z
LEMD,530,40.49756437,-3.56868755,89.8,gate,heavy|jets|turboprops,C,none,,99851,2023-12-26T19:07:11.000Z
LEMD,529,40.49740435,-3.56841627,90.2,gate,heavy|jets,E,airline,,99851,2023-12-26T19:07:11.000Z
LEMD,528,40.49721554,-3.56838241,90.0,gate,heavy|jets|turboprops,C,none,,99851,2023-12-26T19:07:11.000Z
LEMD,526,40.49686518,-3.56870624,90.1,gate,heavy|jets|turboprops,C,none,,99851,2023-12-26T19:07:11.000Z
LEMD,525,40.49668173,-3.56840611,90.0,gate,heavy|jets,E,airline,ibe,99851,2023-12-26T19:07:11.000Z
LEMD,524,40.49651248,-3.56837851,90.3,gate,heavy|jets|turboprops,C,none,,99851,2023-12-26T19:07:11.000Z
LEMD,522,40.49600845,-3.56856625,90.3,gate,heavy|jets,D,none,ibe ram baw,99851,2023-12-26T19:07:11.000Z
LEMD,520,40.49556427,-3.56863863,90.0,gate,heavy|jets|turboprops,C,none,,99851,2023-12-26T19:07:11.000Z
LEMD,519,40.49540266,-3.56846173,90.0,gate,heavy|jets,E,airline,ibe qtr,99851,2023-12-26T19:07:11.000Z
LEMD,518,40.4952091,-3.56842755,90.0,gate,heavy|jets|turboprops,C,none,,99851,2023-12-26T19:07:11.000Z
LEMD,516,40.49483149,-3.5686657,90.0,gate,heavy|jets|turboprops,C,none,,99851,2023-12-26T19:07:11.000Z
LEMD,515,40.49469451,-3.56840326,90.0,gate,heavy|jets,E,airline,ibe,99851,2023-12-26T19:07:11.000Z
LEMD,512,40.49451886,-3.56837178,82.4,gate,heavy|jets|turboprops,C,none,,99851,2023-12-26T19:07:11.000Z
LEMD,513,40.49460876,-3.56836491,90.0,gate,heavy|jets|turboprops,F,none,,99851,2023-12-26T19:07:11.000Z
LEMD,510,40.4940955,-3.56861166,90.0,gate,jets,C,airline,ibe baw fdb,99851,2023-12-26T19:07:11.000Z
LEMD,508,40.49373985,-3.56865705,89.5,gate,jets,C,none,,99851,2023-12-26T19:07:11.000Z
LEMD,505,40.49356416,-3.56841079,90.0,gate,heavy,E,airline,cpa uae lan ibe,99851,2023-12-26T19:07:11.000Z
LEMD,507,40.4936028,-3.56845599,90.0,gate,heavy,F,none,,99851,2023-12-26T19:07:11.000Z
LEMD,504,40.49339049,-3.56838447,90.0,gate,jets,C,none,,99851,2023-12-26T19:07:11.000Z
LEMD,502,40.4930182,-3.56867409,90.0,gate,jets,C,none,,99851,2023-12-26T19:07:11.000Z
LEMD,501,40.49285401,-3.56838173,90.0,gate,heavy|jets,E,airline,ibe,99851,2023-12-26T19:07:11.000Z
LEMD,500,40.49269976,-3.56840767,84.3,gate,jets,C,none,,99851,2023-12-26T19:07:11.000Z
LEMD,586,40.49075169,-3.56860689,90.0,gate,jets,C,none,,99851,2023-12-26T19:07:11.000Z
LEMD,585,40.49058467,-3.56841642,89.7,gate,heavy,E,airline,ibe baw lan,99851,2023-12-26T19:07:11.000Z
LEMD,584,40.49040654,-3.56835171,90.0,gate,jets,C,none,,99851,2023-12-26T19:07:11.000Z
LEMD,583,40.48998887,-3.56835915,80.5,gate,heavy,E,airline,ibe aal uae,99851,2023-12-26T19:07:11.000Z
LEMD,582,40.48967703,-3.56813116,33.4,tie_down,heavy,E,airline,ibe,99851,2023-12-26T19:07:11.000Z
LEMD,580,40.48972469,-3.5669489,340.5,tie_down,heavy,E,none,ibe,99851,2023-12-26T19:07:11.000Z
LEMD,581,40.48965003,-3.56762654,359.6,tie_down,heavy,E,airline,ibe,99851,2023-12-26T19:07:11.000Z
LEMD,420,40.49583876,-3.58755469,-89.7,tie_down,heavy,C,airline,,99851,2023-12-26T19:07:11.000Z
LEMD,422,40.49544078,-3.58756249,-89.8,tie_down,heavy,C,airline,,99851,2023-12-26T19:07:11.000Z
LEMD,424,40.49502174,-3.58754742,-89.8,tie_down,heavy,D,airline,,99851,2023-12-26T19:07:11.000Z
LEMD,426,40.49461961,-3.58756762,-89.7,tie_down,heavy,C,airline,,99851,2023-12-26T19:07:11.000Z
LEMD,428,40.49422356,-3.58755095,-89.7,tie_down,heavy,D,airline,,99851,2023-12-26T19:07:11.000Z
LEMD,430,40.49348815,-3.5875264,-89.8,tie_down,heavy,C,airline,,99851,2023-12-26T19:07:11.000Z
LEMD,432,40.49308074,-3.58751467,-89.9,tie_down,heavy,D,airline,,99851,2023-12-26T19:07:11.000Z
LEMD,434,40.49171228,-3.58752227,-89.7,tie_down,heavy,D,airline,,99851,2023-12-26T19:07:11.000Z
LEMD,436,40.4912329,-3.58752822,-89.7,tie_down,heavy,D,airline,,99851,2023-12-26T19:07:11.000Z
LEMD,438,40.49056185,-3.58753419,-89.8,tie_down,heavy,C,airline,,99851,2023-12-26T19:07:11.000Z
LEMD,440,40.4901069,-3.58752275,-89.8,tie_down,heavy,D,airline,,99851,2023-12-26T19:07:11.000Z
LEMD,442,40.48961484,-3.58751802,-89.6,tie_down,heavy,D,airline,,99851,2023-12-26T19:07:11.000Z
LEMD,444,40.48879319,-3.58750998,-89.6,tie_down,heavy,D,airline,,99851,2023-12-26T19:07:11.000Z
LEMD,446,40.48832315,-3.58752069,-90.0,tie_down,heavy,D,airline,,99851,2023-12-26T19:07:11.000Z
LEMD,448,40.48682379,-3.58771569,-89.7,tie_down,heavy,F,airline,,99851,2023-12-26T19:07:11.000Z
LEMD,374,40.48669501,-3.58999055,-89.7,gate,heavy,D,airline,,99851,2023-12-26T19:07:11.000Z
LEMD,372,40.48705535,-3.58996926,-89.7,gate,heavy,B,airline,,99851,2023-12-26T19:07:11.000Z
LEMD,370,40.48763794,-3.59000003,-90.0,gate,jets,C,airline,ibe,99851,2023-12-26T19:07:11.000Z
LEMD,368,40.48799771,-3.59000164,-90.0,gate,heavy,C,airline,,99851,2023-12-26T19:07:11.000Z
LEMD,366,40.48839594,-3.59001118,-90.0,gate,heavy,C,airline,,99851,2023-12-26T19:07:11.000Z
LEMD,364,40.48880204,-3.59001332,-90.0,gate,heavy,D,airline,,99851,2023-12-26T19:07:11.000Z
LEMD,362,40.48931447,-3.59001296,-89.8,gate,heavy,C,airline,,99851,2023-12-26T19:07:11.000Z
LEMD,360,40.48966181,-3.59001696,-90.0,gate,heavy,C,airline,,99851,2023-12-26T19:07:11.000Z
LEMD,358,40.4900534,-3.59002495,-90.4,gate,heavy,C,airline,,99851,2023-12-26T19:07:11.000Z
LEMD,356,40.49043384,-3.59003639,-90.5,gate,heavy,C,airline,,99851,2023-12-26T19:07:11.000Z
LEMD,354,40.49081747,-3.59004524,-90.1,gate,heavy,C,airline,,99851,2023-12-26T19:07:11.000Z
LEMD,352,40.49120406,-3.5900588,-90.0,gate,heavy,D,airline,,99851,2023-12-26T19:07:11.000Z
LEMD,350,40.49191348,-3.59006464,-90.4,gate,heavy,D,airline,,99851,2023-12-26T19:07:11.000Z
LEMD,348,40.49229625,-3.59003352,-90.4,gate,heavy,B,airline,,99851,2023-12-26T19:07:11.000Z
LEMD,346,40.4927083,-3.59005386,-89.6,gate,heavy,C,airline,,99851,2023-12-26T19:07:11.000Z
LEMD,344,40.49311135,-3.59006736,-89.8,gate,heavy,C,airline,,99851,2023-12-26T19:07:11.000Z
LEMD,342,40.49347987,-3.59007724,-90.2,gate,heavy,C,airline,,99851,2023-12-26T19:07:11.000Z
LEMD,340,40.49401631,-3.59007592,-89.6,gate,heavy,C,airline,,99851,2023-12-26T19:07:11.000Z
LEMD,338,40.49444984,-3.59007721,-90.6,gate,heavy,D,airline,,99851,2023-12-26T19:07:11.000Z
LEMD,336,40.4949668,-3.59008894,-89.7,gate,heavy,D,airline,,99851,2023-12-26T19:07:11.000Z
LEMD,334,40.4955285,-3.59009521,-89.8,gate,heavy,D,airline,,99851,2023-12-26T19:07:11.000Z
LEMD,332,40.4960466,-3.59009503,-90.1,gate,heavy,D,airline,,99851,2023-12-26T19:07:11.000Z
LEMD,330,40.49646612,-3.59009514,-90.2,gate,heavy,C,airline,,99851,2023-12-26T19:07:11.000Z
LEMD,329,40.49683993,-3.5891157,179.7,gate,jets|turboprops,B,airline,,99851,2023-12-26T19:07:11.000Z
LEMD,328,40.49683005,-3.58955065,179.4,gate,jets|turboprops,B,airline,,99851,2023-12-26T19:07:11.000Z
LEMD,326,40.49682627,-3.58998738,180.2,gate,jets|turboprops,B,airline,,99851,2023-12-26T19:07:11.000Z
LEMD,324,40.49681791,-3.59042336,180.2,gate,jets|turboprops,B,airline,,99851,2023-12-26T19:07:11.000Z
LEMD,322,40.49682259,-3.59135515,180.1,gate,jets|turboprops,B,airline,,99851,2023-12-26T19:07:11.000Z
LEMD,300,40.49412012,-3.59189416,90.4,gate,heavy,B,airline,,99851,2023-12-26T19:07:11.000Z
LEMD,302,40.49450172,-3.59190596,89.7,gate,heavy,B,airline,,99851,2023-12-26T19:07:11.000Z
LEMD,304,40.49487388,-3.5919004,90.0,gate,heavy,C,airline,,99851,2023-12-26T19:07:11.000Z
LEMD,306,40.49528864,-3.59189897,90.0,gate,heavy|jets,C,airline,,99851,2023-12-26T19:07:11.000Z
LEMD,308,40.49568412,-3.59190384,90.0,gate,heavy|jets,B,airline,,99851,2023-12-26T19:07:11.000Z
LEMD,310,40.49609309,-3.59190951,90.0,gate,heavy|jets,B,airline,,99851,2023-12-26T19:07:11.000Z
LEMD,312,40.49648998,-3.59176028,90.0,gate,heavy|jets|turboprops,B,airline,,99851,2023-12-26T19:07:11.000Z
LEMD,320,40.49682182,-3.59179929,179.8,gate,jets|turboprops,B,airline,,99851,2023-12-26T19:07:11.000Z
LEMD,411,40.49816039,-3.59234452,0.0,tie_down,heavy|jets,C,airline,,99851,2023-12-26T19:07:11.000Z
LEMD,410,40.49815975,-3.59184152,0.0,tie_down,heavy|jets,C,airline,,99851,2023-12-26T19:07:11.000Z
LEMD,408,40.49815258,-3.59132923,0.0,tie_down,heavy|jets,C,airline,,99851,2023-12-26T19:07:11.000Z
LEMD,406,40.49813386,-3.58997092,0.0,tie_down,heavy|jets,C,airline,,99851,2023-12-26T19:07:11.000Z
LEMD,404,40.49812811,-3.58947393,0.0,tie_down,heavy|jets,C,airline,,99851,2023-12-26T19:07:11.000Z
LEMD,402,40.49814583,-3.58896368,0.0,tie_down,heavy|jets,C,airline,,99851,2023-12-26T19:07:11.000Z
LEMD,400,40.498132,-3.58845968,0.0,tie_down,heavy|jets,C,airline,,99851,2023-12-26T19:07:11.000Z
LEMD,9,40.47502564,-3.57069869,24.3,tie_down,jets|turboprops,B,airline,afr,99851,2023-12-26T19:07:11.000Z
LEMD,8,40.47521496,-3.57093188,51.8,tie_down,jets|turboprops,B,airline,afr,99851,2023-12-26T19:07:11.000Z
LEMD,7,40.47544911,-3.57117237,51.9,tie_down,turboprops,C,airline,,99851,2023-12-26T19:07:11.000Z
LEMD,6,40.47623309,-3.57242807,323.0,tie_down,jets|turboprops,C,airline,aea,99851,2023-12-26T19:07:11.000Z
LEMD,5,40.47652659,-3.5727629,232.0,tie_down,jets|turboprops,C,airline,aea ryr,99851,2023-12-26T19:07:11.000Z
LEMD,4,40.47681418,-3.57305691,232.0,tie_down,jets|turboprops,C,airline,aea ryr,99851,2023-12-26T19:07:11.000Z
LEMD,3,40.47710043,-3.5733519,232.1,tie_down,jets|turboprops,C,airline,aea ryr klm,99851,2023-12-26T19:07:11.000Z
LEMD,2,40.47738856,-3.57364518,232.3,tie_down,jets|turboprops,C,airline,aea ryr klm,99851,2023-12-26T19:07:11.000Z
LEMD,1,40.47778055,-3.57404654,-107.2,tie_down,jets|turboprops,D,airline,aea ryr,99851,2023-12-26T19:07:11.000Z
LEMD,0,40.47812603,-3.57439926,252.7,tie_down,jets|turboprops,D,airline,aea ryr,99851,2023-12-26T19:07:11.000Z
LFPG,S06,49.01138337,2.53617495,-154.0,gate,heavy|jets,E,airline,,111022,2026-05-26T18:51:18.000Z
LFPG,S07,49.01178245,2.53618498,-133.3,gate,jets|turboprops,C,airline,,111022,2026-05-26T18:51:18.000Z
LFPG,S08,49.011546,2.53648313,-133.3,gate,jets|turboprops,C,airline,,111022,2026-05-26T18:51:18.000Z
LFPG,S09,49.01118002,2.53701095,-150.4,gate,jets|turboprops,C,airline,,111022,2026-05-26T18:51:18.000Z
LFPG,S10,49.01095277,2.53707139,-152.1,gate,heavy|jets,E,airline,,111022,2026-05-26T18:51:18.000Z
LFPG,S11,49.01086869,2.53717242,-153.5,gate,heavy,F,airline,,111022,2026-05-26T18:51:18.000Z
LFPG,S12,49.01086255,2.53761254,-159.4,gate,jets,C,airline,,111022,2026-05-26T18:51:18.000Z
LFPG,S13,49.01068423,2.53817113,-170.9,gate,heavy|jets|turboprops,E,airline,,111022,2026-05-26T18:51:18.000Z
LFPG,S14,49.01089191,2.53842973,-172.8,gate,heavy|jets|turboprops,C,airline,,111022,2026-05-26T18:51:18.000Z
LFPG,S15,49.01088324,2.53907387,175.7,gate,jets|turboprops,C,airline,,111022,2026-05-26T18:51:18.000Z
LFPG,S16,49.01073771,2.53920541,175.0,gate,heavy|jets|turboprops,E,airline,,111022,2026-05-26T18:51:18.000Z
LFPG,S17,49.01092193,2.53964651,175.6,gate,jets|turboprops,C,airline,,111022,2026-05-26T18:51:18.000Z
LFPG,S18,49.01076952,2.54007424,175.6,gate,heavy|jets|turboprops,E,airline,,111022,2026-05-26T18:51:18.000Z
LFPG,S19,49.01096321,2.54021621,175.6,gate,heavy|jets|turboprops,C,airline,,111022,2026-05-26T18:51:18.000Z
LFPG,S20,49.01101991,2.54088089,175.6,gate,heavy|jets|turboprops,B,airline,,111022,2026-05-26T18:51:18.000Z
LFPG,S21,49.01082622,2.54113043,175.6,gate,heavy|jets|turboprops,E,airline,,111022,2026-05-26T18:51:18.000Z
LFPG,S22,49.01104305,2.54134567,175.6,gate,heavy|jets|turboprops,B,airline,,111022,2026-05-26T18:51:18.000Z
LFPG,S23,49.01102566,2.54354494,175.6,gate,heavy|jets|turboprops,D,airline,,111022,2026-05-26T18:51:18.000Z
LFPG,S24,49.01115276,2.54444705,175.6,gate,heavy|jets|turboprops,C,airline,,111022,2026-05-26T18:51:18.000Z
LFPG,S25,49.01095093,2.54467343,175.6,gate,heavy|jets|turboprops,E,airline,,111022,2026-05-26T18:51:18.000Z
LFPG,S26,49.0111775,2.5450408,175.6,gate,heavy|jets|turboprops,C,airline,,111022,2026-05-26T18:51:18.000Z
LFPG,S27,49.01100361,2.54566116,175.6,gate,heavy|jets|turboprops,F,airline,,111022,2026-05-26T18:51:18.000Z
LFPG,R13,49.0137635,2.55043605,-105.6,tie_down,heavy|jets|turboprops,C,airline,afr,111022,2026-05-26T18:51:18.000Z
LFPG,R11,49.01419687,2.55027592,-102.1,tie_down,heavy|jets|turboprops,C,airline,afr,111022,2026-05-26T18:51:18.000Z
LFPG,R10,49.01469507,2.55015722,-96.2,tie_down,heavy|jets|turboprops,C,airline,afr,111022,2026-05-26T18:51:18.000Z
LFPG,R08,49.01518164,2.55009962,-94.8,tie_down,heavy|jets|turboprops,C,airline,afr,111022,2026-05-26T18:51:18.000Z
LFPG,R07,49.01566103,2.55000845,-94.8,tie_down,heavy|jets|turboprops,C,airline,afr,111022,2026-05-26T18:51:18.000Z
LFPG,R05,49.01614465,2.5499822,-94.8,tie_down,heavy|jets|turboprops,C,airline,afr,111022,2026-05-26T18:51:18.000Z
LFPG,R04,49.01661656,2.54992764,-94.8,tie_down,heavy|jets|turboprops,C,airline,afr,111022,2026-05-26T18:51:18.000Z
LFPG,R02,49.01710546,2.54986296,-94.8,tie_down,heavy|jets|turboprops,C,airline,afr,111022,2026-05-26T18:51:18.000Z
LFPG,R03,49.01702632,2.54982823,-94.8,tie_down,heavy|jets|turboprops,C,airline,afr,111022,2026-05-26T18:51:18.000Z
LFPG,R06,49.01606602,2.54994478,-94.8,tie_down,heavy|jets|turboprops,E,airline,afr,111022,2026-05-26T18:51:18.000Z
LFPG,R39,49.01697756,2.54976808,-94.8,tie_down,heavy|jets|turboprops,E,airline,afr,111022,2026-05-26T18:51:18.000Z
LFPG,R01,49.01763997,2.54972427,-94.8,tie_down,heavy|jets|turboprops,E,airline,afr,111022,2026-05-26T18:51:18.000Z
LFPG,R14,49.01324891,2.55065804,-106.0,tie_down,heavy|jets|turboprops,E,airline,afr,111022,2026-05-26T18:51:18.000Z
LFPG,R12,49.01393554,2.55027839,-104.0,tie_down,heavy|jets|turboprops,E,airline,afr,111022,2026-05-26T18:51:18.000Z
LFPG,R09,49.01510274,2.55006212,-94.8,tie_down,heavy|jets|turboprops,E,airline,afr,111022,2026-05-26T18:51:18.000Z
LFPG,S28,49.01124574,2.54622627,175.6,gate,heavy|jets|turboprops,C,airline,,111022,2026-05-26T18:51:18.000Z
LFPG,S29,49.01110456,2.54664141,175.6,gate,heavy|jets|turboprops,E,airline,,111022,2026-05-26T18:51:18.000Z
LFPG,S30,49.0111978,2.5468266,175.6,gate,heavy|jets|turboprops,C,airline,,111022,2026-05-26T18:51:18.000Z
LFPG,S31,49.0112699,2.54743129,175.1,gate,heavy|jets|turboprops,D,airline,,111022,2026-05-26T18:51:18.000Z
LFPG,U06,49.0130447,2.54424222,496.2,gate,jets|turboprops,C,airline,,111022,2026-05-26T18:51:18.000Z
LFPG,U07,49.01263261,2.54454102,135.5,gate,heavy|jets|turboprops,E,airline,,111022,2026-05-26T18:51:18.000Z
LFPG,U08,49.01270819,2.54462829,85.0,gate,jets|turboprops,E,airline,,111022,2026-05-26T18:51:18.000Z
LFPG,U10,49.01312525,2.54551862,-10.3,gate,heavy|jets|turboprops,E,airline,,111022,2026-05-26T18:51:18.000Z
LFPG,U11,49.01361892,2.54567249,-72.9,gate,heavy|jets|turboprops,F,airline,,111022,2026-05-26T18:51:18.000Z
LFPG,V4,49.0165487,2.54434353,-90.8,gate,heavy|jets|turboprops,E,airline,,111022,2026-05-26T18:51:18.000Z
LFPG,V5,49.01684432,2.5436697,-109.0,gate,heavy|jets|turboprops,E,airline,,111022,2026-05-26T18:51:18.000Z
LFPG,V06,49.01661409,2.54306631,196.1,gate,jets,C,airline,,111022,2026-05-26T18:51:18.000Z
LFPG,V07,49.01607201,2.54284266,196.1,tie_down,jets,C,airline,,111022,2026-05-26T18:51:18.000Z
LFPG,V08,49.0164379,2.54303051,174.5,gate,heavy|jets,E,airline,,111022,2026-05-26T18:51:18.000Z
LFPG,V9,49.01678127,2.5433416,-152.4,gate,jets|turboprops,C,airline,,111022,2026-05-26T18:51:18.000Z
LFPG,W01,49.01647528,2.54241578,376.9,gate,jets,C,airline,,111022,2026-05-26T18:51:18.000Z
LFPG,W02,49.0169756,2.54262228,16.2,tie_down,jets,C,airline,,111022,2026-05-26T18:51:18.000Z
LFPG,W03,49.01655509,2.5424358,-5.5,gate,heavy|jets|turboprops,D,airline,,111022,2026-05-26T18:51:18.000Z
LFPG,W04,49.01712875,2.54169054,-131.1,gate,heavy|jets|turboprops,D,airline,,111022,2026-05-26T18:51:18.000Z
LFPG,W05,49.01701912,2.54083986,-150.6,gate,heavy|jets,D,airline,,111022,2026-05-26T18:51:18.000Z
LFPG,W06,49.01658596,2.54062698,156.3,gate,heavy|jets|turboprops,C,airline,,111022,2026-05-26T18:51:18.000Z
LFPG,W07,49.01609596,2.54097168,156.3,tie_down,jets|turboprops,C,airline,,111022,2026-05-26T18:51:18.000Z
LFPG,W08,49.01651191,2.54067361,134.2,gate,heavy|jets|turboprops,D,airline,,111022,2026-05-26T18:51:18.000Z
LFPG,X01,49.01623743,2.54023692,336.1,gate,heavy|jets|turboprops,C,airline,,111022,2026-05-26T18:51:18.000Z
LFPG,X02,49.01668645,2.53992064,-24.6,gate,heavy|jets|turboprops,C,airline,,111022,2026-05-26T18:51:18.000Z
LFPG,X03,49.01632677,2.54013591,-46.4,gate,heavy|jets|turboprops,D,airline,,111022,2026-05-26T18:51:18.000Z
LFPG,X04,49.01641407,2.53904295,193.0,gate,heavy|jets|turboprops,D,airline,,111022,2026-05-26T18:51:18.000Z
LFPG,X05,49.0159676,2.53850256,170.6,gate,heavy|jets|turboprops,D,airline,,111022,2026-05-26T18:51:18.000Z
LFPG,X06,49.01555395,2.5387846,115.4,gate,heavy|jets|turboprops,C,airline,,111022,2026-05-26T18:51:18.000Z
LFPG,X07,49.0153278,2.53951038,115.4,gate,heavy|jets|turboprops,C,airline,,111022,2026-05-26T18:51:18.000Z
LFPG,X08,49.01552198,2.53893542,93.8,gate,heavy|jets|turboprops,E,airline,,111022,2026-05-26T18:51:18.000Z
LFPG,Y01,49.01511416,2.53885097,-64.9,gate,heavy|jets|turboprops,C,airline,,111022,2026-05-26T18:51:18.000Z
LFPG,Y02,49.01534754,2.53810304,-64.5,gate,heavy|jets|turboprops,C,airline,,111022,2026-05-26T18:51:18.000Z
LFPG,Y03,49.01515022,2.53872226,-86.7,gate,heavy|jets|turboprops,D,airline,,111022,2026-05-26T18:51:18.000Z
LFPG,Y04,49.01476981,2.53771418,513.4,gate,heavy|jets|turboprops,D,airline,,111022,2026-05-26T18:51:18.000Z
LFPG,Y05,49.01421452,2.53769013,129.7,gate,heavy|jets|turboprops,E,airline,,111022,2026-05-26T18:51:18.000Z
LFPG,Y06,49.01398961,2.53838314,75.3,gate,heavy|jets|turboprops,C,airline,,111022,2026-05-26T18:51:18.000Z
LFPG,Y07,49.01412274,2.53915676,435.8,gate,heavy|jets|turboprops,C,airline,,111022,2026-05-26T18:51:18.000Z
LFPG,Y08,49.01401977,2.53854615,57.5,gate,heavy|jets|turboprops,E,airline,,111022,2026-05-26T18:51:18.000Z
LFPG,Y09,49.01404859,2.53805967,86.9,gate,heavy|jets|turboprops,F,airline,,111022,2026-05-26T18:51:18.000Z
LFPG,Z01,49.0136747,2.53880434,616.6,gate,heavy|jets|turboprops,C,airline,,111022,2026-05-26T18:51:18.000Z
LFPG,Z02,49.01354412,2.53806574,-103.9,gate,heavy|jets|turboprops,C,airline,,111022,2026-05-26T18:51:18.000Z
LFPG,Z03,49.01365012,2.53870227,-125.8,gate,heavy|jets|turboprops,E,airline,,111022,2026-05-26T18:51:18.000Z
LFPG,Z04,49.01293248,2.53831525,109.2,gate,heavy|jets|turboprops,E,airline,,111022,2026-05-26T18:51:18.000Z
LFPG,Z05,49.01250061,2.53890657,451.1,gate,heavy|jets|turboprops,D,airline,,111022,2026-05-26T18:51:18.000Z
LFPG,Z06,49.01253094,2.5397287,44.3,gate,heavy|jets|turboprops,C,airline,,111022,2026-05-26T18:51:18.000Z
LFPG,Z07,49.01279375,2.54009111,395.9,gate,heavy|jets|turboprops,E,airline,,111022,2026-05-26T18:51:18.000Z
LFPG,Z08,49.0130489,2.54002362,4.7,gate,heavy|jets|turboprops,E,airline,,111022,2026-05-26T18:51:18.000Z
LFPG,Z09,49.01284464,2.53986448,10.9,gate,heavy|jets|turboprops,F,airline,,111022,2026-05-26T18:51:18.000Z
LFPG,A01,48.99976244,2.56070053,153.9,gate,heavy|jets|turboprops,E,airline,,111022,2026-05-26T18:51:18.000Z
LFPG,A03,48.99983765,2.56147775,175.3,gate,heavy|jets|turboprops,D,airline,,111022,2026-05-26T18:51:18.000Z
LFPG,A04,49.00199927,2.56056053,28.4,gate,heavy|jets|turboprops,F,airline,,111022,2026-05-26T18:51:18.000Z
LFPG,A05,48.9999199,2.56246202,175.7,gate,heavy|jets|turboprops,E,airline,,111022,2026-05-26T18:51:18.000Z
LFPG,A06,49.00194828,2.56047948,3.2,gate,heavy|jets|turboprops,C,airline,,111022,2026-05-26T18:51:18.000Z
LFPG,A07,48.99996885,2.56337918,175.8,gate,heavy|jets|turboprops,E,airline,,111022,2026-05-26T18:51:18.000Z
LFPG,A09,49.00002114,2.5642972,175.9,gate,heavy|jets|turboprops,E,airline,,111022,2026-05-26T18:51:18.000Z
LFPG,A10,49.00191325,2.56214677,-16.7,gate,heavy|jets|turboprops,D,airline,,111022,2026-05-26T18:51:18.000Z
LFPG,A12,49.00182387,2.56299478,337.0,gate,heavy|jets|turboprops,C,airline,,111022,2026-05-26T18:51:18.000Z
LFPG,A16,49.00186508,2.56360816,-19.0,gate,heavy|jets|turboprops,C,airline,,111022,2026-05-26T18:51:18.000Z
LFPG,A14,49.00196803,2.56360766,6.4,gate,heavy|jets|turboprops,D,airline,,111022,2026-05-26T18:51:18.000Z
LFPG,A18,49.00219171,2.56426417,-20.4,gate,heavy|jets|turboprops,D,airline,,111022,2026-05-26T18:51:18.000Z
LFPG,A32,49.00192099,2.55820976,47.5,gate,jets|turboprops,C,airline,ice aca,111022,2026-05-26T18:51:18.000Z
LFPG,A34,49.00189506,2.55861358,54.9,gate,heavy|jets|turboprops,E,airline,ice aca,111022,2026-05-26T18:51:18.000Z
LFPG,A36,49.00183443,2.55856544,14.4,gate,jets|turboprops,C,airline,ice aca,111022,2026-05-26T18:51:18.000Z
LFPG,A38,49.00175893,2.55911445,13.6,gate,heavy|jets,D,airline,ice aca,111022,2026-05-26T18:51:18.000Z
LFPG,B01,49.00702834,2.56334773,-4.4,gate,jets|turboprops,C,airline,,111022,2026-05-26T18:51:18.000Z
LFPG,B02,49.00529877,2.56385577,-133.9,gate,heavy|jets|turboprops,C,airline,,111022,2026-05-26T18:51:18.000Z
LFPG,B03,49.00700542,2.56271984,-4.4,gate,jets|turboprops,C,airline,,111022,2026-05-26T18:51:18.000Z
LFPG,B04,49.00525081,2.56339773,-144.7,gate,heavy|jets|turboprops,E,airline,,111022,2026-05-26T18:51:18.000Z
LFPG,B05,49.00697207,2.56217057,-4.8,gate,jets|turboprops,C,airline,,111022,2026-05-26T18:51:18.000Z
LFPG,B06,49.0053152,2.56343067,-165.4,gate,heavy|jets|turboprops,C,airline,,111022,2026-05-26T18:51:18.000Z
LFPG,B07,49.00693443,2.56162419,-4.2,gate,jets|turboprops,C,airline,,111022,2026-05-26T18:51:18.000Z
LFPG,B09,49.00690481,2.56107413,-4.1,gate,jets|turboprops,C,airline,,111022,2026-05-26T18:51:18.000Z
LFPG,B15,49.00684706,2.55997169,-4.6,gate,jets|turboprops,C,airline,,111022,2026-05-26T18:51:18.000Z
LFPG,B11,49.00687053,2.56052309,-4.6,gate,jets|turboprops,C,airline,,111022,2026-05-26T18:51:18.000Z
LFPG,B13,49.00692752,2.56041751,6.9,gate,heavy|jets|turboprops,E,airline,,111022,2026-05-26T18:51:18.000Z
LFPG,C02,49.00211375,2.56580221,18.4,gate,heavy|jets|turboprops,E,airline,,111022,2026-05-26T18:51:18.000Z
LFPG,C03,49.00032108,2.56694211,158.5,gate,heavy|jets|turboprops,C,airline,,111022,2026-05-26T18:51:18.000Z
LFPG,CFW,49.00212464,2.56591096,18.2,gate,heavy|jets|turboprops,F,airline,,111022,2026-05-26T18:51:18.000Z
LFPG,C04,49.00206919,2.56668371,11.5,gate,heavy|jets|turboprops,D,airline,,111022,2026-05-26T18:51:18.000Z
LFPG,C04A,49.00201558,2.5666895,2.9,gate,heavy|jets|turboprops,C,airline,,111022,2026-05-26T18:51:18.000Z
LFPG,C05,49.0002277,2.56786439,158.6,gate,heavy|jets|turboprops,E,airline,,111022,2026-05-26T18:51:18.000Z
LFPG,C06,49.00201782,2.56738689,-4.5,gate,heavy|jets|turboprops,C,airline,,111022,2026-05-26T18:51:18.000Z
LFPG,C07,49.00028126,2.56868154,175.2,gate,heavy|jets|turboprops,E,airline,,111022,2026-05-26T18:51:18.000Z
LFPG,C08,49.00223489,2.5682145,-5.1,gate,heavy|jets|turboprops,E,airline,,111022,2026-05-26T18:51:18.000Z
LFPG,CF9,49.00026981,2.56804688,228.8,gate,heavy|jets|turboprops,F,airline,,111022,2026-05-26T18:51:18.000Z
LFPG,C10,49.00206171,2.568969,-17.9,gate,heavy|jets|turboprops,C,airline,,111022,2026-05-26T18:51:18.000Z
LFPG,C12,49.00225515,2.56900922,-23.0,gate,heavy|jets|turboprops,D,airline,,111022,2026-05-26T18:51:18.000Z
LFPG,CFE,49.00252909,2.56970137,341.9,gate,heavy|jets|turboprops,F,airline,,111022,2026-05-26T18:51:18.000Z
LFPG,C14,49.00252005,2.56972527,-41.5,gate,heavy|jets|turboprops,E,airline,,111022,2026-05-26T18:51:18.000Z
LFPG,D02,49.00534613,2.5693884,-119.3,gate,heavy|jets|turboprops,C,airline,,111022,2026-05-26T18:51:18.000Z
LFPG,D03,49.00729721,2.56843797,-4.3,gate,jets|turboprops,C,airline,,111022,2026-05-26T18:51:18.000Z
LFPG,D04,49.00542933,2.56903714,-121.7,gate,heavy|jets|turboprops,F,airline,,111022,2026-05-26T18:51:18.000Z
LFPG,D05,49.0072491,2.56787488,-4.6,gate,jets|turboprops,C,airline,,111022,2026-05-26T18:51:18.000Z
LFPG,D06,49.0054226,2.5689457,-153.6,gate,heavy|jets|turboprops,C,airline,,111022,2026-05-26T18:51:18.000Z
LFPG,D07,49.00728098,2.56737646,-4.4,gate,heavy|jets|turboprops,D,airline,,111022,2026-05-26T18:51:18.000Z
LFPG,D08,49.0056048,2.56844294,-152.8,gate,heavy|jets|turboprops,C,airline,,111022,2026-05-26T18:51:18.000Z
LFPG,D09,49.00724162,2.56730408,-4.6,gate,jets|turboprops,C,airline,,111022,2026-05-26T18:51:18.000Z
LFPG,D10,49.00553919,2.56811641,-148.1,gate,heavy|jets|turboprops,E,airline,,111022,2026-05-26T18:51:18.000Z
LFPG,D11,49.00719686,2.56674491,-4.5,gate,jets|turboprops,C,airline,,111022,2026-05-26T18:51:18.000Z
LFPG,D12,49.00552256,2.56804444,168.7,gate,heavy|jets|turboprops,C,airline,,111022,2026-05-26T18:51:18.000Z
LFPG,D13,49.00723351,2.56662971,-4.3,gate,heavy|jets|turboprops,D,airline,,111022,2026-05-26T18:51:18.000Z
LFPG,D14,49.00557534,2.56737728,175.7,gate,heavy|jets|turboprops,C,airline,,111022,2026-05-26T18:51:18.000Z
LFPG,D15,49.00717822,2.56617787,-4.3,gate,jets|turboprops,C,airline,,111022,2026-05-26T18:51:18.000Z
LFPG,D16,49.00556581,2.56665812,175.3,gate,heavy|jets|turboprops,D,airline,,111022,2026-05-26T18:51:18.000Z
LFPG,D17,49.00719814,2.56587914,-4.7,gate,heavy|jets|turboprops,D,airline,,111022,2026-05-26T18:51:18.000Z
LFPG,D18,49.00550386,2.56595572,165.4,gate,heavy|jets|turboprops,C,airline,,111022,2026-05-26T18:51:18.000Z
LFPG,D19,49.00714792,2.56561089,-4.1,gate,jets|turboprops,C,airline,,111022,2026-05-26T18:51:18.000Z
LFPG,D20,49.00542965,2.56529053,-179.3,gate,heavy|jets|turboprops,C,airline,,111022,2026-05-26T18:51:18.000Z
LFPG,D22,49.00522508,2.56506669,176.1,gate,heavy|jets|turboprops,E,airline,,111022,2026-05-26T18:51:18.000Z
LFPG,D24,49.00521703,2.56500255,143.0,gate,heavy|jets|turboprops,C,airline,,111022,2026-05-26T18:51:18.000Z
LFPG,E05,49.0032863,2.58414305,85.8,gate,heavy|jets|turboprops,B,airline,afr,111022,2026-05-26T18:51:18.000Z
LFPG,E09,49.00290658,2.58422371,85.8,gate,heavy|jets|turboprops,C,airline,afr,111022,2026-05-26T18:51:18.000Z
LFPG,E10,49.00121835,2.57366927,69.4,gate,jets|turboprops,C,airline,,111022,2026-05-26T18:51:18.000Z
LFPG,E12,49.00120584,2.5738266,54.5,gate,heavy|jets|turboprops,D,airline,,111022,2026-05-26T18:51:18.000Z
LFPG,E13,49.00252888,2.58426189,85.2,gate,heavy|jets|turboprops,C,airline,afr,111022,2026-05-26T18:51:18.000Z
LFPG,E14,49.00141217,2.5744345,12.9,gate,heavy|jets|turboprops,F,airline,,111022,2026-05-26T18:51:18.000Z
LFPG,E16,49.00134127,2.57437783,-0.9,gate,heavy|jets|turboprops,D,airline,,111022,2026-05-26T18:51:18.000Z
LFPG,E17,49.00204192,2.58431935,85.8,gate,heavy|jets|turboprops,C,airline,afr,111022,2026-05-26T18:51:18.000Z
LFPG,E18,49.00149213,2.57527471,-4.5,gate,heavy|jets|turboprops,E,airline,,111022,2026-05-26T18:51:18.000Z
LFPG,E20,49.00155299,2.57624898,-4.5,gate,heavy|jets|turboprops,E,airline,,111022,2026-05-26T18:51:18.000Z
LFPG,E21,49.00166109,2.58436624,85.8,gate,heavy|jets|turboprops,C,airline,afr,111022,2026-05-26T18:51:18.000Z
LFPG,E22,49.00164474,2.57720413,-4.4,gate,heavy|jets|turboprops,E,airline,,111022,2026-05-26T18:51:18.000Z
LFPG,E24,49.00170689,2.57819065,-4.6,gate,heavy|jets|turboprops,E,airline,,111022,2026-05-26T18:51:18.000Z
LFPG,E25,49.00127958,2.58441397,85.8,gate,heavy|jets|turboprops,C,airline,afr,111022,2026-05-26T18:51:18.000Z
LFPG,E26,49.00172295,2.5791827,-4.6,gate,heavy|jets|turboprops,E,airline,,111022,2026-05-26T18:51:18.000Z
LFPG,E29,49.00089843,2.58446267,85.6,gate,heavy|jets|turboprops,C,airline,afr,111022,2026-05-26T18:51:18.000Z
LFPG,E30,49.00171885,2.58017767,-4.1,gate,heavy|jets|turboprops,E,airline,,111022,2026-05-26T18:51:18.000Z
LFPG,E32,49.00171178,2.58114188,-3.6,gate,heavy|jets|turboprops,E,airline,,111022,2026-05-26T18:51:18.000Z
LFPG,E34,49.00169917,2.58220856,18.9,gate,heavy|jets|turboprops,D,airline,,111022,2026-05-26T18:51:18.000Z
LFPG,E38,49.00250252,2.5813994,-126.8,gate,heavy|jets|turboprops,E,airline,,111022,2026-05-26T18:51:18.000Z
LFPG,E40,49.00261967,2.58081205,-149.2,gate,heavy|jets|turboprops,C,airline,,111022,2026-05-26T18:51:18.000Z
LFPG,E42,49.00241853,2.58029401,-174.4,gate,heavy|jets|turboprops,C,airline,,111022,2026-05-26T18:51:18.000Z
LFPG,E44,49.00261074,2.57948031,-131.1,gate,heavy|jets|turboprops,C,airline,,111022,2026-05-26T18:51:18.000Z
LFPG,F02,49.00548283,2.57363111,79.0,gate,jets|turboprops,C,airline,afr,111022,2026-05-26T18:51:18.000Z
LFPG,F03,49.00743132,2.58379869,84.9,gate,heavy|jets|turboprops,E,airline,afr,111022,2026-05-26T18:51:18.000Z
LFPG,F04,49.0058179,2.57352752,88.3,gate,heavy|jets|turboprops,C,airline,afr,111022,2026-05-26T18:51:18.000Z
LFPG,F09,49.00667788,2.58389038,85.5,gate,heavy|jets|turboprops,E,airline,afr,111022,2026-05-26T18:51:18.000Z
LFPG,F08,49.00617934,2.57336912,85.5,gate,heavy|jets|turboprops,C,airline,afr,111022,2026-05-26T18:51:18.000Z
LFPG,F10,49.00649853,2.5732587,99.6,gate,heavy|jets|turboprops,C,airline,afr,111022,2026-05-26T18:51:18.000Z
LFPG,F14,49.00674547,2.57329908,136.0,gate,heavy|jets|turboprops,C,airline,afr,111022,2026-05-26T18:51:18.000Z
LFPG,F15,49.00591277,2.58403501,85.6,gate,heavy|jets|turboprops,F,airline,afr,111022,2026-05-26T18:51:18.000Z
LFPG,F16,49.00692965,2.57362158,159.0,gate,heavy|jets|turboprops,D,airline,afr,111022,2026-05-26T18:51:18.000Z
LFPG,F20,49.00708829,2.57399867,-176.2,gate,jets|turboprops,B,airline,afr,111022,2026-05-26T18:51:18.000Z
LFPG,F22,49.00713116,2.57444455,-151.9,gate,heavy|jets|turboprops,B,airline,afr,111022,2026-05-26T18:51:18.000Z
LFPG,F26,49.00708785,2.57515953,-155.3,gate,heavy|jets|turboprops,C,airline,afr,111022,2026-05-26T18:51:18.000Z
LFPG,F28,49.00703686,2.57527656,-116.2,gate,heavy|jets|turboprops,E,airline,afr,111022,2026-05-26T18:51:18.000Z
LFPG,F30,49.00687056,2.57554542,-134.8,gate,heavy|jets|turboprops,C,airline,afr,111022,2026-05-26T18:51:18.000Z
LFPG,F32,49.00657013,2.57565725,-111.3,gate,heavy|jets|turboprops,C,airline,afr,111022,2026-05-26T18:51:18.000Z
LFPG,F66,49.00630633,2.57773314,100.3,gate,jets|turboprops,C,airline,afr klm,111022,2026-05-26T18:51:18.000Z
LFPG,F68,49.00662002,2.57773192,122.1,gate,jets|turboprops,D,airline,afr klm,111022,2026-05-26T18:51:18.000Z
LFPG,F70,49.00702521,2.57773269,126.9,gate,jets|turboprops,C,airline,afr klm,111022,2026-05-26T18:51:18.000Z
LFPG,F72,49.00701388,2.57776134,157.5,gate,heavy|jets|turboprops,D,airline,afr klm,111022,2026-05-26T18:51:18.000Z
LFPG,F74,49.00695456,2.57777428,173.0,gate,heavy|jets|turboprops,F,airline,afr klm,111022,2026-05-26T18:51:18.000Z
LFPG,F76,49.007192,2.57797709,164.5,gate,jets|turboprops,C,airline,afr klm,111022,2026-05-26T18:51:18.000Z
LFPG,F80,49.00732569,2.57847345,168.8,gate,jets|turboprops,B,airline,afr klm,111022,2026-05-26T18:51:18.000Z
LFPG,F82,49.00733087,2.57914051,-176.5,gate,jets|turboprops,C,airline,afr klm,111022,2026-05-26T18:51:18.000Z
LFPG,F84,49.00731675,2.57951413,-135.6,gate,jets|turboprops,C,airline,afr klm,111022,2026-05-26T18:51:18.000Z
LFPG,F86,49.00710483,2.57992772,-128.2,gate,jets|turboprops,C,airline,afr klm,111022,2026-05-26T18:51:18.000Z
LFPG,F90,49.00683273,2.58005174,-104.5,gate,jets|turboprops,C,airline,afr klm,111022,2026-05-26T18:51:18.000Z
LFPG,F92,49.00650111,2.57997742,-92.6,gate,jets|turboprops,C,airline,afr klm,111022,2026-05-26T18:51:18.000Z
LFPG,F94,49.00615664,2.58010647,-85.5,gate,heavy|jets|turboprops,C,airline,afr klm,111022,2026-05-26T18:51:18.000Z
LFPG,F96,49.00583594,2.58009129,-71.9,gate,jets|turboprops,C,airline,afr klm,111022,2026-05-26T18:51:18.000Z
LFPG,L27,49.00775129,2.59110457,-94.6,gate,heavy|jets|turboprops,F,airline,afr,111022,2026-05-26T18:51:18.000Z
LFPG,L33,49.00696683,2.59120468,-94.6,gate,heavy|jets|turboprops,F,airline,afr,111022,2026-05-26T18:51:18.000Z
LFPG,L39,49.00618495,2.59130594,-94.6,gate,heavy|jets|turboprops,F,airline,afr,111022,2026-05-26T18:51:18.000Z
LFPG,L53,49.00388136,2.59167508,-94.6,gate,heavy|jets|turboprops,F,airline,afr,111022,2026-05-26T18:51:18.000Z
LFPG,L59,49.00309246,2.59175169,-94.6,gate,heavy|jets|turboprops,F,airline,afr,111022,2026-05-26T18:51:18.000Z
LFPG,L65,49.00231068,2.5918513,-94.6,gate,heavy|jets|turboprops,F,airline,afr,111022,2026-05-26T18:51:18.000Z
LFPG,L71,49.00152512,2.59194961,-94.6,gate,heavy|jets|turboprops,F,airline,afr,111022,2026-05-26T18:51:18.000Z
LFPG,K01,49.00755382,2.58528462,-94.8,gate,heavy|jets|turboprops,E,airline,afr,111022,2026-05-26T18:51:18.000Z
LFPG,K05,49.00748273,2.5852282,-94.8,gate,heavy|jets|turboprops,E,airline,afr,111022,2026-05-26T18:51:18.000Z
LFPG,K09,49.00688394,2.58537492,-94.8,gate,heavy|jets|turboprops,E,airline,afr,111022,2026-05-26T18:51:18.000Z
LFPG,K13,49.00629948,2.58545475,-95.0,gate,heavy|jets|turboprops,D,airline,afr,111022,2026-05-26T18:51:18.000Z
LFPG,K17,49.00623012,2.58544979,-95.0,gate,heavy|jets|turboprops,E,airline,afr,111022,2026-05-26T18:51:18.000Z
LFPG,K21,49.00558147,2.58553498,-95.0,gate,heavy|jets|turboprops,F,airline,afr,111022,2026-05-26T18:51:18.000Z
LFPG,K26,49.00769982,2.58974303,85.1,gate,heavy|jets|turboprops,E,airline,afr,111022,2026-05-26T18:51:18.000Z
LFPG,K32,49.0070508,2.58983461,85.5,gate,heavy|jets|turboprops,E,airline,afr,111022,2026-05-26T18:51:18.000Z
LFPG,K38,49.00640318,2.58992938,85.2,gate,heavy|jets|turboprops,E,airline,afr,111022,2026-05-26T18:51:18.000Z
LFPG,K44,49.00575153,2.58998813,85.7,gate,heavy|jets|turboprops,E,airline,afr,111022,2026-05-26T18:51:18.000Z
LFPG,K52,49.00395426,2.59018201,85.4,gate,heavy|jets|turboprops,E,airline,afr,111022,2026-05-26T18:51:18.000Z
LFPG,K53,49.00364336,2.58574079,-95.2,gate,heavy|jets|turboprops,F,airline,afr,111022,2026-05-26T18:51:18.000Z
LFPG,K58,49.0033005,2.59027147,85.4,gate,heavy|jets|turboprops,E,airline,afr,111022,2026-05-26T18:51:18.000Z
LFPG,K59,49.00283209,2.58583905,-94.8,gate,heavy|jets|turboprops,F,airline,afr,111022,2026-05-26T18:51:18.000Z
LFPG,K64,49.00265266,2.59036191,85.1,gate,heavy|jets|turboprops,E,airline,afr,111022,2026-05-26T18:51:18.000Z
LFPG,K65,49.00202716,2.58595931,-97.8,gate,heavy|jets|turboprops,F,airline,afr,111022,2026-05-26T18:51:18.000Z
LFPG,K70,49.00200283,2.59044364,85.1,gate,heavy|jets|turboprops,E,airline,afr,111022,2026-05-26T18:51:18.000Z
LFPG,K71,49.00138117,2.5860365,-79.6,gate,heavy|jets|turboprops,F,airline,afr,111022,2026-05-26T18:51:18.000Z
LFPG,K76,49.0013481,2.59052817,85.2,gate,heavy|jets|turboprops,E,airline,afr,111022,2026-05-26T18:51:18.000Z
LFPG,J01,49.00422619,2.59778191,76.8,gate,jets|turboprops,B,airline,,111022,2026-05-26T18:51:18.000Z
LFPG,J02,49.00390604,2.5978502,85.8,gate,jets|turboprops,B,airline,,111022,2026-05-26T18:51:18.000Z
LFPG,J03,49.0036191,2.59791824,81.7,gate,jets|turboprops,B,airline,,111022,2026-05-26T18:51:18.000Z
LFPG,J04,49.00362176,2.59838917,-95.0,gate,jets|turboprops,B,airline,,111022,2026-05-26T18:51:18.000Z
LFPG,J05,49.00404146,2.59834589,-94.5,gate,jets|turboprops,B,airline,,111022,2026-05-26T18:51:18.000Z
LFPG,J06,49.00434167,2.59836192,-102.9,gate,jets|turboprops,B,airline,,111022,2026-05-26T18:51:18.000Z
LFPG,J10,49.00484102,2.60008358,72.9,gate,jets|turboprops,B,airline,,111022,2026-05-26T18:51:18.000Z
LFPG,J11,49.00446169,2.60012975,85.8,gate,jets|turboprops,B,airline,,111022,2026-05-26T18:51:18.000Z
LFPG,J12,49.00413035,2.60016998,85.7,gate,jets|turboprops,B,airline,,111022,2026-05-26T18:51:18.000Z
LFPG,J13,49.00386076,2.6000437,46.2,gate,jets|turboprops,B,airline,,111022,2026-05-26T18:51:18.000Z
LFPG,J14,49.00388951,2.60044467,-4.3,gate,jets|turboprops,B,airline,,111022,2026-05-26T18:51:18.000Z
LFPG,J16,49.00393595,2.60089456,-13.6,gate,jets|turboprops,B,airline,,111022,2026-05-26T18:51:18.000Z
LFPG,J18,49.00410064,2.60107849,-93.8,gate,jets|turboprops,B,airline,,111022,2026-05-26T18:51:18.000Z
LFPG,J20,49.004405,2.60102215,-95.3,gate,jets|turboprops,B,airline,,111022,2026-05-26T18:51:18.000Z
LFPG,J21,49.00470718,2.60097047,-93.2,gate,jets|turboprops,B,airline,,111022,2026-05-26T18:51:18.000Z
LFPG,J30,49.00481753,2.60286081,85.6,gate,jets|turboprops,B,airline,,111022,2026-05-26T18:51:18.000Z
LFPG,J31,49.00451011,2.60283904,85.2,gate,jets|turboprops,B,airline,,111022,2026-05-26T18:51:18.000Z
LFPG,J33,49.00420255,2.60280485,85.4,gate,jets|turboprops,B,airline,,111022,2026-05-26T18:51:18.000Z
LFPG,J34,49.00399566,2.60292894,42.1,gate,jets|turboprops,B,airline,,111022,2026-05-26T18:51:18.000Z
LFPG,J37,49.00407997,2.60354738,-4.2,gate,jets|turboprops,B,airline,,111022,2026-05-26T18:51:18.000Z
LFPG,J38,49.0041024,2.60391472,-45.2,gate,jets|turboprops,B,airline,,111022,2026-05-26T18:51:18.000Z
LFPG,J39,49.00431045,2.60378851,-94.7,gate,jets|turboprops,B,airline,,111022,2026-05-26T18:51:18.000Z
LFPG,J40,49.00462469,2.6037373,-94.8,gate,jets|turboprops,B,airline,,111022,2026-05-26T18:51:18.000Z
LFPG,J41,49.00499403,2.6036605,-82.6,gate,jets|turboprops,B,airline,,111022,2026-05-26T18:51:18.000Z
LFPG,Q1,49.01152656,2.55287514,175.6,gate,heavy|jets|turboprops,E,airline,,111022,2026-05-26T18:51:18.000Z
LFPG,Q2,49.01157373,2.55376574,175.5,gate,heavy|jets|turboprops,C,airline,,111022,2026-05-26T18:51:18.000Z
LFPG,Q3,49.0115598,2.55402174,175.6,gate,heavy|jets|turboprops,E,airline,,111022,2026-05-26T18:51:18.000Z
LFPG,Q4,49.01160142,2.55430846,175.8,gate,heavy|jets|turboprops,C,airline,,111022,2026-05-26T18:51:18.000Z
LFPG,Q5,49.01163243,2.55485492,175.6,gate,heavy|jets|turboprops,C,airline,,111022,2026-05-26T18:51:18.000Z
LFPG,Q6,49.01165354,2.55508971,175.6,gate,heavy|jets|turboprops,E,airline,,111022,2026-05-26T18:51:18.000Z
LFPG,Q7,49.01167822,2.55539801,175.6,gate,heavy|jets|turboprops,D,airline,,111022,2026-05-26T18:51:18.000Z
LFPG,Q8,49.0116926,2.55595771,175.6,gate,heavy|jets|turboprops,C,airline,,111022,2026-05-26T18:51:18.000Z
LFPG,Q9,49.01171355,2.55622573,175.6,gate,heavy|jets|turboprops,E,airline,,111022,2026-05-26T18:51:18.000Z
LFPG,Q10,49.0117212,2.55650494,175.6,gate,heavy|jets|turboprops,C,airline,,111022,2026-05-26T18:51:18.000Z
LFPG,Q11,49.01175345,2.557045,175.6,gate,heavy|jets|turboprops,C,airline,,111022,2026-05-26T18:51:18.000Z
LFPG,Q12,49.01362476,2.55662682,-4.3,gate,heavy|jets|turboprops,C,airline,,111022,2026-05-26T18:51:18.000Z
LFPG,Q13,49.01362048,2.55650482,-4.8,gate,heavy|jets|turboprops,E,airline,,111022,2026-05-26T18:51:18.000Z
LFPG,Q14,49.01358966,2.55600909,-4.8,gate,heavy|jets|turboprops,C,airline,,111022,2026-05-26T18:51:18.000Z
LFPG,Q15,49.01356858,2.55552056,-4.8,gate,heavy|jets|turboprops,E,airline,,111022,2026-05-26T18:51:18.000Z
LFPG,Q16,49.01355384,2.55535869,-4.5,gate,heavy|jets|turboprops,C,airline,,111022,2026-05-26T18:51:18.000Z
LFPG,Q17,49.0135482,2.55464174,-4.4,gate,heavy|jets|turboprops,E,airline,,111022,2026-05-26T18:51:18.000Z
LFPG,Q18,49.0135035,2.55448535,-4.1,gate,heavy|jets|turboprops,C,airline,,111022,2026-05-26T18:51:18.000Z
LFPG,Q19,49.01347817,2.55402987,-4.1,gate,heavy|jets|turboprops,C,airline,,111022,2026-05-26T18:51:18.000Z
LFPG,Q20,49.01345063,2.55349945,-4.1,gate,heavy|jets|turboprops,E,airline,,111022,2026-05-26T18:51:18.000Z
LFPG,Q21,49.01341852,2.55339672,-4.1,gate,heavy|jets|turboprops,D,airline,,111022,2026-05-26T18:51:18.000Z
LFPG,M06,49.00037196,2.54594296,-4.4,gate,heavy|jets|turboprops,E,cargo,,111022,2026-05-26T18:51:18.000Z
LFPG,M07,49.00032984,2.54495619,-4.5,gate,heavy|jets|turboprops,E,cargo,,111022,2026-05-26T18:51:18.000Z
LFPG,M08,49.00026835,2.54397037,-4.5,gate,heavy|jets|turboprops,E,cargo,,111022,2026-05-26T18:51:18.000Z
LFPG,M09,49.00024913,2.54297746,-4.4,gate,heavy|jets|turboprops,E,cargo,,111022,2026-05-26T18:51:18.000Z
LFPG,M10,49.00017759,2.54198717,-4.5,gate,heavy|jets|turboprops,E,cargo,,111022,2026-05-26T18:51:18.000Z
LFPG,M11,49.00013708,2.54098205,-4.6,gate,heavy|jets|turboprops,E,cargo,,111022,2026-05-26T18:51:18.000Z
LFPG,M12,49.00005902,2.54001099,-4.3,gate,heavy|jets|turboprops,E,cargo,,111022,2026-05-26T18:51:18.000Z
LFPG,M13,49.00001592,2.53906883,-4.8,gate,heavy|jets|turboprops,E,cargo,,111022,2026-05-26T18:51:18.000Z
LFPG,M14,48.99996815,2.53800226,-4.5,gate,heavy|jets|turboprops,E,cargo,,111022,2026-05-26T18:51:18.000Z
LFPG,M15,48.99991414,2.53704886,-4.8,gate,heavy|jets|turboprops,E,cargo,,111022,2026-05-26T18:51:18.000Z
LFPG,M16,48.99992246,2.53635904,28.7,gate,heavy|jets|turboprops,F,cargo,,111022,2026-05-26T18:51:18.000Z
LFPG,M17,48.99984445,2.53472409,-39.0,gate,heavy|jets|turboprops,E,cargo,,111022,2026-05-26T18:51:18.000Z
LFPG,M21,48.99999277,2.5363167,-4.2,gate,heavy|jets|turboprops,C,cargo,,111022,2026-05-26T18:51:18.000Z
LFPG,M23,48.99997229,2.53582218,-4.2,gate,heavy|jets|turboprops,C,cargo,,111022,2026-05-26T18:51:18.000Z
LFPG,M26,48.99983804,2.53479218,-43.6,tie_down,jets|turboprops,C,none,,111022,2026-05-26T18:51:18.000Z
LFPG,M20,48.99936092,2.53633125,175.7,tie_down,jets|turboprops,B,none,,111022,2026-05-26T18:51:18.000Z
LFPG,M22,48.99974349,2.53628932,175.7,tie_down,jets|turboprops,B,none,,111022,2026-05-26T18:51:18.000Z
LFPG,N01,48.99671552,2.53123321,-94.6,gate,heavy|jets|turboprops,E,cargo,,111022,2026-05-26T18:51:18.000Z
LFPG,N02,48.99616878,2.53135491,-93.9,gate,heavy|jets|turboprops,D,cargo,,111022,2026-05-26T18:51:18.000Z
LFPG,N03,48.99560265,2.53138271,-94.9,gate,heavy|jets|turboprops,E,cargo,,111022,2026-05-26T18:51:18.000Z
LFPG,N04,48.99498596,2.53174153,-94.9,gate,heavy|jets|turboprops,E,cargo,,111022,2026-05-26T18:51:18.000Z
LFPG,N05,48.9943183,2.53182013,-94.7,gate,heavy|jets|turboprops,E,cargo,,111022,2026-05-26T18:51:18.000Z
LFPG,N06,48.99364946,2.53190811,-94.6,gate,heavy|jets|turboprops,E,cargo,,111022,2026-05-26T18:51:18.000Z
LFPG,N08,48.99223965,2.53202707,-94.6,gate,heavy|jets|turboprops,E,cargo,,111022,2026-05-26T18:51:18.000Z
LFPG,N09,48.99157434,2.53214292,-94.6,gate,heavy|jets|turboprops,E,cargo,,111022,2026-05-26T18:51:18.000Z
LFPG,N10,48.99086719,2.53222818,-95.0,gate,heavy|jets|turboprops,E,cargo,,111022,2026-05-26T18:51:18.000Z
LFPG,N11,48.99019607,2.53230198,-94.5,gate,heavy|jets|turboprops,E,cargo,,111022,2026-05-26T18:51:18.000Z
LFPG,N31,48.99575657,2.53151896,-94.9,gate,heavy|jets|turboprops,C,cargo,,111022,2026-05-26T18:51:18.000Z
LFPG,N33,48.99544297,2.53157158,-94.9,gate,jets|turboprops,C,cargo,,111022,2026-05-26T18:51:18.000Z
LFPG,N41,48.99511937,2.53162552,-94.9,gate,jets|turboprops,C,cargo,,111022,2026-05-26T18:51:18.000Z
LFPG,N43,48.99481181,2.53190345,-94.9,gate,jets|turboprops,C,cargo,,111022,2026-05-26T18:51:18.000Z
LFPG,N51,48.99444647,2.53195164,-94.7,gate,jets|turboprops,C,cargo,,111022,2026-05-26T18:51:18.000Z
LFPG,N53,48.9940907,2.53204702,-94.6,gate,jets|turboprops,C,cargo,,111022,2026-05-26T18:51:18.000Z
LFPG,N60,48.99147506,2.53269758,-95.0,gate,heavy|jets|turboprops,B,cargo,,111022,2026-05-26T18:51:18.000Z
LFPG,N63,48.99139657,2.53205538,-144.9,gate,heavy|jets|turboprops,C,cargo,,111022,2026-05-26T18:51:18.000Z
LFPG,N69,48.99250003,2.53269592,-4.7,gate,jets|turboprops,C,none,,111022,2026-05-26T18:51:18.000Z
LFPG,N68,48.99241645,2.5328595,85.0,gate,jets|turboprops,C,none,,111022,2026-05-26T18:51:18.000Z
LFPG,N61,48.99138809,2.5328274,175.2,gate,jets|turboprops,C,none,,111022,2026-05-26T18:51:18.000Z
LFPG,N79,48.99112382,2.53286029,-4.3,gate,jets|turboprops,C,none,,111022,2026-05-26T18:51:18.000Z
LFPG,N78,48.99104445,2.5330261,84.6,gate,jets|turboprops,C,none,,111022,2026-05-26T18:51:18.000Z
LFPG,N72,48.99006212,2.53226815,-95.2,gate,jets|turboprops,B,none,,111022,2026-05-26T18:51:18.000Z
LFPG,N71,48.99000838,2.5329981,175.0,gate,jets|turboprops,C,none,,111022,2026-05-26T18:51:18.000Z
LFPG,N70,48.99009631,2.53286826,-94.9,gate,jets|turboprops,B,none,,111022,2026-05-26T18:51:18.000Z
LFPG,N73,48.99001888,2.53221851,-144.4,gate,heavy|jets|turboprops,F,cargo,,111022,2026-05-26T18:51:18.000Z
LFPG,P70,48.99272414,2.53589027,85.3,gate,jets|turboprops,B,cargo,,111022,2026-05-26T18:51:18.000Z
LFPG,P71,48.99241065,2.53593777,85.3,gate,jets|turboprops,B,cargo,,111022,2026-05-26T18:51:18.000Z
LFPG,P72,48.99209707,2.53599534,85.3,gate,jets|turboprops,C,cargo,,111022,2026-05-26T18:51:18.000Z
LFPG,P73,48.99178334,2.53604004,85.3,gate,jets|turboprops,C,cargo,,111022,2026-05-26T18:51:18.000Z
LFPG,P74,48.9913442,2.5360902,85.3,gate,jets|turboprops,C,cargo,,111022,2026-05-26T18:51:18.000Z
LFPG,P75,48.99103044,2.53613891,85.3,gate,jets|turboprops,C,cargo,,111022,2026-05-26T18:51:18.000Z
LFPG,P76,48.99071348,2.53608353,85.2,gate,jets|turboprops,B,cargo,,111022,2026-05-26T18:51:18.000Z
LFPG,P80,48.99274433,2.53631644,-113.1,gate,jets|turboprops,B,cargo,,111022,2026-05-26T18:51:18.000Z
LFPG,P81,48.99236279,2.53641506,-128.3,gate,jets|turboprops,B,cargo,,111022,2026-05-26T18:51:18.000Z
LFPG,P82,48.99215796,2.5369771,-169.9,gate,jets|turboprops,B,cargo,,111022,2026-05-26T18:51:18.000Z
LFPG,P83,48.99216456,2.53756944,160.1,gate,jets|turboprops,B,cargo,,111022,2026-05-26T18:51:18.000Z
LFPG,P84,48.99244952,2.538073,118.9,gate,jets|turboprops,B,cargo,,111022,2026-05-26T18:51:18.000Z
LFPG,P85,48.99280248,2.53806998,119.1,gate,jets|turboprops,B,cargo,,111022,2026-05-26T18:51:18.000Z
LFPG,P86,48.99320108,2.53815931,88.2,gate,jets|turboprops,C,cargo,,111022,2026-05-26T18:51:18.000Z
LFPG,P90,48.99109784,2.53689697,-4.5,gate,heavy|jets|turboprops,F,cargo,,111022,2026-05-26T18:51:18.000Z
LFPG,P91,48.99113227,2.53792034,-4.5,gate,heavy|jets|turboprops,E,cargo,,111022,2026-05-26T18:51:18.000Z
LFPG,P92,48.99084353,2.53662167,-4.5,gate,heavy|jets|turboprops,C,cargo,,111022,2026-05-26T18:51:18.000Z
LFPG,P93,48.99103113,2.53731766,-4.4,gate,heavy|jets|turboprops,D,cargo,,111022,2026-05-26T18:51:18.000Z
LFPG,P94,48.99107283,2.53802998,-4.5,gate,heavy|jets|turboprops,C,cargo,,111022,2026-05-26T18:51:18.000Z
LFPG,G10,49.00327334,2.55628873,164.2,gate,jets|turboprops,B,airline,afr dlh,111022,2026-05-26T18:51:18.000Z
LFPG,G11,49.00328509,2.5564871,144.2,gate,jets|turboprops,B,airline,afr dlh,111022,2026-05-26T18:51:18.000Z
LFPG,G12,49.00329287,2.55664671,162.4,gate,jets|turboprops,B,airline,afr dlh,111022,2026-05-26T18:51:18.000Z
LFPG,G13,49.00332569,2.55695894,145.5,gate,jets|turboprops,B,airline,afr dlh,111022,2026-05-26T18:51:18.000Z
LFPG,G14,49.0032994,2.5570314,163.7,gate,jets|turboprops,B,airline,afr dlh,111022,2026-05-26T18:51:18.000Z
LFPG,G20,49.00401818,2.55605082,175.4,gate,jets|turboprops,B,airline,afr dlh,111022,2026-05-26T18:51:18.000Z
LFPG,G21,49.00401458,2.55607623,-139.9,gate,jets|turboprops,B,airline,afr dlh,111022,2026-05-26T18:51:18.000Z
LFPG,G22,49.00403302,2.55651255,175.9,gate,jets|turboprops,B,airline,afr dlh,111022,2026-05-26T18:51:18.000Z
LFPG,G23,49.00405304,2.55697865,175.9,gate,jets|turboprops,B,airline,afr dlh,111022,2026-05-26T18:51:18.000Z
LFPG,G24,49.00403852,2.55671429,-140.4,gate,jets|turboprops,B,airline,afr dlh,111022,2026-05-26T18:51:18.000Z
LFPG,G35,49.00497542,2.55713379,28.3,gate,jets|turboprops,C,airline,afr dlh ezy,111022,2026-05-26T18:51:18.000Z
LFPG,G31,49.00495329,2.55617417,-3.5,gate,jets|turboprops,C,airline,afr dlh ezy,111022,2026-05-26T18:51:18.000Z
LFPG,H01,49.01620013,2.57865841,-4.5,gate,heavy|jets|turboprops,E,airline,afr,111022,2026-05-26T18:51:18.000Z
LFPG,H02,49.01611012,2.57767608,-4.5,gate,heavy|jets|turboprops,E,airline,afr,111022,2026-05-26T18:51:18.000Z
LFPG,H03,49.01606739,2.57668631,-4.5,gate,heavy|jets|turboprops,E,airline,afr,111022,2026-05-26T18:51:18.000Z
LFPG,H04,49.01600047,2.5757005,-4.5,gate,heavy|jets|turboprops,E,airline,afr,111022,2026-05-26T18:51:18.000Z
LFPG,H05,49.0134727,2.57899419,175.3,gate,heavy|jets|turboprops,E,airline,afr,111022,2026-05-26T18:51:18.000Z
LFPG,H06,49.01341891,2.57800754,175.5,gate,heavy|jets|turboprops,E,airline,afr,111022,2026-05-26T18:51:18.000Z
LFPG,H07,49.01336959,2.57701841,175.5,gate,heavy|jets|turboprops,E,airline,afr,111022,2026-05-26T18:51:18.000Z
LFPG,H08,49.01333597,2.57602831,175.5,gate,heavy|jets|turboprops,F,airline,afr,111022,2026-05-26T18:51:18.000Z
LFPG,H09,49.01558894,2.57455791,-4.5,gate,heavy|jets|turboprops,E,airline,afr,111022,2026-05-26T18:51:18.000Z
LFPG,H10,49.01553496,2.57356936,-4.5,gate,heavy|jets|turboprops,E,airline,afr,111022,2026-05-26T18:51:18.000Z
LFPG,H11,49.01360402,2.57480114,175.5,gate,heavy|jets|turboprops,E,airline,afr,111022,2026-05-26T18:51:18.000Z
LFPG,H12,49.01360366,2.57380737,175.5,gate,heavy|jets|turboprops,E,airline,afr,111022,2026-05-26T18:51:18.000Z
LFPG,H20,49.01615027,2.5787663,-4.5,gate,jets|turboprops,C,airline,afr,111022,2026-05-26T18:51:18.000Z
LFPG,H21,49.01610156,2.57817446,-4.5,gate,jets|turboprops,C,airline,afr,111022,2026-05-26T18:51:18.000Z
LFPG,H22,49.01605828,2.57758142,-4.5,gate,jets|turboprops,C,airline,afr,111022,2026-05-26T18:51:18.000Z
LFPG,H23,49.01618127,2.57852256,-4.5,gate,heavy|jets|turboprops,F,airline,afr,111022,2026-05-26T18:51:18.000Z
LFPG,H30,49.01601863,2.57679261,-4.5,gate,jets|turboprops,C,airline,afr,111022,2026-05-26T18:51:18.000Z
LFPG,H34,49.01599163,2.57619849,-4.5,gate,jets|turboprops,C,airline,afr,111022,2026-05-26T18:51:18.000Z
LFPG,H40,49.01595554,2.57560572,-4.5,gate,jets|turboprops,C,airline,afr,111022,2026-05-26T18:51:18.000Z
LFPG,H50,49.01359117,2.57908266,175.3,gate,jets|turboprops,C,airline,afr,111022,2026-05-26T18:51:18.000Z
LFPG,H55,49.01350408,2.57856577,175.3,gate,heavy|jets|turboprops,F,airline,afr,111022,2026-05-26T18:51:18.000Z
LFPG,H60,49.01353399,2.57789303,175.5,gate,jets|turboprops,C,airline,afr,111022,2026-05-26T18:51:18.000Z
LFPG,H65,49.01356943,2.57848486,175.5,gate,jets|turboprops,C,airline,afr,111022,2026-05-26T18:51:18.000Z
LFPG,H70,49.01348537,2.5771042,175.5,gate,jets|turboprops,C,airline,afr,111022,2026-05-26T18:51:18.000Z
LFPG,H80,49.01342378,2.57591869,175.5,gate,jets|turboprops,C,airline,afr,111022,2026-05-26T18:51:18.000Z
LFPG,H87,49.01345252,2.57651042,175.4,gate,jets|turboprops,C,airline,afr,111022,2026-05-26T18:51:18.000Z
LFPG,EN20,49.01513622,2.51182378,175.4,tie_down,heavy|jets|turboprops,E,airline,,111022,2026-05-26T18:51:18.000Z
LFPG,EN21,49.01509349,2.51084206,175.4,tie_down,heavy|jets|turboprops,E,airline,,111022,2026-05-26T18:51:18.000Z
LFPG,EN22,49.01503701,2.50985595,175.4,tie_down,heavy|jets|turboprops,E,airline,,111022,2026-05-26T18:51:18.000Z
LFPG,EN23,49.01498851,2.50886885,175.4,tie_down,heavy|jets|turboprops,E,airline,,111022,2026-05-26T18:51:18.000Z
LFPG,EN24,49.01493933,2.50788636,175.4,tie_down,heavy|jets|turboprops,E,none,,111022,2026-05-26T18:51:18.000Z
LFPG,EN40,49.0136906,2.50791928,-94.9,gate,heavy|jets|turboprops,D,airline,,111022,2026-05-26T18:51:18.000Z
LFPG,EN41,49.01304311,2.50784026,-94.9,gate,heavy|jets|turboprops,E,airline,,111022,2026-05-26T18:51:18.000Z
LFPG,EN42,49.01242861,2.50794504,-94.9,gate,heavy|jets|turboprops,E,airline,,111022,2026-05-26T18:51:18.000Z
LFPG,EN43,49.0123832,2.50789849,-94.9,gate,heavy|jets|turboprops,E,airline,,111022,2026-05-26T18:51:18.000Z
LFPG,EN56,49.01324717,2.51131588,-94.0,gate,heavy|jets|turboprops,F,none,,111022,2026-05-26T18:51:18.000Z
LFPG,EN50,49.01375405,2.51018346,85.3,gate,heavy|jets|turboprops,B,airline,,111022,2026-05-26T18:51:18.000Z
LFPG,EN57,49.01413372,2.51364668,-4.3,gate,heavy|jets|turboprops,C,airline,,111022,2026-05-26T18:51:18.000Z
LFPG,EN49,49.00914324,2.509937,354.5,tie_down,heavy|jets|turboprops,C,airline,,111022,2026-05-26T18:51:18.000Z
LFPG,EN51,49.01320832,2.51055794,85.3,gate,heavy|jets|turboprops,C,airline,,111022,2026-05-26T18:51:18.000Z
LFPG,EN52,49.01244035,2.51052196,138.2,gate,heavy|jets|turboprops,C,airline,,111022,2026-05-26T18:51:18.000Z
LFPG,EN55,49.01186677,2.5106087,136.0,gate,heavy|jets|turboprops,C,airline,,111022,2026-05-26T18:51:18.000Z
LFPG,EN80,49.01366053,2.51502951,85.6,tie_down,jets|turboprops,C,airline,,111022,2026-05-26T18:51:18.000Z
LFPG,EN81,49.01333199,2.51504971,85.6,tie_down,jets|turboprops,C,airline,,111022,2026-05-26T18:51:18.000Z
LFPG,EN82,49.01300696,2.51509802,85.6,tie_down,jets|turboprops,C,airline,,111022,2026-05-26T18:51:18.000Z
LFPG,EN83,49.01267956,2.51513317,85.6,tie_down,jets|turboprops,C,airline,,111022,2026-05-26T18:51:18.000Z
LFPG,EN90,49.01389144,2.51874961,-94.1,tie_down,jets|turboprops,C,airline,,111022,2026-05-26T18:51:18.000Z
LFPG,EN92,49.01342226,2.51879433,-94.1,tie_down,jets|turboprops,C,airline,,111022,2026-05-26T18:51:18.000Z
LFPG,EN93,49.01295138,2.51885207,-94.1,tie_down,jets|turboprops,C,airline,,111022,2026-05-26T18:51:18.000Z
LFPG,I20,49.01311599,2.50256675,-94.7,gate,heavy|jets|turboprops,C,cargo,fdx,111022,2026-05-26T18:51:18.000Z
LFPG,I21,49.01250151,2.50229908,-94.7,gate,heavy|jets|turboprops,D,cargo,fdx,111022,2026-05-26T18:51:18.000Z
LFPG,I22,49.01232602,2.50226144,-94.7,gate,heavy|jets|turboprops,E,cargo,fdx,111022,2026-05-26T18:51:18.000Z
LFPG,I23,49.01196608,2.50236496,-94.7,gate,heavy|jets|turboprops,D,cargo,fdx,111022,2026-05-26T18:51:18.000Z
LFPG,I24,49.01143475,2.50241568,-94.7,gate,heavy|jets|turboprops,D,cargo,fdx,111022,2026-05-26T18:51:18.000Z
LFPG,I25,49.01090615,2.50247382,-94.7,gate,heavy|jets|turboprops,D,cargo,fdx,111022,2026-05-26T18:51:18.000Z
LFPG,I26,49.01053537,2.50244735,-94.7,gate,heavy|jets|turboprops,C,cargo,fdx,111022,2026-05-26T18:51:18.000Z
LFPG,I04,49.01360349,2.50492096,-4.8,gate,heavy|jets|turboprops,C,cargo,,111022,2026-05-26T18:51:18.000Z
LFPG,I05,49.01363657,2.50554192,-4.8,gate,heavy|jets|turboprops,C,cargo,,111022,2026-05-26T18:51:18.000Z
LFPG,I06,49.01367255,2.50616307,-4.8,gate,heavy|jets|turboprops,C,cargo,,111022,2026-05-26T18:51:18.000Z
LFPG,I07,49.01370208,2.50669378,37.3,gate,heavy|jets|turboprops,D,cargo,,111022,2026-05-26T18:51:18.000Z
LFPG,I12,49.01216477,2.50683733,154.0,gate,heavy|jets|turboprops,E,cargo,,111022,2026-05-26T18:51:18.000Z
LFPG,I11,49.01222858,2.5063406,175.6,gate,heavy|jets|turboprops,C,cargo,,111022,2026-05-26T18:51:18.000Z
LFPG,I10,49.0121957,2.50571924,175.6,gate,heavy|jets|turboprops,C,cargo,,111022,2026-05-26T18:51:18.000Z
LFPG,I09,49.01216042,2.50509801,175.6,gate,heavy|jets|turboprops,C,cargo,,111022,2026-05-26T18:51:18.000Z
LFPG,I14,49.01149865,2.50584494,86.1,gate,heavy|jets|turboprops,F,cargo,,111022,2026-05-26T18:51:18.000Z
LFPG,I16,49.01085682,2.50591186,86.1,gate,heavy|jets|turboprops,F,cargo,,111022,2026-05-26T18:51:18.000Z
LFPG,I18,49.0102059,2.50599956,85.2,gate,heavy|jets|turboprops,F,cargo,,111022,2026-05-26T18:51:18.000Z
LFPG,I15,49.01096897,2.50583237,85.2,gate,heavy|jets|turboprops,E,cargo,,111022,2026-05-26T18:51:18.000Z
LFPG,I17,49.01043007,2.50587853,85.2,gate,heavy|jets|turboprops,E,cargo,,111022,2026-05-26T18:51:18.000Z
LFPG,I19,49.00989524,2.50594451,85.2,gate,heavy|jets|turboprops,E,cargo,,111022,2026-05-26T18:51:18.000Z
LFPG,I27,49.01035498,2.50230479,-94.7,gate,heavy|jets|turboprops,E,cargo,fdx,111022,2026-05-26T18:51:18.000Z
LFPG,I3H,49.01454368,2.49998283,-142.9,tie_down,turboprops,C,cargo,fdx,111022,2026-05-26T18:51:18.000Z
LFPG,I3G,49.01455863,2.50043553,-142.9,tie_down,turboprops,C,cargo,fdx,111022,2026-05-26T18:51:18.000Z
LFPG,I3F,49.01458338,2.50090205,-142.9,tie_down,turboprops,C,cargo,fdx,111022,2026-05-26T18:51:18.000Z
LFPG,I3D,49.01459638,2.50155223,-142.9,tie_down,turboprops,C,cargo,fdx,111022,2026-05-26T18:51:18.000Z
LFPG,I3C,49.01462356,2.50205178,-142.9,tie_down,turboprops,C,cargo,fdx,111022,2026-05-26T18:51:18.000Z
LFPG,I3B,49.0146509,2.50253587,-139.6,tie_down,turboprops,C,cargo,fdx,111022,2026-05-26T18:51:18.000Z
LFPG,I4X,49.01323897,2.49609983,-49.5,tie_down,jets|turboprops,C,cargo,fdx,111022,2026-05-26T18:51:18.000Z
LFPG,I4W,49.01326401,2.4965643,-49.5,tie_down,jets|turboprops,C,cargo,fdx,111022,2026-05-26T18:51:18.000Z
LFPG,I4V,49.01328967,2.49703208,-49.5,tie_down,jets|turboprops,C,cargo,fdx,111022,2026-05-26T18:51:18.000Z
LFPG,I4U,49.01332125,2.49760867,-49.5,tie_down,jets|turboprops,C,cargo,fdx,111022,2026-05-26T18:51:18.000Z
LFPG,I4T,49.01334832,2.4980741,-49.5,tie_down,jets|turboprops,C,cargo,fdx,111022,2026-05-26T18:51:18.000Z
LFPG,I4S,49.01337163,2.49854189,-49.5,tie_down,jets|turboprops,C,cargo,fdx,111022,2026-05-26T18:51:18.000Z
LFPG,I4R,49.01339738,2.49900858,-49.5,tie_down,jets|turboprops,C,cargo,fdx,111022,2026-05-26T18:51:18.000Z
LFPG,I4P,49.01342406,2.49947689,-49.5,tie_down,jets|turboprops,C,cargo,fdx,111022,2026-05-26T18:51:18.000Z
LFPG,I4O,49.01344908,2.49994115,-49.5,tie_down,jets|turboprops,C,cargo,fdx,111022,2026-05-26T18:51:18.000Z
LFPG,I4N,49.01346707,2.50039293,-49.5,tie_down,jets|turboprops,C,cargo,fdx,111022,2026-05-26T18:51:18.000Z
LFPG,I4M,49.01349339,2.50085833,-49.5,tie_down,jets|turboprops,C,cargo,fdx,111022,2026-05-26T18:51:18.000Z
LFPG,I4L,49.01351935,2.50132489,-49.5,tie_down,jets|turboprops,C,cargo,fdx,111022,2026-05-26T18:51:18.000Z
LFPG,I4K,49.01354523,2.50179106,-49.5,tie_down,jets|turboprops,C,cargo,fdx,111022,2026-05-26T18:51:18.000Z
LFPG,I4J,49.01357033,2.50225851,-49.5,tie_down,jets|turboprops,C,cargo,fdx,111022,2026-05-26T18:51:18.000Z
LFPG,I3A,49.01467508,2.50303017,-139.6,tie_down,turboprops,C,cargo,fdx,111022,2026-05-26T18:51:18.000Z
LFPG,I35,49.01506939,2.50319879,-4.4,gate,heavy|jets|turboprops,D,none,fdx,111022,2026-05-26T18:51:18.000Z
LFPG,I36,49.01502927,2.50248392,-4.4,gate,heavy|jets|turboprops,D,none,fdx,111022,2026-05-26T18:51:18.000Z
LFPG,I37,49.01499247,2.5017676,-4.4,gate,heavy|jets|turboprops,D,none,fdx,111022,2026-05-26T18:51:18.000Z
LFPG,I38,49.01494297,2.50081817,-4.4,gate,heavy|jets|turboprops,D,none,fdx,111022,2026-05-26T18:51:18.000Z
LFPG,I39,49.01490437,2.50011256,-4.5,gate,heavy|jets|turboprops,D,none,fdx,111022,2026-05-26T18:51:18.000Z
LFPG,I41,49.01314976,2.50221539,175.7,gate,heavy|jets|turboprops,E,cargo,fdx,111022,2026-05-26T18:51:18.000Z
LFPG,I40,49.01339303,2.50266016,-170.8,gate,heavy|jets|turboprops,C,cargo,fdx,111022,2026-05-26T18:51:18.000Z
LFPG,I42,49.01324659,2.50213294,175.2,gate,heavy|jets|turboprops,D,cargo,fdx,111022,2026-05-26T18:51:18.000Z
LFPG,I43,49.01308542,2.50119266,175.2,gate,heavy|jets|turboprops,E,cargo,fdx,111022,2026-05-26T18:51:18.000Z
LFPG,I44,49.01306983,2.50037458,175.2,gate,heavy|jets|turboprops,D,cargo,fdx,111022,2026-05-26T18:51:18.000Z
LFPG,I45,49.01302993,2.4995772,175.2,gate,heavy|jets|turboprops,D,cargo,fdx,111022,2026-05-26T18:51:18.000Z
LFPG,I46,49.01298646,2.49876604,175.2,gate,heavy|jets|turboprops,D,cargo,fdx,111022,2026-05-26T18:51:18.000Z
LFPG,I47,49.01293888,2.49795491,175.2,gate,heavy|jets|turboprops,D,cargo,fdx,111022,2026-05-26T18:51:18.000Z
LFPG,I48,49.01285581,2.49698602,175.2,gate,heavy|jets|turboprops,E,cargo,fdx,111022,2026-05-26T18:51:18.000Z
LFPG,I49,49.01284339,2.49616927,175.2,gate,heavy|jets|turboprops,D,cargo,fdx,111022,2026-05-26T18:51:18.000Z
LFPG,I50,49.0126859,2.49536962,175.5,gate,heavy|jets|turboprops,E,cargo,,111022,2026-05-26T18:51:18.000Z
LFPG,I51,49.01245225,2.49458784,85.4,gate,heavy|jets|turboprops,D,cargo,fdx,111022,2026-05-26T18:51:18.000Z
LFPG,I52,49.01221969,2.49468125,85.4,gate,heavy|jets|turboprops,E,cargo,fdx,111022,2026-05-26T18:51:18.000Z
LFPG,I53,49.0119153,2.49458688,85.4,gate,heavy|jets|turboprops,D,cargo,fdx,111022,2026-05-26T18:51:18.000Z
LFPG,I54,49.01156853,2.49477466,85.4,gate,heavy|jets|turboprops,E,cargo,fdx,111022,2026-05-26T18:51:18.000Z
LFPG,I55,49.0113815,2.49464497,85.5,gate,heavy|jets|turboprops,D,cargo,fdx,111022,2026-05-26T18:51:18.000Z
LFPG,I80,49.01525078,2.49506334,-76.9,gate,jets|turboprops,B,cargo,fdx,111022,2026-05-26T18:51:18.000Z
LFPG,I81,49.01557415,2.4951787,-76.7,gate,jets|turboprops,B,cargo,fdx,111022,2026-05-26T18:51:18.000Z
LFPG,I82,49.01589809,2.49529624,-76.7,gate,jets|turboprops,B,cargo,fdx,111022,2026-05-26T18:51:18.000Z
LFPG,I83W,49.01622828,2.49540681,-76.7,gate,jets|turboprops,B,cargo,fdx,111022,2026-05-26T18:51:18.000Z
LFPG,I83E,49.0161871,2.49567363,103.1,gate,jets|turboprops,B,cargo,fdx,111022,2026-05-26T18:51:18.000Z
LFPG,I84E,49.01579651,2.49658069,102.2,gate,heavy|jets|turboprops,B,cargo,fdx,111022,2026-05-26T18:51:18.000Z
LFPG,I84W,49.01583581,2.49630461,-77.9,gate,jets|turboprops,B,cargo,fdx,111022,2026-05-26T18:51:18.000Z
LFPG,I85,49.01547063,2.49644481,103.3,gate,jets|turboprops,B,cargo,fdx,111022,2026-05-26T18:51:18.000Z
LFPG,I86,49.01514313,2.49633265,103.4,gate,jets|turboprops,B,cargo,fdx,111022,2026-05-26T18:51:18.000Z
LFPG,I87,49.0148183,2.49622277,103.6,gate,jets|turboprops,B,cargo,fdx,111022,2026-05-26T18:51:18.000Z
LFPG,I88,49.01463646,2.49577669,-95.3,gate,heavy|jets|turboprops,C,cargo,fdx,111022,2026-05-26T18:51:18.000Z
LFPG,I89,49.01449273,2.49611468,103.6,gate,jets|turboprops,B,cargo,fdx,111022,2026-05-26T18:51:18.000Z
LFPG,I90,49.01463328,2.49798348,86.5,tie_down,jets|turboprops|props,B,cargo,,111022,2026-05-26T18:51:18.000Z
LFPG,I91,49.01512589,2.49767899,-4.4,tie_down,jets|turboprops,B,cargo,,111022,2026-05-26T18:51:18.000Z
LFPG,PH1,49.01507779,2.5607566,355.7,tie_down,helos,B,general_aviation,,111022,2026-05-26T18:51:18.000Z
LFPG,PH2,49.01510014,2.56138309,355.7,tie_down,helos,B,none,,111022,2026-05-26T18:51:18.000Z
LFPG,A30,49.00230013,2.55829693,102.2,gate,heavy|jets|turboprops,E,airline,ice aca,111022,2026-05-26T18:51:18.000Z
LFPG,A39,48.99970875,2.55921977,143.5,gate,heavy|jets|turboprops,E,airline,,111022,2026-05-26T18:51:18.000Z
LFPG,B8,49.00539844,2.5628589,-164.9,gate,heavy|jets|turboprops,C,airline,,111022,2026-05-26T18:51:18.000Z
LFPG,B10,49.00537211,2.56252056,-164.9,gate,heavy|jets|turboprops,C,airline,,111022,2026-05-26T18:51:18.000Z
LFPG,B12,49.00529052,2.56245266,171.2,gate,heavy|jets|turboprops,C,airline,,111022,2026-05-26T18:51:18.000Z
LFPG,B14,49.00518816,2.56167825,174.6,gate,heavy|jets|turboprops,D,airline,,111022,2026-05-26T18:51:18.000Z
LFPG,B16,49.00517816,2.56098105,165.4,gate,heavy|jets|turboprops,C,airline,,111022,2026-05-26T18:51:18.000Z
LFPG,B18,49.00499327,2.56095198,157.0,gate,heavy|jets|turboprops,E,airline,,111022,2026-05-26T18:51:18.000Z
LFPG,B20,49.00508303,2.56042529,165.2,gate,heavy|jets|turboprops,C,airline,,111022,2026-05-26T18:51:18.000Z
LFPG,B22,49.00494711,2.55988761,165.2,gate,heavy|jets|turboprops,C,airline,,111022,2026-05-26T18:51:18.000Z
LFPG,B24,49.00463184,2.5596097,173.2,gate,heavy|jets|turboprops,C,airline,,111022,2026-05-26T18:51:18.000Z
LFPG,B26,49.00465893,2.55963092,143.5,gate,heavy|jets|turboprops,C,airline,,111022,2026-05-26T18:51:18.000Z
LFPG,A08,49.00193666,2.56134375,2.2,gate,heavy|jets|turboprops,E,airline,,111022,2026-05-26T18:51:18.000Z
LFPG,I61,49.01741677,2.50702176,-4.5,gate,heavy|jets,E,cargo,fdx,111022,2026-05-26T18:51:18.000Z
LFPG,I30,49.01537079,2.50699041,-4.5,gate,heavy|jets,E,cargo,fdx,111022,2026-05-26T18:51:18.000Z
LFPG,I63,49.01737233,2.50620032,-4.5,gate,heavy|jets,E,cargo,fdx,111022,2026-05-26T18:51:18.000Z
LFPG,I32,49.01532612,2.50617009,-4.4,gate,heavy|jets,E,cargo,fdx,111022,2026-05-26T18:51:18.000Z
LFPG,I65,49.01732766,2.50537997,-4.4,gate,heavy|jets,E,cargo,fdx,111022,2026-05-26T18:51:18.000Z
LFPG,I34,49.01528231,2.50533452,-4.8,gate,heavy|jets,E,cargo,fdx,111022,2026-05-26T18:51:18.000Z
LFPG,I67,49.01728385,2.50454437,-4.8,gate,heavy|jets,E,cargo,fdx,111022,2026-05-26T18:51:18.000Z
LFPG,I69,49.0172401,2.50372366,-4.7,gate,heavy|jets,E,cargo,fdx,111022,2026-05-26T18:51:18.000Z
LFPG,I71,49.01713361,2.50178708,-4.5,gate,heavy|jets,E,cargo,fdx,111022,2026-05-26T18:51:18.000Z
LFPG,I73,49.01708917,2.50096565,-4.5,gate,heavy|jets,E,cargo,fdx,111022,2026-05-26T18:51:18.000Z
LFPG,I75,49.0170445,2.5001453,-4.4,gate,heavy|jets,E,cargo,fdx,111022,2026-05-26T18:51:18.000Z
LFPG,I77,49.01700069,2.49930971,-4.8,gate,heavy|jets,E,cargo,fdx,111022,2026-05-26T18:51:18.000Z
LFPG,I79,49.01695694,2.498489,-4.7,gate,heavy|jets,E,cargo,fdx,111022,2026-05-26T18:51:18.000Z
LFPG,I78,49.01700979,2.49864896,-4.7,gate,heavy|jets,E,cargo,fdx,111022,2026-05-26T18:51:18.000Z
LFPG,I74,49.01711774,2.50063277,-4.4,gate,heavy|jets,E,cargo,fdx,111022,2026-05-26T18:51:18.000Z
LFPG,I72,49.01717031,2.50161727,-4.5,gate,heavy|jets,E,cargo,fdx,111022,2026-05-26T18:51:18.000Z
LFPG,I76,49.01706341,2.49963306,-4.8,gate,heavy|jets,E,cargo,fdx,111022,2026-05-26T18:51:18.000Z
LFPG,I68,49.01729295,2.50388362,-4.7,gate,heavy|jets,E,cargo,fdx,111022,2026-05-26T18:51:18.000Z
LFPG,I31,49.01539936,2.50665754,-4.4,gate,heavy|jets,E,cargo,fdx,111022,2026-05-26T18:51:18.000Z
LFPG,I64,49.0174009,2.50586744,-4.4,gate,heavy|jets,E,cargo,fdx,111022,2026-05-26T18:51:18.000Z
LFPG,I62,49.01745347,2.50685194,-4.5,gate,heavy|jets,E,cargo,fdx,111022,2026-05-26T18:51:18.000Z
LFPG,I33,49.01534503,2.50565786,-4.8,gate,heavy|jets,E,cargo,fdx,111022,2026-05-26T18:51:18.000Z
LFPG,I66,49.01734657,2.50486772,-4.8,gate,heavy|jets,E,cargo,fdx,111022,2026-05-26T18:51:18.000Z
LFPG,I70,49.01724002,2.50289335,-4.8,gate,heavy|jets,E,cargo,fdx,111022,2026-05-26T18:51:18.000Z
LFPG,I60,49.01750708,2.50784004,-4.5,gate,heavy|jets,E,cargo,fdx,111022,2026-05-26T18:51:18.000Z
LIRF,508,41.79910293,12.25365056,-102.2,gate,jets|turboprops,D,airline,,110482,2026-04-17T02:48:27.000Z
LIRF,221,41.80050101,12.26419453,70.0,tie_down,jets|turboprops,C,airline,,110482,2026-04-17T02:48:27.000Z
LIRF,222,41.80013266,12.26437576,70.0,tie_down,jets|turboprops,C,airline,,110482,2026-04-17T02:48:27.000Z
LIRF,223,41.79918564,12.26479768,70.0,tie_down,jets|turboprops,C,airline,,110482,2026-04-17T02:48:27.000Z
LIRF,224,41.79882189,12.26497623,70.0,tie_down,jets|turboprops,C,airline,,110482,2026-04-17T02:48:27.000Z
LIRF,225,41.79838754,12.26519007,70.0,tie_down,jets|turboprops,C,airline,,110482,2026-04-17T02:48:27.000Z
LIRF,226,41.7980347,12.26536308,70.0,tie_down,jets|turboprops,C,airline,,110482,2026-04-17T02:48:27.000Z
LIRF,227,41.79759456,12.26557858,70.0,tie_down,jets|turboprops,C,airline,,110482,2026-04-17T02:48:27.000Z
LIRF,228,41.79722525,12.26576084,69.5,tie_down,jets|turboprops,C,airline,,110482,2026-04-17T02:48:27.000Z
LIRF,229,41.7968449,12.26594792,69.8,tie_down,jets|turboprops,C,airline,,110482,2026-04-17T02:48:27.000Z
LIRF,230,41.80049729,12.26529707,250.0,tie_down,jets|turboprops,C,airline,,110482,2026-04-17T02:48:27.000Z
LIRF,231,41.80002733,12.26551729,250.0,tie_down,jets|turboprops,C,airline,,110482,2026-04-17T02:48:27.000Z
LIRF,232,41.79933782,12.26585736,250.0,tie_down,jets|turboprops,C,airline,,110482,2026-04-17T02:48:27.000Z
LIRF,233,41.79895788,12.26604315,250.0,tie_down,jets|turboprops,C,airline,,110482,2026-04-17T02:48:27.000Z
LIRF,234,41.7985216,12.2662738,250.0,tie_down,jets|turboprops,C,airline,,110482,2026-04-17T02:48:27.000Z
LIRF,235,41.79815195,12.26646606,250.0,tie_down,jets|turboprops,C,airline,,110482,2026-04-17T02:48:27.000Z
LIRF,236,41.79770227,12.26667473,250.0,tie_down,jets|turboprops,C,airline,,110482,2026-04-17T02:48:27.000Z
LIRF,237,41.79734512,12.26684968,250.0,tie_down,jets|turboprops,C,airline,,110482,2026-04-17T02:48:27.000Z
LIRF,238,41.79698535,12.26702668,250.0,tie_down,jets|turboprops,C,airline,,110482,2026-04-17T02:48:27.000Z
LIRF,207,41.80227454,12.26311451,205.0,tie_down,jets|turboprops,C,airline,,110482,2026-04-17T02:48:27.000Z
LIRF,208,41.80242797,12.26267354,205.0,tie_down,jets|turboprops,C,airline,,110482,2026-04-17T02:48:27.000Z
LIRF,209,41.80258128,12.26223269,205.0,tie_down,jets|turboprops,C,airline,,110482,2026-04-17T02:48:27.000Z
LIRF,210,41.80273523,12.26179281,205.0,tie_down,jets|turboprops,C,airline,,110482,2026-04-17T02:48:27.000Z
LIRF,204,41.8024534,12.26160446,24.9,tie_down,heavy|jets|turboprops,D,cargo,,110482,2026-04-17T02:48:27.000Z
LIRF,205,41.80221097,12.26230234,24.5,tie_down,jets|turboprops,C,cargo,,110482,2026-04-17T02:48:27.000Z
LIRF,206,41.80199869,12.26291622,25.0,tie_down,heavy|jets|turboprops,D,cargo,,110482,2026-04-17T02:48:27.000Z
LIRF,104,41.80403579,12.27082391,160.0,tie_down,heavy|jets,E,cargo,,110482,2026-04-17T02:48:27.000Z
LIRF,105,41.80398262,12.27048503,160.0,tie_down,heavy|jets,D,cargo,,110482,2026-04-17T02:48:27.000Z
LIRF,103,41.80417017,12.27117313,160.0,tie_down,heavy|jets,D,cargo,,110482,2026-04-17T02:48:27.000Z
LIRF,103,41.80433209,12.27190584,120.1,tie_down,heavy|jets,E,cargo,,110482,2026-04-17T02:48:27.000Z
LIRF,101,41.80433675,12.27193513,160.0,tie_down,heavy|jets,E,cargo,,110482,2026-04-17T02:48:27.000Z
LIRF,201,41.80055386,12.2620295,205.0,tie_down,heavy|jets|turboprops,D,cargo,,110482,2026-04-17T02:48:27.000Z
LIRF,202,41.80077026,12.26141876,205.0,tie_down,jets|turboprops,C,cargo,,110482,2026-04-17T02:48:27.000Z
LIRF,203,41.80100745,12.26071701,205.0,tie_down,heavy|jets|turboprops,D,cargo,,110482,2026-04-17T02:48:27.000Z
LIRF,321,41.79934806,12.259892,74.0,tie_down,heavy|jets|turboprops,C,airline,,110482,2026-04-17T02:48:27.000Z
LIRF,322,41.79913452,12.26048678,74.0,tie_down,heavy|jets|turboprops,C,airline,,110482,2026-04-17T02:48:27.000Z
LIRF,323,41.79892651,12.26108189,74.0,tie_down,jets|turboprops,C,airline,,110482,2026-04-17T02:48:27.000Z
LIRF,314,41.79628277,12.26218647,115.0,tie_down,jets|turboprops,C,airline,,110482,2026-04-17T02:48:27.000Z
LIRF,315,41.79584278,12.26191264,115.0,tie_down,jets|turboprops,C,airline,,110482,2026-04-17T02:48:27.000Z
LIRF,316,41.79547585,12.26167995,115.0,tie_down,jets|turboprops,C,airline,,110482,2026-04-17T02:48:27.000Z
LIRF,317,41.79504058,12.26140849,115.0,tie_down,jets|turboprops,C,airline,,110482,2026-04-17T02:48:27.000Z
LIRF,318,41.79467394,12.26117654,115.0,tie_down,jets|turboprops,C,airline,,110482,2026-04-17T02:48:27.000Z
LIRF,307,41.7972727,12.25928473,160.0,gate,jets|turboprops,C,airline,,110482,2026-04-17T02:48:27.000Z
LIRF,308,41.7969572,12.25969212,295.0,gate,jets|turboprops,C,airline,,110482,2026-04-17T02:48:27.000Z
LIRF,309,41.7965886,12.259465,295.0,gate,jets|turboprops,C,airline,,110482,2026-04-17T02:48:27.000Z
LIRF,310,41.79621981,12.25923365,295.0,gate,jets|turboprops,C,airline,,110482,2026-04-17T02:48:27.000Z
LIRF,311,41.7958534,12.25900326,295.0,gate,jets|turboprops,C,airline,,110482,2026-04-17T02:48:27.000Z
LIRF,312,41.79548547,12.25877528,295.0,gate,jets|turboprops,C,airline,,110482,2026-04-17T02:48:27.000Z
LIRF,313,41.79511823,12.25854485,295.0,gate,jets|turboprops,C,airline,,110482,2026-04-17T02:48:27.000Z
LIRF,306,41.79731538,12.25874915,116.0,gate,jets|turboprops,C,airline,,110482,2026-04-17T02:48:27.000Z
LIRF,305,41.79695002,12.25851987,115.1,gate,jets|turboprops,C,airline,,110482,2026-04-17T02:48:27.000Z
LIRF,304,41.79658252,12.25828637,115.1,gate,jets|turboprops,C,airline,,110482,2026-04-17T02:48:27.000Z
LIRF,303,41.79621542,12.25805607,115.1,gate,jets|turboprops,C,airline,,110482,2026-04-17T02:48:27.000Z
LIRF,302,41.79585008,12.25782525,115.2,gate,jets|turboprops,C,airline,,110482,2026-04-17T02:48:27.000Z
LIRF,301,41.79548117,12.25759611,115.1,gate,jets|turboprops,C,airline,,110482,2026-04-17T02:48:27.000Z
LIRF,412,41.7961811,12.25561858,295.0,gate,jets|turboprops,C,airline,,110482,2026-04-17T02:48:27.000Z
LIRF,411,41.79655031,12.2558503,295.0,gate,jets|turboprops,C,airline,,110482,2026-04-17T02:48:27.000Z
LIRF,410,41.7969162,12.25608006,295.0,gate,jets|turboprops,C,airline,,110482,2026-04-17T02:48:27.000Z
LIRF,409,41.79728211,12.25630948,295.0,gate,jets|turboprops,C,airline,,110482,2026-04-17T02:48:27.000Z
LIRF,407,41.79801633,12.25676985,295.0,gate,jets|turboprops,C,airline,,110482,2026-04-17T02:48:27.000Z
LIRF,408,41.79764946,12.25654004,295.0,gate,jets|turboprops,C,airline,,110482,2026-04-17T02:48:27.000Z
LIRF,401,41.79677174,12.25466336,115.0,gate,jets|turboprops,C,airline,,110482,2026-04-17T02:48:27.000Z
LIRF,402,41.79713998,12.25489394,115.0,gate,heavy|jets|turboprops,C,airline,,110482,2026-04-17T02:48:27.000Z
LIRF,403,41.79750587,12.25512415,115.0,gate,jets|turboprops,C,airline,,110482,2026-04-17T02:48:27.000Z
LIRF,404,41.79787118,12.25535331,115.0,gate,jets|turboprops,C,airline,,110482,2026-04-17T02:48:27.000Z
LIRF,405,41.79823981,12.25558454,115.0,gate,jets|turboprops,C,airline,,110482,2026-04-17T02:48:27.000Z
LIRF,406,41.7984706,12.25568432,205.3,gate,jets|turboprops,C,airline,,110482,2026-04-17T02:48:27.000Z
LIRF,SVC,41.79081972,12.26291765,23.9,tie_down,jets,C,cargo,,110482,2026-04-17T02:48:27.000Z
LIRF,SVC2,41.7927573,12.25927076,25.3,tie_down,jets|turboprops,C,cargo,,110482,2026-04-17T02:48:27.000Z
LIRF,SVC1,41.79238901,12.26703867,327.0,tie_down,heavy|jets,D,cargo,,110482,2026-04-17T02:48:27.000Z
LIRF,SVC3,41.79295513,12.26544825,25.4,tie_down,heavy|jets,D,cargo,,110482,2026-04-17T02:48:27.000Z
LIRF,502,41.79773234,12.25285669,-65.2,gate,jets|turboprops,C,airline,,110482,2026-04-17T02:48:27.000Z
LIRF,504,41.79818397,12.25313734,-64.8,gate,jets|turboprops,C,airline,,110482,2026-04-17T02:48:27.000Z
LIRF,518,41.79903423,12.25371465,-64.5,gate,jets|turboprops,C,airline,,110482,2026-04-17T02:48:27.000Z
LIRF,506,41.79864446,12.25341618,-64.5,gate,jets|turboprops,C,airline,,110482,2026-04-17T02:48:27.000Z
LIRF,501,41.79722726,12.25100147,115.0,gate,heavy|jets|turboprops,C,airline,,110482,2026-04-17T02:48:27.000Z
LIRF,509,41.79940672,12.25239887,166.9,gate,heavy|jets|turboprops,E,airline,,110482,2026-04-17T02:48:27.000Z
LIRF,510,41.79932478,12.25317179,-155.1,gate,jets|turboprops,C,airline,,110482,2026-04-17T02:48:27.000Z
LIRF,503,41.79768897,12.25140305,115.0,gate,heavy|jets|turboprops,D,airline,,110482,2026-04-17T02:48:27.000Z
LIRF,505,41.79828792,12.25177965,115.0,gate,heavy|jets,D,airline,,110482,2026-04-17T02:48:27.000Z
LIRF,507,41.79890011,12.25216263,115.0,gate,heavy|jets|turboprops,D,airline,,110482,2026-04-17T02:48:27.000Z
LIRF,614,41.7964864,12.24869117,-109.9,gate,jets|turboprops,C,airline,,110482,2026-04-17T02:48:27.000Z
LIRF,608,41.79826615,12.24663232,160.0,gate,heavy|jets|turboprops,E,airline,,110482,2026-04-17T02:48:27.000Z
LIRF,609,41.79847858,12.24736094,-155.4,gate,heavy|jets|turboprops,F,airline,,110482,2026-04-17T02:48:27.000Z
LIRF,610,41.79802,12.24794064,-110.2,gate,jets|turboprops,C,airline,,110482,2026-04-17T02:48:27.000Z
LIRF,611,41.79763685,12.24812665,-110.2,gate,jets|turboprops,C,airline,,110482,2026-04-17T02:48:27.000Z
LIRF,612,41.79725226,12.24831467,-110.3,gate,jets|turboprops,C,airline,,110482,2026-04-17T02:48:27.000Z
LIRF,613,41.79686279,12.2484975,-110.2,gate,jets|turboprops,D,airline,,110482,2026-04-17T02:48:27.000Z
LIRF,607,41.79801077,12.24597352,130.8,gate,heavy|jets|turboprops,F,airline,,110482,2026-04-17T02:48:27.000Z
LIRF,601,41.79555067,12.24708545,69.6,gate,jets|turboprops,E,airline,,110482,2026-04-17T02:48:27.000Z
LIRF,602,41.79585339,12.24670576,69.7,gate,jets|turboprops,C,airline,,110482,2026-04-17T02:48:27.000Z
LIRF,603,41.79631639,12.24670192,69.8,gate,jets|turboprops,E,airline,,110482,2026-04-17T02:48:27.000Z
LIRF,604,41.79660851,12.24634076,69.8,gate,jets|turboprops,C,airline,,110482,2026-04-17T02:48:27.000Z
LIRF,605,41.79704724,12.24634137,69.2,gate,jets|turboprops,E,airline,,110482,2026-04-17T02:48:27.000Z
LIRF,606,41.79752911,12.24610292,92.0,gate,heavy|jets|turboprops,E,airline,,110482,2026-04-17T02:48:27.000Z
LIRF,701,41.79517048,12.24276198,-20.3,gate,heavy|jets,E,airline,,110482,2026-04-17T02:48:27.000Z
LIRF,702,41.79498241,12.24184785,-20.0,gate,heavy|jets,E,airline,,110482,2026-04-17T02:48:27.000Z
LIRF,703,41.79480409,12.24133639,25.0,gate,heavy|jets,E,airline,,110482,2026-04-17T02:48:27.000Z
LIRF,704,41.79523793,12.24109821,69.5,gate,heavy|jets,E,airline,,110482,2026-04-17T02:48:27.000Z
LIRF,705,41.79589694,12.24077685,69.0,gate,heavy|jets,E,airline,,110482,2026-04-17T02:48:27.000Z
LIRF,706,41.79631446,12.24042743,129.2,gate,heavy|jets,E,airline,,110482,2026-04-17T02:48:27.000Z
LIRF,707,41.79649584,12.24112659,159.6,gate,heavy|jets,E,airline,,110482,2026-04-17T02:48:27.000Z
LIRF,708,41.79674936,12.24201179,159.9,gate,heavy|jets,E,airline,,110482,2026-04-17T02:48:27.000Z
LIRF,709,41.79695237,12.24253757,-140.7,gate,heavy|jets,E,airline,,110482,2026-04-17T02:48:27.000Z
LIRF,710,41.79644039,12.24278154,-110.2,gate,heavy|jets,E,airline,,110482,2026-04-17T02:48:27.000Z
LIRF,711,41.79605289,12.24305055,-83.8,gate,heavy|jets|turboprops,E,airline,,110482,2026-04-17T02:48:27.000Z
LIRF,905,41.78611834,12.24331001,162.5,tie_down,heavy|jets|turboprops,E,airline,,110482,2026-04-17T02:48:27.000Z
LIRF,906,41.78632006,12.24417298,163.0,tie_down,heavy|jets|turboprops,E,airline,,110482,2026-04-17T02:48:27.000Z
LIRF,907,41.78675431,12.24471958,162.5,tie_down,jets|turboprops,C,airline,,110482,2026-04-17T02:48:27.000Z
LIRF,908,41.78687592,12.24523669,163.0,tie_down,jets|turboprops,C,airline,,110482,2026-04-17T02:48:27.000Z
LIRF,909,41.78699717,12.24575339,162.4,tie_down,jets|turboprops,C,airline,,110482,2026-04-17T02:48:27.000Z
LIRF,901,41.7880596,12.24249503,-17.3,tie_down,heavy|jets|turboprops,E,airline,,110482,2026-04-17T02:48:27.000Z
LIRF,902,41.78826591,12.24338098,-17.3,tie_down,heavy|jets|turboprops,E,airline,,110482,2026-04-17T02:48:27.000Z
LIRF,903,41.78847257,12.24426502,-17.3,tie_down,heavy|jets|turboprops,E,airline,,110482,2026-04-17T02:48:27.000Z
LIRF,904,41.78867304,12.24512155,-17.2,tie_down,heavy|jets|turboprops,E,airline,,110482,2026-04-17T02:48:27.000Z
LIRF,831,41.78840486,12.24226898,160.0,tie_down,heavy|jets,E,airline,,110482,2026-04-17T02:48:27.000Z
LIRF,833,41.78863033,12.24308799,160.0,tie_down,heavy|jets,E,airline,,110482,2026-04-17T02:48:27.000Z
LIRF,832,41.78875724,12.24283921,160.0,tie_down,jets,C,airline,,110482,2026-04-17T02:48:27.000Z
LIRF,834,41.78891389,12.24341296,160.0,tie_down,jets,C,airline,,110482,2026-04-17T02:48:27.000Z
LIRF,836,41.78907272,12.24398572,160.0,tie_down,jets,C,airline,,110482,2026-04-17T02:48:27.000Z
LIRF,835,41.78885643,12.24390496,160.0,tie_down,heavy|jets,E,airline,,110482,2026-04-17T02:48:27.000Z
LIRF,802,41.79393819,12.24491541,70.7,tie_down,jets|turboprops|props,D,airline,,110482,2026-04-17T02:48:27.000Z
LIRF,802,41.79400582,12.24474168,14.5,tie_down,heavy|jets|turboprops,E,airline,,110482,2026-04-17T02:48:27.000Z
LIRF,808,41.79206429,12.24485557,168.6,tie_down,jets|turboprops,C,airline,,110482,2026-04-17T02:48:27.000Z
LIRF,809,41.79196662,12.24507967,168.8,tie_down,heavy|jets,E,airline,,110482,2026-04-17T02:48:27.000Z
LIRF,810,41.79213485,12.24538959,168.0,tie_down,jets|turboprops,C,airline,,110482,2026-04-17T02:48:27.000Z
LIRF,813,41.79222679,12.24682234,168.8,tie_down,heavy|jets,E,airline,,110482,2026-04-17T02:48:27.000Z
LIRF,811,41.79209689,12.24595088,168.8,tie_down,heavy|jets,E,airline,,110482,2026-04-17T02:48:27.000Z
LIRF,812,41.79229299,12.24645023,168.0,tie_down,jets|turboprops,C,airline,,110482,2026-04-17T02:48:27.000Z
LIRF,814,41.79237383,12.24698169,168.7,tie_down,jets|turboprops,C,airline,,110482,2026-04-17T02:48:27.000Z
LIRF,815,41.79258351,12.24749297,168.6,tie_down,jets|turboprops,C,airline,,110482,2026-04-17T02:48:27.000Z
LIRF,804,41.79389337,12.24549128,-13.3,tie_down,jets|turboprops,C,airline,,110482,2026-04-17T02:48:27.000Z
LIRF,805,41.79399388,12.24616365,347.0,tie_down,jets|turboprops,C,airline,,110482,2026-04-17T02:48:27.000Z
LIRF,806,41.79404699,12.24687134,347.0,gate,jets|turboprops,C,airline,,110482,2026-04-17T02:48:27.000Z
LIRF,807,41.79413456,12.24746045,347.0,gate,jets|turboprops,C,airline,,110482,2026-04-17T02:48:27.000Z
LIRF,820,41.79247835,12.24249802,70.1,tie_down,heavy|jets,E,airline,,110482,2026-04-17T02:48:27.000Z
LIRF,821,41.79186383,12.2427963,70.0,tie_down,heavy|jets,E,airline,,110482,2026-04-17T02:48:27.000Z
LIRF,822,41.79124983,12.2430945,70.0,tie_down,heavy|jets,E,airline,,110482,2026-04-17T02:48:27.000Z
LIRF,823,41.79063669,12.24339372,70.5,tie_down,heavy|jets,E,airline,,110482,2026-04-17T02:48:27.000Z
LIRF,824,41.79279567,12.24298469,250.0,tie_down,jets|turboprops,C,airline,,110482,2026-04-17T02:48:27.000Z
LIRF,825,41.79241577,12.24316856,250.0,tie_down,jets|turboprops,C,airline,,110482,2026-04-17T02:48:27.000Z
LIRF,826,41.7920353,12.24335277,-109.9,tie_down,jets|turboprops,C,airline,,110482,2026-04-17T02:48:27.000Z
LIRF,827,41.79151272,12.24360652,250.0,tie_down,jets|turboprops,C,airline,,110482,2026-04-17T02:48:27.000Z
LIRF,828,41.79113216,12.24379034,250.0,tie_down,jets|turboprops,C,airline,,110482,2026-04-17T02:48:27.000Z
LIRF,829,41.79075191,12.24397476,250.0,tie_down,jets|turboprops,C,airline,,110482,2026-04-17T02:48:27.000Z
LIRF,842,41.78974839,12.24710346,84.0,tie_down,jets|turboprops|props,C,airline,,110482,2026-04-17T02:48:27.000Z
LIRF,844,41.78934983,12.24717756,84.0,tie_down,jets|turboprops|props,C,airline,,110482,2026-04-17T02:48:27.000Z
LIRF,846,41.78887399,12.24725228,84.0,tie_down,jets|turboprops|props,C,airline,,110482,2026-04-17T02:48:27.000Z
LIRF,849,41.7884702,12.2473164,84.0,tie_down,jets|turboprops|props,C,airline,,110482,2026-04-17T02:48:27.000Z
LIRF,851,41.78807022,12.2473788,83.2,tie_down,jets|turboprops|props,C,airline,,110482,2026-04-17T02:48:27.000Z
LIRF,852,41.78767371,12.2474377,83.1,tie_down,jets|turboprops|props,C,airline,,110482,2026-04-17T02:48:27.000Z
LTFM,A2-(F),41.26134384,28.7366527,108.3,gate,heavy|jets|turboprops|props,F,airline,,105504,2025-01-30T20:34:06.000Z
LTFM,A2L-(C),41.26160546,28.73638327,107.0,gate,jets|turboprops|props,C,airline,,105504,2025-01-30T20:34:06.000Z
LTFM,A2R-(C),41.26117559,28.73661195,106.9,gate,jets|turboprops|props,C,airline,,105504,2025-01-30T20:34:06.000Z
LTFM,A3-(F),41.26059604,28.73631406,108.1,gate,heavy|jets|turboprops|props,F,airline,,105504,2025-01-30T20:34:06.000Z
LTFM,A3L-(C),41.26085729,28.73607915,107.1,gate,jets|turboprops|props,C,airline,,105504,2025-01-30T20:34:06.000Z
LTFM,A3R-(C),41.26042024,28.73633845,106.9,gate,jets|turboprops|props,C,airline,,105504,2025-01-30T20:34:06.000Z
LTFM,A5-(F),41.25973473,28.73598151,108.0,gate,heavy|jets|turboprops|props,F,airline,,105504,2025-01-30T20:34:06.000Z
LTFM,A5L-(C),41.25999805,28.73573508,107.1,gate,jets|turboprops|props,C,airline,,105504,2025-01-30T20:34:06.000Z
LTFM,A5R-(C),41.25955862,28.7359707,107.1,gate,jets|turboprops|props,C,airline,,105504,2025-01-30T20:34:06.000Z
LTFM,A6-(F),41.25896994,28.73569503,106.9,gate,heavy|jets|turboprops|props,F,airline,,105504,2025-01-30T20:34:06.000Z
LTFM,A6L-(C),41.25924032,28.73542687,107.3,gate,jets|turboprops|props,C,airline,,105504,2025-01-30T20:34:06.000Z
LTFM,A6R-(C),41.25880243,28.735664,107.1,gate,jets|turboprops|props,C,airline,,105504,2025-01-30T20:34:06.000Z
LTFM,A7-(F),41.25820994,28.73536692,107.9,gate,heavy|jets|turboprops|props,F,airline,,105504,2025-01-30T20:34:06.000Z
LTFM,A7L-(C),41.25847776,28.73510388,107.8,gate,jets|turboprops|props,C,airline,,105504,2025-01-30T20:34:06.000Z
LTFM,A7R-(C),41.25804555,28.73533473,107.3,gate,jets|turboprops|props,C,airline,,105504,2025-01-30T20:34:06.000Z
LTFM,A8-(E),41.25745643,28.735154,90.0,gate,heavy|jets|turboprops|props,E,airline,,105504,2025-01-30T20:34:06.000Z
LTFM,A8L-(C),41.25767199,28.73480674,90.0,gate,jets|turboprops|props,C,airline,,105504,2025-01-30T20:34:06.000Z
LTFM,A8R-(C),41.2573197,28.73520555,89.1,gate,jets|turboprops|props,C,airline,,105504,2025-01-30T20:34:06.000Z
LTFM,A9-(E),41.25680955,28.73554766,90.0,gate,heavy|jets|turboprops|props,E,airline,,105504,2025-01-30T20:34:06.000Z
LTFM,A10-(E),41.2571589,28.73634609,0.0,gate,heavy|jets|turboprops|props,E,airline,,105504,2025-01-30T20:34:06.000Z
LTFM,A10L-(C),41.25690479,28.73602911,0.0,gate,jets|turboprops|props,C,airline,,105504,2025-01-30T20:34:06.000Z
LTFM,A10R-(C),41.25718962,28.73651466,0.0,gate,jets|turboprops|props,C,airline,,105504,2025-01-30T20:34:06.000Z
LTFM,A11-(E),41.25716961,28.73733938,0.0,gate,heavy|jets|turboprops|props,E,airline,,105504,2025-01-30T20:34:06.000Z
LTFM,A11L-(C),41.25690533,28.7370695,0.0,gate,jets|turboprops|props,C,airline,,105504,2025-01-30T20:34:06.000Z
LTFM,A11R-(C),41.25721379,28.73754635,0.0,gate,jets|turboprops|props,C,airline,,105504,2025-01-30T20:34:06.000Z
LTFM,B1-(F),41.26240464,28.7366864,70.9,gate,heavy|jets|turboprops|props,F,airline,,105504,2025-01-30T20:34:06.000Z
LTFM,B1L-(C),41.26250911,28.73625437,71.3,gate,jets|turboprops|props,C,airline,,105504,2025-01-30T20:34:06.000Z
LTFM,B1R-(C),41.26226377,28.73678399,70.9,gate,jets|turboprops|props,C,airline,,105504,2025-01-30T20:34:06.000Z
LTFM,B2-(C),41.26351819,28.73815308,-117.0,gate,jets|turboprops|props,C,airline,,105504,2025-01-30T20:34:06.000Z
LTFM,B3-(F),41.26315399,28.736343,71.7,gate,heavy|jets|turboprops|props,F,airline,,105504,2025-01-30T20:34:06.000Z
LTFM,B3L-(C),41.26326226,28.73591254,71.0,gate,jets|turboprops|props,C,airline,,105504,2025-01-30T20:34:06.000Z
LTFM,B3R-(C),41.26301497,28.73643587,70.8,gate,jets|turboprops|props,C,airline,,105504,2025-01-30T20:34:06.000Z
LTFM,B4-(E),41.26402173,28.73787747,-109.2,gate,heavy|jets|turboprops|props,E,airline,,105504,2025-01-30T20:34:06.000Z
LTFM,B5-(F),41.26400523,28.73595796,71.0,gate,heavy|jets|turboprops|props,F,airline,,105504,2025-01-30T20:34:06.000Z
LTFM,B5L-(C),41.26411809,28.73553119,70.9,gate,jets|turboprops|props,C,airline,,105504,2025-01-30T20:34:06.000Z
LTFM,B5R-(C),41.26385588,28.73605482,71.0,gate,jets|turboprops|props,C,airline,,105504,2025-01-30T20:34:06.000Z
LTFM,B6-(E),41.26473925,28.73752809,-108.6,gate,heavy|jets|turboprops|props,E,airline,,105504,2025-01-30T20:34:06.000Z
LTFM,B6L-(C),41.26460323,28.73799175,-109.4,gate,jets|turboprops|props,C,airline,,105504,2025-01-30T20:34:06.000Z
LTFM,B6R-(C),41.26484851,28.73744991,-109.2,gate,jets|turboprops|props,C,airline,,105504,2025-01-30T20:34:06.000Z
LTFM,B7-(F),41.26475434,28.73562442,71.0,gate,heavy|jets|turboprops|props,F,airline,,105504,2025-01-30T20:34:06.000Z
LTFM,B7L-(C),41.26486844,28.73520817,71.0,gate,jets|turboprops|props,C,airline,,105504,2025-01-30T20:34:06.000Z
LTFM,B7R-(C),41.26462502,28.73573661,71.0,gate,jets|turboprops|props,C,airline,,105504,2025-01-30T20:34:06.000Z
LTFM,B8-(E),41.26564245,28.73737941,269.3,gate,heavy|jets|turboprops|props,E,airline,,105504,2025-01-30T20:34:06.000Z
LTFM,B8L-(C),41.26540967,28.73774283,-90.7,gate,jets|turboprops|props,C,airline,,105504,2025-01-30T20:34:06.000Z
LTFM,B8R-(C),41.26577287,28.73733397,-90.6,gate,jets|turboprops|props,C,airline,,105504,2025-01-30T20:34:06.000Z
LTFM,B9-(F),41.26551593,28.73528714,71.0,gate,heavy|jets|turboprops|props,F,airline,,105504,2025-01-30T20:34:06.000Z
LTFM,B9L-(C),41.2656154,28.73485173,71.0,gate,jets|turboprops|props,C,airline,,105504,2025-01-30T20:34:06.000Z
LTFM,B9R-(C),41.26536399,28.73537688,71.0,gate,jets|turboprops|props,C,airline,,105504,2025-01-30T20:34:06.000Z
LTFM,B10-(E),41.26640129,28.73733981,270.0,gate,heavy|jets|turboprops|props,E,airline,,105504,2025-01-30T20:34:06.000Z
LTFM,B10L-(C),41.26616558,28.73773039,270.0,gate,jets|turboprops|props,C,airline,,105504,2025-01-30T20:34:06.000Z
LTFM,B10R-(C),41.26652198,28.73729239,270.0,gate,jets|turboprops|props,C,airline,,105504,2025-01-30T20:34:06.000Z
LTFM,B12-(F),41.26626369,28.73494016,71.0,gate,heavy|jets|turboprops|props,F,airline,,105504,2025-01-30T20:34:06.000Z
LTFM,B12L-(C),41.26637,28.73456987,71.7,gate,jets|turboprops|props,C,airline,,105504,2025-01-30T20:34:06.000Z
LTFM,B12R-(C),41.26611193,28.735058,71.0,gate,jets|turboprops|props,C,airline,,105504,2025-01-30T20:34:06.000Z
LTFM,B13-(E),41.26693516,28.73482006,89.2,gate,heavy|jets|turboprops|props,E,airline,,105504,2025-01-30T20:34:06.000Z
LTFM,B14-(E),41.26749276,28.73447568,178.8,gate,heavy|jets|turboprops|props,E,airline,,105504,2025-01-30T20:34:06.000Z
LTFM,B15-(E),41.26749817,28.73534388,179.6,gate,heavy|jets|turboprops|props,E,airline,,105504,2025-01-30T20:34:06.000Z
LTFM,B16-(E),41.26752893,28.73621085,180.0,gate,heavy|jets|turboprops|props,E,airline,,105504,2025-01-30T20:34:06.000Z
LTFM,B17-(E),41.26780612,28.73729792,-90.4,gate,heavy|jets|turboprops|props,E,airline,,105504,2025-01-30T20:34:06.000Z
LTFM,B18-(E),41.26715215,28.7373333,270.0,gate,heavy|jets|turboprops|props,E,airline,,105504,2025-01-30T20:34:06.000Z
LTFM,B18L-(C),41.26692254,28.73774431,270.0,gate,jets|turboprops|props,C,airline,,105504,2025-01-30T20:34:06.000Z
LTFM,B18R-(C),41.26728442,28.7373193,270.0,gate,jets|turboprops|props,C,airline,,105504,2025-01-30T20:34:06.000Z
LTFM,C1-(C),41.26316711,28.74034297,177.1,gate,jets|turboprops|props,C,airline,,105504,2025-01-30T20:34:06.000Z
LTFM,C2-(C),41.26318358,28.73982428,178.3,gate,jets|turboprops|props,C,airline,,105504,2025-01-30T20:34:06.000Z
LTFM,C3-(C),41.26319017,28.73926273,-164.6,gate,jets|turboprops|props,C,airline,,105504,2025-01-30T20:34:06.000Z
LTFM,C4-(C),41.26315853,28.73868991,-160.1,gate,jets|turboprops|props,C,airline,,105504,2025-01-30T20:34:06.000Z
LTFM,D1-(C),41.26325085,28.74102294,143.9,gate,jets|turboprops|props,C,airline,,105504,2025-01-30T20:34:06.000Z
LTFM,D2-(C),41.26362803,28.74355991,-121.3,gate,jets|turboprops|props,C,airline,,105504,2025-01-30T20:34:06.000Z
LTFM,D3-(C),41.26363829,28.74138971,111.3,gate,jets|turboprops|props,C,airline,,105504,2025-01-30T20:34:06.000Z
LTFM,D4-(C),41.26414631,28.74350519,-91.3,gate,jets|turboprops|props,C,airline,,105504,2025-01-30T20:34:06.000Z
LTFM,D5-(C),41.26407349,28.74136376,100.6,gate,jets|turboprops|props,C,airline,,105504,2025-01-30T20:34:06.000Z
LTFM,D6-(E),41.26466326,28.74336158,-91.1,gate,heavy|jets|turboprops|props,E,airline,,105504,2025-01-30T20:34:06.000Z
LTFM,D7-(E),41.26463342,28.74162253,90.0,gate,heavy|jets|turboprops|props,E,airline,,105504,2025-01-30T20:34:06.000Z
LTFM,D8-(E),41.26531545,28.74336479,270.0,gate,heavy|jets|turboprops|props,E,airline,,105504,2025-01-30T20:34:06.000Z
LTFM,D9-(E),41.26528924,28.74160099,88.9,gate,heavy|jets|turboprops|props,E,airline,,105504,2025-01-30T20:34:06.000Z
LTFM,D10-(E),41.26596634,28.74340256,270.0,gate,heavy|jets|turboprops|props,E,airline,,105504,2025-01-30T20:34:06.000Z
LTFM,D11-(E),41.26593711,28.74159877,90.0,gate,heavy|jets|turboprops|props,E,airline,,105504,2025-01-30T20:34:06.000Z
LTFM,D12-(E),41.2666197,28.74334889,270.0,gate,heavy|jets|turboprops|props,E,airline,,105504,2025-01-30T20:34:06.000Z
LTFM,D13-(E),41.26659631,28.74159688,90.0,gate,heavy|jets|turboprops|props,E,airline,,105504,2025-01-30T20:34:06.000Z
LTFM,D14-(E),41.26727633,28.74335348,-90.3,gate,heavy|jets|turboprops|props,E,airline,,105504,2025-01-30T20:34:06.000Z
LTFM,D15-(E),41.26724488,28.74154913,89.4,gate,heavy|jets|turboprops|props,E,airline,,105504,2025-01-30T20:34:06.000Z
LTFM,D16-(E),41.26792716,28.74330952,270.0,gate,heavy|jets|turboprops|props,E,airline,,105504,2025-01-30T20:34:06.000Z
LTFM,D17-(E),41.26789779,28.74153947,90.0,gate,heavy|jets|turboprops|props,E,airline,,105504,2025-01-30T20:34:06.000Z
LTFM,D19-(E),41.26855204,28.74158559,89.1,gate,heavy|jets|turboprops|props,E,airline,,105504,2025-01-30T20:34:06.000Z
LTFM,D20-(E),41.26858059,28.74322985,270.0,gate,heavy|jets|turboprops|props,E,airline,,105504,2025-01-30T20:34:06.000Z
LTFM,E1-(C),41.26330477,28.74400673,-149.6,gate,jets|turboprops|props,C,airline,,105504,2025-01-30T20:34:06.000Z
LTFM,E2-(C),41.26326687,28.74459085,-161.2,gate,jets|turboprops|props,C,airline,,105504,2025-01-30T20:34:06.000Z
LTFM,E3-(C),41.26326364,28.74517814,178.2,gate,jets|turboprops|props,C,airline,,105504,2025-01-30T20:34:06.000Z
LTFM,E4-(C),41.26324308,28.74569681,178.8,gate,jets|turboprops|props,C,airline,,105504,2025-01-30T20:34:06.000Z
LTFM,F1-(E),41.26285089,28.74845965,-72.7,gate,heavy|jets|turboprops|props,E,airline,,105504,2025-01-30T20:34:06.000Z
LTFM,F1L-(C),41.26254683,28.74870846,-72.9,gate,jets|turboprops|props,C,airline,,105504,2025-01-30T20:34:06.000Z
LTFM,F1R-(C),41.26299648,28.74841235,-72.9,gate,jets|turboprops|props,C,airline,,105504,2025-01-30T20:34:06.000Z
LTFM,F2-(C),41.2633561,28.74637661,142.7,gate,jets|turboprops|props,C,airline,,105504,2025-01-30T20:34:06.000Z
LTFM,F3-(E),41.26368105,28.74878878,-72.1,gate,heavy|jets|turboprops|props,E,airline,,105504,2025-01-30T20:34:06.000Z
LTFM,F3L-(C),41.26337297,28.74904598,-72.5,gate,jets|turboprops|props,C,airline,,105504,2025-01-30T20:34:06.000Z
LTFM,F3R-(C),41.26381473,28.7487919,-72.8,gate,jets|turboprops|props,C,airline,,105504,2025-01-30T20:34:06.000Z
LTFM,F4-(E),41.2638625,28.74699788,107.6,gate,heavy|jets|turboprops|props,E,airline,,105504,2025-01-30T20:34:06.000Z
LTFM,F4L-(C),41.26416862,28.74677214,107.0,gate,jets|turboprops|props,C,airline,,105504,2025-01-30T20:34:06.000Z
LTFM,F4R-(C),41.26372502,28.74700017,107.5,gate,jets|turboprops|props,C,airline,,105504,2025-01-30T20:34:06.000Z
LTFM,F5-(F),41.26436185,28.74909966,-72.5,gate,heavy|jets|turboprops|props,F,airline,,105504,2025-01-30T20:34:06.000Z
LTFM,F5L-(C),41.26409712,28.74933248,-73.3,gate,jets|turboprops|props,C,airline,,105504,2025-01-30T20:34:06.000Z
LTFM,F5R-(C),41.26454071,28.74908415,-72.6,gate,jets|turboprops|props,C,airline,,105504,2025-01-30T20:34:06.000Z
LTFM,F6-(E),41.26458526,28.7473045,110.0,gate,heavy|jets|turboprops|props,E,airline,,105504,2025-01-30T20:34:06.000Z
LTFM,F6L-(C),41.26487452,28.74706581,108.2,gate,jets|turboprops|props,C,airline,,105504,2025-01-30T20:34:06.000Z
LTFM,F6R-(C),41.26445228,28.74725571,107.8,gate,jets|turboprops|props,C,airline,,105504,2025-01-30T20:34:06.000Z
LTFM,F7-(F),41.26511783,28.74940309,-72.4,gate,heavy|jets|turboprops|props,F,airline,,105504,2025-01-30T20:34:06.000Z
LTFM,F7L-(C),41.26485092,28.74965703,-73.7,gate,jets|turboprops|props,C,airline,,105504,2025-01-30T20:34:06.000Z
LTFM,F7R-(C),41.26529137,28.74943699,-72.4,gate,jets|turboprops|props,C,airline,,105504,2025-01-30T20:34:06.000Z
LTFM,F8-(E),41.26549778,28.74753703,90.0,gate,heavy|jets|turboprops|props,E,airline,,105504,2025-01-30T20:34:06.000Z
LTFM,F8L-(C),41.26572141,28.74715026,90.0,gate,jets|turboprops|props,C,airline,,105504,2025-01-30T20:34:06.000Z
LTFM,F8R-(C),41.26536273,28.74753627,90.0,gate,jets|turboprops|props,C,airline,,105504,2025-01-30T20:34:06.000Z
LTFM,F9-(F),41.26587375,28.74968975,-73.8,gate,heavy|jets|turboprops|props,F,airline,,105504,2025-01-30T20:34:06.000Z
LTFM,F9L-(C),41.26561055,28.74997382,-73.8,gate,jets|turboprops|props,C,airline,,105504,2025-01-30T20:34:06.000Z
LTFM,F9R-(C),41.26603807,28.74975293,-73.9,gate,jets|turboprops|props,C,airline,,105504,2025-01-30T20:34:06.000Z
LTFM,F12-(E),41.26625298,28.747519,89.5,gate,heavy|jets|turboprops|props,E,airline,,105504,2025-01-30T20:34:06.000Z
LTFM,F12L-(C),41.26648271,28.74716629,90.0,gate,jets|turboprops|props,C,airline,,105504,2025-01-30T20:34:06.000Z
LTFM,F12R-(C),41.26612395,28.74748029,90.0,gate,jets|turboprops|props,C,airline,,105504,2025-01-30T20:34:06.000Z
LTFM,F13-(F),41.26664245,28.74995046,-82.3,gate,heavy|jets|turboprops|props,F,airline,,105504,2025-01-30T20:34:06.000Z
LTFM,F13L-(C),41.26640534,28.75022769,-81.8,gate,jets|turboprops|props,C,airline,,105504,2025-01-30T20:34:06.000Z
LTFM,F13R-(C),41.26679885,28.74998857,-82.3,gate,jets|turboprops|props,C,airline,,105504,2025-01-30T20:34:06.000Z
LTFM,F14-(E),41.26700374,28.74749434,90.0,gate,heavy|jets|turboprops|props,E,airline,,105504,2025-01-30T20:34:06.000Z
LTFM,F15-(E),41.26764654,28.74734604,180.0,gate,heavy|jets|turboprops|props,E,airline,,105504,2025-01-30T20:34:06.000Z
LTFM,F16-(E),41.26766487,28.74823908,-179.9,gate,heavy|jets|turboprops|props,E,airline,,105504,2025-01-30T20:34:06.000Z
LTFM,F17-(E),41.26763474,28.7490803,178.5,gate,heavy|jets|turboprops|props,E,airline,,105504,2025-01-30T20:34:06.000Z
LTFM,F18-(E),41.26795185,28.74992134,270.0,gate,heavy|jets|turboprops|props,E,airline,,105504,2025-01-30T20:34:06.000Z
LTFM,F19-(E),41.26728655,28.74996123,-91.8,gate,heavy|jets|turboprops|props,E,airline,,105504,2025-01-30T20:34:06.000Z
LTFM,G2-(E),41.26178546,28.74833832,250.0,gate,heavy|jets|turboprops|props,E,airline,,105504,2025-01-30T20:34:06.000Z
LTFM,G2L-(C),41.26162884,28.74865018,-108.9,gate,jets|turboprops|props,C,airline,,105504,2025-01-30T20:34:06.000Z
LTFM,G2R-(C),41.26189269,28.74814614,-109.1,gate,jets|turboprops|props,C,airline,,105504,2025-01-30T20:34:06.000Z
LTFM,G4-(E),41.26106237,28.7485746,-108.8,gate,heavy|jets|turboprops|props,E,airline,,105504,2025-01-30T20:34:06.000Z
LTFM,G4L-(C),41.2609151,28.74897526,-108.8,gate,jets|turboprops|props,C,airline,,105504,2025-01-30T20:34:06.000Z
LTFM,G4R-(C),41.26116703,28.74847816,-108.7,gate,jets|turboprops|props,C,airline,,105504,2025-01-30T20:34:06.000Z
LTFM,G5-(E),41.2602433,28.74895058,250.0,gate,heavy|jets|turboprops|props,E,airline,,105504,2025-01-30T20:34:06.000Z
LTFM,G5L-(C),41.2601076,28.7493906,-108.8,gate,jets|turboprops|props,C,airline,,105504,2025-01-30T20:34:06.000Z
LTFM,G5R-(C),41.26036008,28.74884679,-109.1,gate,jets|turboprops|props,C,airline,,105504,2025-01-30T20:34:06.000Z
LTFM,G6-(E),41.25953338,28.74928352,250.0,gate,heavy|jets|turboprops|props,E,airline,,105504,2025-01-30T20:34:06.000Z
LTFM,G6L-(C),41.25937975,28.74966126,-109.0,gate,jets|turboprops|props,C,airline,,105504,2025-01-30T20:34:06.000Z
LTFM,G6R-(C),41.2596336,28.7491696,250.9,gate,jets|turboprops|props,C,airline,,105504,2025-01-30T20:34:06.000Z
LTFM,G7-(E),41.25881305,28.74957593,250.0,gate,heavy|jets|turboprops|props,E,airline,,105504,2025-01-30T20:34:06.000Z
LTFM,G7L-(C),41.25867899,28.75005258,250.0,gate,jets|turboprops|props,C,airline,,105504,2025-01-30T20:34:06.000Z
LTFM,G7R-(C),41.25892101,28.74950534,250.0,gate,jets|turboprops|props,C,airline,,105504,2025-01-30T20:34:06.000Z
LTFM,G8-(E),41.25810079,28.74992578,250.0,gate,heavy|jets|turboprops|props,E,airline,,105504,2025-01-30T20:34:06.000Z
LTFM,G8L-(C),41.25795749,28.75034901,-108.5,gate,jets|turboprops|props,C,airline,,105504,2025-01-30T20:34:06.000Z
LTFM,G8R-(C),41.25819607,28.74979674,-109.3,gate,jets|turboprops|props,C,airline,,105504,2025-01-30T20:34:06.000Z
LTFM,G9-(E),41.2574565,28.75027415,0.0,gate,heavy|jets|turboprops|props,E,airline,,105504,2025-01-30T20:34:06.000Z
LTFM,G9L-(C),41.25724462,28.74995514,-0.9,gate,jets|turboprops|props,C,airline,,105504,2025-01-30T20:34:06.000Z
LTFM,G9R-(C),41.2574968,28.75045134,-1.3,gate,jets|turboprops|props,C,airline,,105504,2025-01-30T20:34:06.000Z
LTFM,G10-(E),41.25742769,28.74925819,-0.5,gate,heavy|jets|turboprops|props,E,airline,,105504,2025-01-30T20:34:06.000Z
LTFM,G10L-(C),41.25713549,28.74895137,-1.6,gate,jets|turboprops|props,C,airline,,105504,2025-01-30T20:34:06.000Z
LTFM,G10R-(C),41.25749502,28.74945023,-1.6,gate,jets|turboprops|props,C,airline,,105504,2025-01-30T20:34:06.000Z
LTFM,G11-(E),41.25736933,28.74825809,0.0,gate,heavy|jets|turboprops|props,E,airline,,105504,2025-01-30T20:34:06.000Z
LTFM,G11L-(C),41.25712948,28.74795059,0.0,gate,jets|turboprops|props,C,airline,,105504,2025-01-30T20:34:06.000Z
LTFM,G11R-(C),41.25747727,28.74843301,0.0,gate,jets|turboprops|props,C,airline,,105504,2025-01-30T20:34:06.000Z
LTFM,K01L-(C),41.26866813,28.71328068,0.0,tie_down,heavy|jets|turboprops|props,C,cargo,,105504,2025-01-30T20:34:06.000Z
LTFM,K01-(E),41.26896186,28.71351862,0.0,tie_down,heavy|jets|turboprops|props,E,cargo,,105504,2025-01-30T20:34:06.000Z
LTFM,K01R-(C),41.26893168,28.71375887,0.0,tie_down,heavy|jets|turboprops|props,C,cargo,,105504,2025-01-30T20:34:06.000Z
LTFM,K02L-(C),41.26868277,28.71424811,0.0,tie_down,heavy|jets|turboprops|props,C,cargo,,105504,2025-01-30T20:34:06.000Z
LTFM,K02-(E),41.26897524,28.71448528,0.0,tie_down,heavy|jets|turboprops|props,E,cargo,,105504,2025-01-30T20:34:06.000Z
LTFM,K02R-(C),41.26893835,28.71472305,0.0,tie_down,heavy|jets|turboprops|props,C,cargo,,105504,2025-01-30T20:34:06.000Z
LTFM,K03L-(C),41.26869421,28.71521706,0.0,tie_down,heavy|jets|turboprops|props,C,cargo,,105504,2025-01-30T20:34:06.000Z
LTFM,K03-(E),41.26899018,28.71544205,0.0,tie_down,heavy|jets|turboprops|props,E,cargo,,105504,2025-01-30T20:34:06.000Z
LTFM,K03R-(C),41.2689498,28.715692,0.0,tie_down,heavy|jets|turboprops|props,C,cargo,,105504,2025-01-30T20:34:06.000Z
LTFM,K04L-(C),41.26870184,28.71617742,0.0,tie_down,heavy|jets|turboprops|props,C,cargo,,105504,2025-01-30T20:34:06.000Z
LTFM,K04-(E),41.2690003,28.71642315,0.0,tie_down,heavy|jets|turboprops|props,E,cargo,,105504,2025-01-30T20:34:06.000Z
LTFM,K04R-(C),41.26896029,28.71665808,0.0,tie_down,heavy|jets|turboprops|props,C,cargo,,105504,2025-01-30T20:34:06.000Z
LTFM,K05L-(C),41.26871805,28.71715114,0.0,tie_down,heavy|jets|turboprops|props,C,cargo,,105504,2025-01-30T20:34:06.000Z
LTFM,K05-(E),41.26900936,28.71738121,0.0,tie_down,heavy|jets|turboprops|props,E,cargo,,105504,2025-01-30T20:34:06.000Z
LTFM,K05R-(C),41.26897078,28.71762226,0.0,tie_down,heavy|jets|turboprops|props,C,cargo,,105504,2025-01-30T20:34:06.000Z
LTFM,K06L-(C),41.2687209,28.71811395,0.0,tie_down,heavy|jets|turboprops|props,C,cargo,,105504,2025-01-30T20:34:06.000Z
LTFM,K06-(E),41.26901857,28.71835408,0.0,tie_down,heavy|jets|turboprops|props,E,cargo,,105504,2025-01-30T20:34:06.000Z
LTFM,K06R-(C),41.26898213,28.71858757,0.0,tie_down,heavy|jets|turboprops|props,C,cargo,,105504,2025-01-30T20:34:06.000Z
LTFM,K07L-(C),41.26875238,28.71926928,0.0,tie_down,heavy|jets|turboprops|props,C,cargo,,105504,2025-01-30T20:34:06.000Z
LTFM,K07-(E),41.26903087,28.71951632,0.0,tie_down,heavy|jets|turboprops|props,E,cargo,,105504,2025-01-30T20:34:06.000Z
LTFM,K07R-(C),41.26899557,28.71974803,0.0,tie_down,heavy|jets|turboprops|props,C,cargo,,105504,2025-01-30T20:34:06.000Z
LTFM,K08L-(C),41.26874952,28.72023346,0.0,tie_down,heavy|jets|turboprops|props,C,cargo,,105504,2025-01-30T20:34:06.000Z
LTFM,K08-(E),41.26904593,28.72046764,0.0,tie_down,heavy|jets|turboprops|props,E,cargo,,105504,2025-01-30T20:34:06.000Z
LTFM,K08R-(C),41.26900797,28.72071508,0.0,tie_down,heavy|jets|turboprops|props,C,cargo,,105504,2025-01-30T20:34:06.000Z
LTFM,K09L-(C),41.26875525,28.72120146,0.0,tie_down,heavy|jets|turboprops|props,C,cargo,,105504,2025-01-30T20:34:06.000Z
LTFM,K09-(E),41.2690593,28.72144433,0.0,tie_down,heavy|jets|turboprops|props,E,cargo,,105504,2025-01-30T20:34:06.000Z
LTFM,K09R-(C),41.26901465,28.72168116,0.0,tie_down,heavy|jets|turboprops|props,C,cargo,,105504,2025-01-30T20:34:06.000Z
LTFM,K10-(E),41.26980472,28.72086486,-91.1,tie_down,heavy|jets|turboprops|props,E,cargo,,105504,2025-01-30T20:34:06.000Z
LTFM,K11-(E),41.27045961,28.72090292,-91.0,tie_down,heavy|jets|turboprops|props,E,cargo,,105504,2025-01-30T20:34:06.000Z
LTFM,K12-(E),41.2711093,28.72089219,270.0,tie_down,heavy|jets|turboprops|props,E,cargo,,105504,2025-01-30T20:34:06.000Z
LTFM,K13-(E),41.27234724,28.7208712,-90.9,tie_down,heavy|jets|turboprops|props,E,cargo,,105504,2025-01-30T20:34:06.000Z
LTFM,K14-(E),41.27300174,28.72079582,-90.6,tie_down,heavy|jets|turboprops|props,E,cargo,,105504,2025-01-30T20:34:06.000Z
LTFM,K15-(E),41.27365066,28.72078761,-90.9,tie_down,heavy|jets|turboprops|props,E,cargo,,105504,2025-01-30T20:34:06.000Z
LTFM,K16-(E),41.27431038,28.72083194,270.0,tie_down,heavy|jets|turboprops|props,E,cargo,,105504,2025-01-30T20:34:06.000Z
LTFM,K17-(E),41.27495955,28.72076205,-90.6,tie_down,heavy|jets|turboprops|props,E,cargo,,105504,2025-01-30T20:34:06.000Z
LTFM,K18-(E),41.27561524,28.72074824,270.0,tie_down,heavy|jets|turboprops|props,E,cargo,,105504,2025-01-30T20:34:06.000Z
LTFM,K19-(E),41.27705338,28.72067453,270.0,tie_down,heavy|jets|turboprops|props,E,cargo,,105504,2025-01-30T20:34:06.000Z
LTFM,K50-(E),41.27822411,28.71395143,90.0,tie_down,heavy|jets|turboprops|props,E,cargo,,105504,2025-01-30T20:34:06.000Z
LTFM,K51-(E),41.27756868,28.71384765,90.0,tie_down,heavy|jets|turboprops|props,E,cargo,,105504,2025-01-30T20:34:06.000Z
LTFM,K52-(E),41.27691455,28.71386451,90.0,tie_down,heavy|jets|turboprops|props,E,cargo,,105504,2025-01-30T20:34:06.000Z
LTFM,K53-(E),41.27626348,28.71387406,89.1,tie_down,heavy|jets|turboprops|props,E,cargo,,105504,2025-01-30T20:34:06.000Z
LTFM,K54-(E),41.27148375,28.71396883,90.0,tie_down,heavy|jets|turboprops|props,E,cargo,,105504,2025-01-30T20:34:06.000Z
LTFM,K55-(E),41.27083596,28.71398139,90.0,tie_down,heavy|jets|turboprops|props,E,cargo,,105504,2025-01-30T20:34:06.000Z
LTFM,K56-(E),41.27018474,28.71399324,90.0,tie_down,heavy|jets|turboprops|props,E,cargo,,105504,2025-01-30T20:34:06.000Z
LTFM,K57-(E),41.26953181,28.71400685,90.0,tie_down,heavy|jets|turboprops|props,E,cargo,,105504,2025-01-30T20:34:06.000Z
LTFM,M10-(E),41.29348122,28.71370619,180.0,tie_down,heavy|jets|turboprops|props,E,airline,,105504,2025-01-30T20:34:06.000Z
LTFM,M11-(E),41.29349115,28.71456578,180.0,tie_down,heavy|jets|turboprops|props,E,airline,,105504,2025-01-30T20:34:06.000Z
LTFM,M12-(E),41.29350662,28.71543214,180.0,tie_down,heavy|jets|turboprops|props,E,airline,,105504,2025-01-30T20:34:06.000Z
LTFM,M13-(E),41.2935102,28.7163033,180.0,tie_down,heavy|jets|turboprops|props,E,airline,,105504,2025-01-30T20:34:06.000Z
LTFM,M14-(F),41.29352112,28.71725871,180.0,tie_down,heavy|jets|turboprops|props,F,airline,,105504,2025-01-30T20:34:06.000Z
LTFM,M15-(E),41.29353205,28.71821865,180.0,tie_down,heavy|jets|turboprops|props,E,airline,,105504,2025-01-30T20:34:06.000Z
LTFM,M16-(E),41.29354025,28.71907897,180.0,tie_down,heavy|jets|turboprops|props,E,airline,,105504,2025-01-30T20:34:06.000Z
LTFM,M17-(E),41.29355003,28.71993989,180.0,tie_down,heavy|jets|turboprops|props,E,airline,,105504,2025-01-30T20:34:06.000Z
LTFM,M18-(E),41.29355909,28.72080727,180.0,tie_down,heavy|jets|turboprops|props,E,airline,,105504,2025-01-30T20:34:06.000Z
LTFM,100-(C),41.27527132,28.73315226,180.0,tie_down,jets|turboprops|props,C,airline,,105504,2025-01-30T20:34:06.000Z
LTFM,101-(C),41.27527601,28.73363621,180.0,tie_down,jets|turboprops|props,C,airline,,105504,2025-01-30T20:34:06.000Z
LTFM,102-(C),41.27528069,28.73412029,180.0,tie_down,jets|turboprops|props,C,airline,,105504,2025-01-30T20:34:06.000Z
LTFM,103-(C),41.27528538,28.73460423,180.0,tie_down,jets|turboprops|props,C,airline,,105504,2025-01-30T20:34:06.000Z
LTFM,104-(C),41.27529006,28.73508812,180.0,tie_down,jets|turboprops|props,C,airline,,105504,2025-01-30T20:34:06.000Z
LTFM,105-(C),41.27529475,28.7355722,180.0,tie_down,jets|turboprops|props,C,airline,,105504,2025-01-30T20:34:06.000Z
LTFM,106-(C),41.27529943,28.73605612,180.0,tie_down,jets|turboprops|props,C,airline,,105504,2025-01-30T20:34:06.000Z
LTFM,107-(C),41.27530412,28.73653999,180.0,tie_down,jets|turboprops|props,C,airline,,105504,2025-01-30T20:34:06.000Z
LTFM,108-(C),41.27530881,28.73702411,180.0,tie_down,jets|turboprops|props,C,airline,,105504,2025-01-30T20:34:06.000Z
LTFM,109-(C),41.27531349,28.73750779,180.0,tie_down,jets|turboprops|props,C,airline,,105504,2025-01-30T20:34:06.000Z
LTFM,110-(C),41.27534913,28.73951295,179.0,tie_down,jets|turboprops|props,C,airline,,105504,2025-01-30T20:34:06.000Z
LTFM,111-(C),41.27535311,28.73999619,179.0,tie_down,jets|turboprops|props,C,airline,,105504,2025-01-30T20:34:06.000Z
LTFM,112-(C),41.27535711,28.74047997,179.0,tie_down,jets|turboprops|props,C,airline,,105504,2025-01-30T20:34:06.000Z
LTFM,113-(C),41.2753611,28.7409634,179.0,tie_down,jets|turboprops|props,C,airline,,105504,2025-01-30T20:34:06.000Z
LTFM,114-(C),41.27536509,28.74144686,179.0,tie_down,jets|turboprops|props,C,airline,,105504,2025-01-30T20:34:06.000Z
LTFM,115-(C),41.27536908,28.74193044,179.0,tie_down,jets|turboprops|props,C,airline,,105504,2025-01-30T20:34:06.000Z
LTFM,116-(C),41.27537347,28.74258055,179.0,tie_down,jets|turboprops|props,C,airline,,105504,2025-01-30T20:34:06.000Z
LTFM,117-(C),41.27537725,28.74307553,179.0,tie_down,jets|turboprops|props,C,airline,,105504,2025-01-30T20:34:06.000Z
LTFM,118-(C),41.27538096,28.74356095,179.0,tie_down,jets|turboprops|props,C,airline,,105504,2025-01-30T20:34:06.000Z
LTFM,119-(C),41.27538463,28.74404088,179.0,tie_down,jets|turboprops|props,C,airline,,105504,2025-01-30T20:34:06.000Z
LTFM,120-(C),41.27538829,28.74452082,179.0,tie_down,jets|turboprops|props,C,airline,,105504,2025-01-30T20:34:06.000Z
LTFM,121-(C),41.27539196,28.74500142,179.0,tie_down,jets|turboprops|props,C,airline,,105504,2025-01-30T20:34:06.000Z
LTFM,122-(C),41.27540537,28.74701939,179.0,tie_down,jets|turboprops|props,C,airline,,105504,2025-01-30T20:34:06.000Z
LTFM,123-(C),41.27540869,28.74750168,179.0,tie_down,jets|turboprops|props,C,airline,,105504,2025-01-30T20:34:06.000Z
LTFM,124-(C),41.27541438,28.74798442,179.0,tie_down,jets|turboprops|props,C,airline,,105504,2025-01-30T20:34:06.000Z
LTFM,125-(C),41.27542048,28.74846715,179.0,tie_down,jets|turboprops|props,C,airline,,105504,2025-01-30T20:34:06.000Z
LTFM,126-(C),41.27542294,28.74895217,179.0,tie_down,jets|turboprops|props,C,airline,,105504,2025-01-30T20:34:06.000Z
LTFM,127-(C),41.27542667,28.7494324,179.0,tie_down,jets|turboprops|props,C,airline,,105504,2025-01-30T20:34:06.000Z
LTFM,128-(C),41.27543152,28.74991981,179.0,tie_down,jets|turboprops|props,C,airline,,105504,2025-01-30T20:34:06.000Z
LTFM,129-(C),41.27543826,28.75040211,179.0,tie_down,jets|turboprops|props,C,airline,,105504,2025-01-30T20:34:06.000Z
LTFM,130-(C),41.2754419,28.75088494,179.0,tie_down,jets|turboprops|props,C,airline,,105504,2025-01-30T20:34:06.000Z
LTFM,131-(C),41.27544614,28.75136176,179.0,tie_down,jets|turboprops|props,C,airline,,105504,2025-01-30T20:34:06.000Z
LTFM,132-(C),41.27467612,28.73318352,0.0,tie_down,jets|turboprops|props,C,airline,,105504,2025-01-30T20:34:06.000Z
LTFM,135L-(C),41.27473171,28.7355924,0.0,tie_down,jets|turboprops|props,C,airline,,105504,2025-01-30T20:34:06.000Z
LTFM,133-(E),41.27495389,28.73390265,0.0,tie_down,heavy|jets|turboprops|props,E,airline,,105504,2025-01-30T20:34:06.000Z
LTFM,133R-(C),41.27491332,28.73414532,0.0,tie_down,jets|turboprops|props,C,airline,,105504,2025-01-30T20:34:06.000Z
LTFM,134L-(C),41.27472053,28.7346243,0.0,tie_down,jets|turboprops|props,C,airline,,105504,2025-01-30T20:34:06.000Z
LTFM,134-(E),41.27496433,28.73487074,0.0,tie_down,heavy|jets|turboprops|props,E,airline,,105504,2025-01-30T20:34:06.000Z
LTFM,134R-(C),41.27492376,28.73511341,0.0,tie_down,jets|turboprops|props,C,airline,,105504,2025-01-30T20:34:06.000Z
LTFM,133L-(C),41.27471009,28.73365621,0.0,tie_down,jets|turboprops|props,C,airline,,105504,2025-01-30T20:34:06.000Z
LTFM,135-(E),41.27497551,28.73583884,0.0,tie_down,heavy|jets|turboprops|props,E,airline,,105504,2025-01-30T20:34:06.000Z
LTFM,135R-(C),41.27493494,28.7360815,0.0,tie_down,jets|turboprops|props,C,airline,,105504,2025-01-30T20:34:06.000Z
LTFM,136L-(C),41.27474215,28.73656147,0.0,tie_down,jets|turboprops|props,C,airline,,105504,2025-01-30T20:34:06.000Z
LTFM,136-(E),41.27498594,28.73680792,0.0,tie_down,heavy|jets|turboprops|props,E,airline,,105504,2025-01-30T20:34:06.000Z
LTFM,136R-(C),41.27494538,28.73705058,0.0,tie_down,jets|turboprops|props,C,airline,,105504,2025-01-30T20:34:06.000Z
LTFM,137L-(C),41.27475156,28.73752812,0.0,tie_down,jets|turboprops|props,C,airline,,105504,2025-01-30T20:34:06.000Z
LTFM,137-(E),41.27499536,28.73777456,0.0,tie_down,heavy|jets|turboprops|props,E,airline,,105504,2025-01-30T20:34:06.000Z
LTFM,137R-(C),41.27495479,28.73801723,0.0,tie_down,jets|turboprops|props,C,airline,,105504,2025-01-30T20:34:06.000Z
LTFM,138L-(C),41.27477379,28.73952352,0.0,tie_down,jets|turboprops|props,C,airline,,105504,2025-01-30T20:34:06.000Z
LTFM,138-(E),41.27501326,28.73977039,0.0,tie_down,heavy|jets|turboprops|props,E,airline,,105504,2025-01-30T20:34:06.000Z
LTFM,138R-(C),41.27498012,28.74001212,0.0,tie_down,jets|turboprops|props,C,airline,,105504,2025-01-30T20:34:06.000Z
LTFM,139L-(C),41.27478348,28.74048928,0.0,tie_down,jets|turboprops|props,C,airline,,105504,2025-01-30T20:34:06.000Z
LTFM,139-(E),41.27502728,28.74073572,0.0,tie_down,heavy|jets|turboprops|props,E,airline,,105504,2025-01-30T20:34:06.000Z
LTFM,139R-(C),41.27498756,28.74097645,0.0,tie_down,jets|turboprops|props,C,airline,,105504,2025-01-30T20:34:06.000Z
LTFM,140L-(C),41.27479325,28.74145525,0.0,tie_down,jets|turboprops|props,C,airline,,105504,2025-01-30T20:34:06.000Z
LTFM,140-(E),41.27503394,28.74170192,0.0,tie_down,heavy|jets|turboprops|props,E,airline,,105504,2025-01-30T20:34:06.000Z
LTFM,140R-(C),41.27499844,28.74194295,0.0,tie_down,jets|turboprops|props,C,airline,,105504,2025-01-30T20:34:06.000Z
LTFM,141L-(C),41.27480555,28.74259499,0.0,tie_down,jets|turboprops|props,C,airline,,105504,2025-01-30T20:34:06.000Z
LTFM,141-(E),41.27504934,28.74284143,0.0,tie_down,heavy|jets|turboprops|props,E,airline,,105504,2025-01-30T20:34:06.000Z
LTFM,141R-(C),41.27501228,28.74308275,0.0,tie_down,jets|turboprops|props,C,airline,,105504,2025-01-30T20:34:06.000Z
LTFM,142L-(C),41.27481376,28.74356682,0.0,tie_down,jets|turboprops|props,C,airline,,105504,2025-01-30T20:34:06.000Z
LTFM,142-(E),41.27505935,28.74381033,0.0,tie_down,heavy|jets|turboprops|props,E,airline,,105504,2025-01-30T20:34:06.000Z
LTFM,142R-(C),41.27502063,28.74405166,0.0,tie_down,jets|turboprops|props,C,airline,,105504,2025-01-30T20:34:06.000Z
LTFM,143L-(C),41.27480649,28.74453531,0.0,tie_down,jets|turboprops|props,C,airline,,105504,2025-01-30T20:34:06.000Z
LTFM,143-(E),41.27507042,28.74478247,0.0,tie_down,heavy|jets|turboprops|props,E,airline,,105504,2025-01-30T20:34:06.000Z
LTFM,143R-(C),41.27503078,28.74502385,0.0,tie_down,jets|turboprops|props,C,airline,,105504,2025-01-30T20:34:06.000Z
LTFM,144L-(C),41.27487207,28.74654322,0.0,tie_down,jets|turboprops|props,C,airline,,105504,2025-01-30T20:34:06.000Z
LTFM,144-(E),41.2750868,28.74677802,0.0,tie_down,heavy|jets|turboprops|props,E,airline,,105504,2025-01-30T20:34:06.000Z
LTFM,144R-(C),41.27507894,28.74702806,0.0,tie_down,jets|turboprops|props,C,airline,,105504,2025-01-30T20:34:06.000Z
LTFM,145L-(C),41.27488244,28.74750907,0.0,tie_down,jets|turboprops|props,C,airline,,105504,2025-01-30T20:34:06.000Z
LTFM,145-(E),41.27509717,28.74774387,0.0,tie_down,heavy|jets|turboprops|props,E,airline,,105504,2025-01-30T20:34:06.000Z
LTFM,145R-(C),41.27508931,28.74799391,0.0,tie_down,jets|turboprops|props,C,airline,,105504,2025-01-30T20:34:06.000Z
LTFM,146L-(C),41.27489278,28.74847297,0.0,tie_down,jets|turboprops|props,C,airline,,105504,2025-01-30T20:34:06.000Z
LTFM,146-(E),41.27510751,28.74870776,0.0,tie_down,heavy|jets|turboprops|props,E,airline,,105504,2025-01-30T20:34:06.000Z
LTFM,146R-(C),41.27509965,28.7489578,0.0,tie_down,jets|turboprops|props,C,airline,,105504,2025-01-30T20:34:06.000Z
LTFM,147L-(C),41.27490306,28.749442,0.0,tie_down,jets|turboprops|props,C,airline,,105504,2025-01-30T20:34:06.000Z
LTFM,147-(E),41.27511778,28.7496768,0.0,tie_down,heavy|jets|turboprops|props,E,airline,,105504,2025-01-30T20:34:06.000Z
LTFM,147R-(C),41.27510993,28.74992684,0.0,tie_down,jets|turboprops|props,C,airline,,105504,2025-01-30T20:34:06.000Z
LTFM,148L-(C),41.27491335,28.75040704,0.0,tie_down,jets|turboprops|props,C,airline,,105504,2025-01-30T20:34:06.000Z
LTFM,148-(E),41.27512808,28.75064184,0.0,tie_down,heavy|jets|turboprops|props,E,airline,,105504,2025-01-30T20:34:06.000Z
LTFM,148R-(C),41.27512022,28.75089188,0.0,tie_down,jets|turboprops|props,C,airline,,105504,2025-01-30T20:34:06.000Z
LTFM,149-(C),41.27487563,28.75136597,0.0,tie_down,jets|turboprops|props,C,airline,,105504,2025-01-30T20:34:06.000Z
LTFM,200-(C),41.2552702,28.73654191,90.0,tie_down,jets|turboprops|props,C,airline,,105504,2025-01-30T20:34:06.000Z
LTFM,201-(C),41.25490209,28.73654589,90.0,tie_down,jets|turboprops|props,C,airline,,105504,2025-01-30T20:34:06.000Z
LTFM,202-(C),41.25453973,28.73655281,90.0,tie_down,jets|turboprops|props,C,airline,,105504,2025-01-30T20:34:06.000Z
LTFM,203-(C),41.25417497,28.73655863,90.0,tie_down,jets|turboprops|props,C,airline,,105504,2025-01-30T20:34:06.000Z
LTFM,204-(C),41.25381588,28.73657088,90.0,tie_down,jets|turboprops|props,C,airline,,105504,2025-01-30T20:34:06.000Z
LTFM,205-(C),41.25344373,28.73658009,90.0,tie_down,jets|turboprops|props,C,airline,,105504,2025-01-30T20:34:06.000Z
LTFM,206-(C),41.25295137,28.73658884,90.0,tie_down,jets|turboprops|props,C,airline,,105504,2025-01-30T20:34:06.000Z
LTFM,207-(C),41.25258393,28.73656693,90.0,tie_down,jets|turboprops|props,C,airline,,105504,2025-01-30T20:34:06.000Z
LTFM,208-(C),41.25222648,28.73651314,90.0,tie_down,jets|turboprops|props,C,airline,,105504,2025-01-30T20:34:06.000Z
LTFM,209-(C),41.25172783,28.73651509,90.0,tie_down,jets|turboprops|props,C,airline,,105504,2025-01-30T20:34:06.000Z
LTFM,210-(C),41.2513632,28.73653868,90.0,tie_down,jets|turboprops|props,C,airline,,105504,2025-01-30T20:34:06.000Z
LTFM,211-(C),41.25099461,28.73652139,90.0,tie_down,jets|turboprops|props,C,airline,,105504,2025-01-30T20:34:06.000Z
LTFM,212-(C),41.25063246,28.73653187,90.0,tie_down,jets|turboprops|props,C,airline,,105504,2025-01-30T20:34:06.000Z
LTFM,213-(C),41.25026898,28.73654541,90.0,tie_down,jets|turboprops|props,C,airline,,105504,2025-01-30T20:34:06.000Z
LTFM,214-(C),41.24990342,28.73655108,90.0,tie_down,jets|turboprops|props,C,airline,,105504,2025-01-30T20:34:06.000Z
LTFM,215-(F),41.2550778,28.73339209,270.0,tie_down,heavy|jets|turboprops|props,F,airline,,105504,2025-01-30T20:34:06.000Z
LTFM,216-(F),41.25428226,28.73340666,270.0,tie_down,heavy|jets|turboprops|props,F,airline,,105504,2025-01-30T20:34:06.000Z
LTFM,217-(F),41.25349794,28.73345772,270.0,tie_down,heavy|jets|turboprops|props,F,airline,,105504,2025-01-30T20:34:06.000Z
LTFM,218-(E),41.25146146,28.73284522,90.0,tie_down,heavy|jets|turboprops|props,E,airline,,105504,2025-01-30T20:34:06.000Z
LTFM,219-(E),41.25073377,28.73283923,90.0,tie_down,heavy|jets|turboprops|props,E,airline,,105504,2025-01-30T20:34:06.000Z
LTFM,220-(E),41.24884818,28.73552199,179.5,tie_down,heavy|jets|turboprops|props,E,airline,,105504,2025-01-30T20:34:06.000Z
LTFM,221-(E),41.24883674,28.7345772,179.5,tie_down,heavy|jets|turboprops|props,E,airline,,105504,2025-01-30T20:34:06.000Z
LTFM,222-(E),41.248834,28.7335745,179.5,tie_down,heavy|jets|turboprops|props,E,airline,,105504,2025-01-30T20:34:06.000Z
LTFM,223-(E),41.24882849,28.73262453,179.5,tie_down,heavy|jets|turboprops|props,E,airline,,105504,2025-01-30T20:34:06.000Z
LTFM,224-(E),41.24880688,28.73166194,179.5,tie_down,heavy|jets|turboprops|props,E,airline,,105504,2025-01-30T20:34:06.000Z
LTFM,300-(C),41.25523518,28.74871016,270.0,tie_down,jets|turboprops|props,C,airline,,105504,2025-01-30T20:34:06.000Z
LTFM,301-(C),41.25487077,28.74879164,270.0,tie_down,jets|turboprops|props,C,airline,,105504,2025-01-30T20:34:06.000Z
LTFM,302-(C),41.25450647,28.7487775,270.0,tie_down,jets|turboprops|props,C,airline,,105504,2025-01-30T20:34:06.000Z
LTFM,303-(C),41.25415065,28.74876668,270.0,tie_down,jets|turboprops|props,C,airline,,105504,2025-01-30T20:34:06.000Z
LTFM,304-(C),41.25378334,28.74877846,270.0,tie_down,jets|turboprops|props,C,airline,,105504,2025-01-30T20:34:06.000Z
LTFM,305-(C),41.25341574,28.74875848,270.0,tie_down,jets|turboprops|props,C,airline,,105504,2025-01-30T20:34:06.000Z
LTFM,306-(C),41.25292179,28.74882067,270.0,tie_down,jets|turboprops|props,C,airline,,105504,2025-01-30T20:34:06.000Z
LTFM,307-(C),41.25255207,28.74880843,270.0,tie_down,jets|turboprops|props,C,airline,,105504,2025-01-30T20:34:06.000Z
LTFM,308-(C),41.25218621,28.74881183,270.0,tie_down,jets|turboprops|props,C,airline,,105504,2025-01-30T20:34:06.000Z
LTFM,309-(C),41.25183332,28.74880047,270.0,tie_down,jets|turboprops|props,C,airline,,105504,2025-01-30T20:34:06.000Z
LTFM,310-(C),41.25146332,28.74880816,270.0,tie_down,jets|turboprops|props,C,airline,,105504,2025-01-30T20:34:06.000Z
LTFM,311-(C),41.2511016,28.74882168,270.0,tie_down,jets|turboprops|props,C,airline,,105504,2025-01-30T20:34:06.000Z
LTFM,312-(C),41.25073447,28.74883293,270.0,tie_down,jets|turboprops|props,C,airline,,105504,2025-01-30T20:34:06.000Z
LTFM,313-(F),41.25544258,28.75182414,90.0,tie_down,heavy|jets|turboprops|props,F,airline,,105504,2025-01-30T20:34:06.000Z
LTFM,314-(F),41.25465319,28.7517925,90.0,tie_down,heavy|jets|turboprops|props,F,airline,,105504,2025-01-30T20:34:06.000Z
LTFM,315-(F),41.25385965,28.75182103,90.0,tie_down,heavy|jets|turboprops|props,F,airline,,105504,2025-01-30T20:34:06.000Z
LTFM,316L-(C),41.25194137,28.75161105,90.3,tie_down,heavy|jets,C,airline,,105504,2025-01-30T20:34:06.000Z
LTFM,316-(F),41.25174963,28.75196761,90.0,tie_down,heavy|jets|turboprops|props,F,airline,,105504,2025-01-30T20:34:06.000Z
LTFM,316R-(C),41.25154823,28.75194264,90.3,tie_down,heavy|jets,C,airline,,105504,2025-01-30T20:34:06.000Z
LTFM,317L-(C),41.25104076,28.75164185,90.3,tie_down,heavy|jets,C,airline,,105504,2025-01-30T20:34:06.000Z
LTFM,317-(F),41.25085999,28.75201342,90.0,tie_down,heavy|jets|turboprops|props,F,airline,,105504,2025-01-30T20:34:06.000Z
LTFM,317R-(C),41.25064592,28.75197284,90.3,tie_down,heavy|jets,C,airline,,105504,2025-01-30T20:34:06.000Z
LTFM,318L-(C),41.25155815,28.75289731,-90.5,tie_down,heavy|jets,C,airline,,105504,2025-01-30T20:34:06.000Z
LTFM,318-(F),41.25175976,28.75254292,270.0,tie_down,heavy|jets|turboprops|props,F,airline,,105504,2025-01-30T20:34:06.000Z
LTFM,318R-(C),41.25195381,28.75255806,-90.5,tie_down,heavy|jets,C,airline,,105504,2025-01-30T20:34:06.000Z
LTFM,319L-(C),41.2506693,28.75294589,-90.5,tie_down,heavy|jets,C,airline,,105504,2025-01-30T20:34:06.000Z
LTFM,319-(F),41.25085477,28.75255635,270.0,tie_down,heavy|jets|turboprops|props,F,airline,,105504,2025-01-30T20:34:06.000Z
LTFM,319R-(C),41.25105782,28.75253895,-90.5,tie_down,heavy|jets,C,airline,,105504,2025-01-30T20:34:06.000Z
LTFM,503,41.28616941,28.71577683,1.0,tie_down,heavy,E,airline,,105504,2025-01-30T20:34:06.000Z
LTFM,504,41.28617602,28.71664113,1.0,tie_down,heavy,E,airline,,105504,2025-01-30T20:34:06.000Z
LTFM,505,41.28619475,28.71750542,1.0,tie_down,heavy,E,cargo,,105504,2025-01-30T20:34:06.000Z
LTFM,506,41.28625311,28.71837118,1.0,tie_down,heavy,E,airline,,105504,2025-01-30T20:34:06.000Z
LTFM,507,41.28625879,28.71923579,1.0,tie_down,heavy,E,airline,,105504,2025-01-30T20:34:06.000Z
LTFM,508,41.28626457,28.72009991,1.0,tie_down,heavy,E,cargo,,105504,2025-01-30T20:34:06.000Z
LTFM,509,41.28627042,28.72096096,1.0,tie_down,heavy,E,airline,,105504,2025-01-30T20:34:06.000Z
LTFM,V1-(F),41.26725687,28.70397368,-0.9,tie_down,heavy|jets,E,airline,,105504,2025-01-30T20:34:06.000Z
LTFM,V2-(C),41.26816026,28.70395807,-0.4,tie_down,jets|turboprops,C,airline,,105504,2025-01-30T20:34:06.000Z
LSZH,Stand W 42,47.45231139,8.54780467,154.5,tie_down,jets,E,none,,106102,2025-03-29T04:11:42.000Z
LSZH,Stand W 41,47.45430507,8.54643591,-25.0,tie_down,jets|helos,E,none,,106102,2025-03-29T04:11:42.000Z
LSZH,Gate B36,47.45042191,8.5591543,6.1,gate,jets,C,airline,,106102,2025-03-29T04:11:42.000Z
LSZH,Gate B35,47.45158481,8.5589692,-174.4,gate,jets,D,none,swr dlh,106102,2025-03-29T04:11:42.000Z
LSZH,Gate B43,47.45178023,8.55711628,-174.2,gate,jets,D,none,,106102,2025-03-29T04:11:42.000Z
LSZH,Gate B45,47.45176758,8.55693638,-174.2,gate,jets,C,none,swr dlh,106102,2025-03-29T04:11:42.000Z
LSZH,Gate B33,47.45161147,8.55935098,-174.2,gate,jets,C,airline,,106102,2025-03-29T04:11:42.000Z
LSZH,Gate B37,47.45155449,8.55879242,-174.2,gate,jets,C,airline,swr dlh,106102,2025-03-29T04:11:42.000Z
LSZH,Gate B41,47.4517253,8.55748843,-174.2,gate,jets,C,airline,,106102,2025-03-29T04:11:42.000Z
LSZH,Gate B39,47.45162003,8.55803422,-174.2,gate,jets,D,airline,,106102,2025-03-29T04:11:42.000Z
LSZH,Gate B31,47.45151386,8.55989621,-174.2,gate,jets,C,airline,swr dlh,106102,2025-03-29T04:11:42.000Z
LSZH,Gate B32,47.45046603,8.55973177,5.5,gate,jets,C,airline,,106102,2025-03-29T04:11:42.000Z
LSZH,Gate B34,47.45044101,8.55955569,5.3,gate,jets,D,airline,,106102,2025-03-29T04:11:42.000Z
LSZH,Gate B38,47.45047837,8.5585856,5.3,gate,jets,D,airline,,106102,2025-03-29T04:11:42.000Z
LSZH,Gate A02,47.45347248,8.55861976,5.9,gate,jets,C,airline,swr dlh,106102,2025-03-29T04:11:42.000Z
LSZH,Gate A04,47.4535221,8.55809064,5.9,gate,jets,C,airline,swr dlh,106102,2025-03-29T04:11:42.000Z
LSZH,Gate A48,47.45355347,8.55755283,5.9,gate,jets,D,airline,swr dlh,106102,2025-03-29T04:11:42.000Z
LSZH,Gate A46,47.45347224,8.55844299,5.7,gate,jets,D,airline,,106102,2025-03-29T04:11:42.000Z
LSZH,Gate A44,47.4534023,8.55944136,5.9,gate,jets,D,airline,swr dlh,106102,2025-03-29T04:11:42.000Z
LSZH,Gate A10,47.45363314,8.55648801,5.7,gate,jets,C,airline,swr dlh ewg,106102,2025-03-29T04:11:42.000Z
LSZH,Gate A17,47.45422591,8.55633209,185.7,gate,jets,C,airline,swr dlh ewg,106102,2025-03-29T04:11:42.000Z
LSZH,Gate A57,47.45430607,8.55567622,185.9,gate,jets,C,airline,swr dlh ewg,106102,2025-03-29T04:11:42.000Z
LSZH,Gate A15,47.45421862,8.55689551,185.8,gate,jets,C,airline,swr dlh ewg,106102,2025-03-29T04:11:42.000Z
LSZH,Gate A13,47.45422799,8.55746016,-174.4,gate,jets,C,airline,,106102,2025-03-29T04:11:42.000Z
LSZH,Gate A11,47.4541441,8.55801703,-174.4,gate,jets,C,airline,,106102,2025-03-29T04:11:42.000Z
LSZH,Gate A08,47.45363455,8.55702876,6.1,gate,jets,C,airline,,106102,2025-03-29T04:11:42.000Z
LSZH,Gate A07,47.45400928,8.560002,185.8,gate,jets,C,airline,,106102,2025-03-29T04:11:42.000Z
LSZH,Gate A09,47.45400187,8.55944117,-174.2,gate,jets,C,airline,,106102,2025-03-29T04:11:42.000Z
LSZH,Gate A49,47.4540892,8.55870414,-174.4,gate,jets,D,airline,,106102,2025-03-29T04:11:42.000Z
LSZH,Gate A03,47.4539434,8.56115592,185.8,gate,jets,C,airline,,106102,2025-03-29T04:11:42.000Z
LSZH,Gate A05,47.45399009,8.56059952,185.7,gate,jets,C,airline,,106102,2025-03-29T04:11:42.000Z
LSZH,Gate A42,47.45333429,8.56018467,6.3,gate,jets,C,airline,swr dlh,106102,2025-03-29T04:11:42.000Z
LSZH,Gate E 23,47.4613845,8.55776733,-173.4,gate,heavy|jets,E,airline,,106102,2025-03-29T04:11:42.000Z
LSZH,Gate E 27,47.46145679,8.5568105,-173.4,gate,heavy|jets,E,airline,swr,106102,2025-03-29T04:11:42.000Z
LSZH,Gate E 33,47.46165715,8.55606629,186.5,gate,heavy|jets,C,none,swr,106102,2025-03-29T04:11:42.000Z
LSZH,Gate E 35,47.46149284,8.55584369,186.5,gate,heavy|jets,E,none,swr,106102,2025-03-29T04:11:42.000Z
LSZH,Gate E 37,47.46163749,8.55547991,-173.4,gate,heavy|jets,C,none,swr,106102,2025-03-29T04:11:42.000Z
LSZH,Gate E 43,47.46157626,8.55489469,-173.8,gate,heavy|jets,E,none,,106102,2025-03-29T04:11:42.000Z
LSZH,Gate E 47,47.46164635,8.55393493,-173.8,gate,heavy|jets,E,none,,106102,2025-03-29T04:11:42.000Z
LSZH,Gate E 49,47.46168937,8.55374807,-173.8,gate,heavy|jets,C,none,,106102,2025-03-29T04:11:42.000Z
LSZH,Gate E 45,47.46169656,8.5543276,-173.8,gate,heavy|jets,C,none,,106102,2025-03-29T04:11:42.000Z
LSZH,Gate E 51,47.46188155,8.55303598,186.1,gate,heavy|jets,C,airline,swr,106102,2025-03-29T04:11:42.000Z
LSZH,Gate E 55,47.46189561,8.55246103,186.1,gate,heavy|jets,C,airline,swr,106102,2025-03-29T04:11:42.000Z
LSZH,Gate E 53,47.46170656,8.55281941,185.8,gate,heavy|jets,E,airline,swr,106102,2025-03-29T04:11:42.000Z
LSZH,Gate E 20,47.46048591,8.55833686,6.5,gate,heavy|jets,E,airline,swr,106102,2025-03-29T04:11:42.000Z
LSZH,Gate E 26,47.46055676,8.55738866,6.5,gate,heavy|jets,E,airline,,106102,2025-03-29T04:11:42.000Z
LSZH,Gate E 32,47.46060734,8.55646106,6.0,gate,heavy|jets,C,airline,,106102,2025-03-29T04:11:42.000Z
LSZH,Gate E 36,47.46058423,8.55588014,6.0,gate,heavy|jets,C,airline,,106102,2025-03-29T04:11:42.000Z
LSZH,Gate E 34,47.46062227,8.55626791,6.5,gate,heavy|jets,E,airline,,106102,2025-03-29T04:11:42.000Z
LSZH,Gate E 48,47.4606174,8.5541422,5.9,gate,heavy|jets,C,airline,,106102,2025-03-29T04:11:42.000Z
LSZH,Gate E 50,47.46081083,8.55359286,5.9,gate,heavy|jets,C,airline,,106102,2025-03-29T04:11:42.000Z
LSZH,Gate E 44,47.46061604,8.55472415,5.9,gate,heavy|jets,C,airline,,106102,2025-03-29T04:11:42.000Z
LSZH,Gate E 46,47.4607935,8.554355,5.9,gate,heavy|jets,E,airline,,106102,2025-03-29T04:11:42.000Z
LSZH,Gate E 42,47.46069615,8.55531525,5.9,gate,heavy|jets,E,airline,,106102,2025-03-29T04:11:42.000Z
LSZH,Gate E 54,47.46077281,8.5530079,7.1,gate,heavy|jets,C,airline,,106102,2025-03-29T04:11:42.000Z
LSZH,Gate E 52,47.4608449,8.55340508,6.0,gate,heavy|jets,E,airline,,106102,2025-03-29T04:11:42.000Z
LSZH,Stand P 37,47.46435206,8.54901661,-115.2,tie_down,heavy|jets|turboprops|props,D,airline,swr,106102,2025-03-29T04:11:42.000Z
LSZH,Stand P 35,47.46363916,8.54951279,-115.2,tie_down,heavy|jets|turboprops|props,C,airline,swr,106102,2025-03-29T04:11:42.000Z
LSZH,Stand P 36,47.46399482,8.54926435,-115.2,tie_down,heavy|jets|turboprops|props,C,airline,swr,106102,2025-03-29T04:11:42.000Z
LSZH,Stand P 34,47.46352342,8.55147484,7.0,gate,jets|turboprops|props,C,airline,swr,106102,2025-03-29T04:11:42.000Z
LSZH,Stand P 33,47.46348202,8.55205175,7.0,gate,jets|turboprops|props,C,airline,swr,106102,2025-03-29T04:11:42.000Z
LSZH,Stand P 32,47.46344339,8.55262763,7.0,gate,jets|turboprops|props,C,airline,,106102,2025-03-29T04:11:42.000Z
LSZH,Stand P 31,47.46340391,8.55320157,7.0,gate,jets|turboprops|props,C,airline,,106102,2025-03-29T04:11:42.000Z
LSZH,Gate E 57,47.46178316,8.55186392,-174.4,gate,heavy|jets,E,airline,,106102,2025-03-29T04:11:42.000Z
LSZH,Gate E 67,47.46179487,8.55111501,-200.9,gate,heavy|jets,F,airline,,106102,2025-03-29T04:11:42.000Z
LSZH,Gate E 58,47.46076288,8.55190741,64.9,gate,heavy|jets,C,airline,,106102,2025-03-29T04:11:42.000Z
LSZH,Gate E 62,47.46108135,8.55155489,64.9,gate,heavy|jets,C,airline,,106102,2025-03-29T04:11:42.000Z
LSZH,Gate E 64,47.4614397,8.55131718,64.9,gate,heavy|jets,C,airline,,106102,2025-03-29T04:11:42.000Z
LSZH,Gate E 56,47.46091185,8.55245268,6.6,gate,heavy|jets,E,none,,106102,2025-03-29T04:11:42.000Z
LSZH,Gate E 19,47.46142495,8.55841752,-84.3,gate,heavy|jets,E,airline,,106102,2025-03-29T04:11:42.000Z
LSZH,Stand T53,47.44663632,8.56464782,-24.9,gate,jets|turboprops|props,E,cargo,,106102,2025-03-29T04:11:42.000Z
LSZH,Stand T55,47.44684841,8.56584302,10.3,gate,jets|turboprops|props,D,cargo,,106102,2025-03-29T04:11:42.000Z
LSZH,Stand T56,47.44674499,8.56489137,-24.8,gate,jets|turboprops|props,C,cargo,,106102,2025-03-29T04:11:42.000Z
LSZH,Stand T54,47.44641045,8.56455217,-24.8,gate,jets|turboprops|props,C,cargo,,106102,2025-03-29T04:11:42.000Z
LSZH,Stand T52,47.44628343,8.56393182,-24.8,gate,jets|turboprops|props,C,cargo,,106102,2025-03-29T04:11:42.000Z
LSZH,Stand C60,47.4458928,8.56339285,64.9,gate,jets|turboprops|props,C,cargo,,106102,2025-03-29T04:11:42.000Z
LSZH,Stand C58,47.44624758,8.56314635,64.9,gate,jets|turboprops|props,C,cargo,,106102,2025-03-29T04:11:42.000Z
LSZH,Stand C55,47.4471939,8.56249399,64.9,gate,jets|turboprops|props,E,cargo,,106102,2025-03-29T04:11:42.000Z
LSZH,Stand C59,47.44603205,8.5633728,64.9,gate,jets|turboprops|props,E,cargo,,106102,2025-03-29T04:11:42.000Z
LSZH,Stand C57,47.44660272,8.56290169,64.9,gate,jets|turboprops|props,E,cargo,,106102,2025-03-29T04:11:42.000Z
LSZH,Stand C56,47.44695631,8.56265814,64.9,gate,jets|turboprops|props,C,cargo,,106102,2025-03-29T04:11:42.000Z
LSZH,Stand C54,47.44731159,8.5624127,64.9,gate,jets|turboprops|props,C,cargo,,106102,2025-03-29T04:11:42.000Z
LSZH,Stand C53,47.44780947,8.5620692,64.9,gate,jets|turboprops|props,C,cargo,,106102,2025-03-29T04:11:42.000Z
LSZH,Stand C51,47.44816517,8.56186036,64.9,gate,jets|turboprops|props,C,cargo,,106102,2025-03-29T04:11:42.000Z
LSZH,Stand C52,47.44793129,8.56200455,64.9,gate,jets|turboprops|props,E,cargo,,106102,2025-03-29T04:11:42.000Z
LSZH,Stand C50,47.44852274,8.56160342,64.9,gate,jets|turboprops|props,E,cargo,,106102,2025-03-29T04:11:42.000Z
LSZH,Stand D05,47.44794337,8.55890219,-114.9,tie_down,jets|turboprops|props,C,airline,swr dlh ewg,106102,2025-03-29T04:11:42.000Z
LSZH,Stand D03,47.44831232,8.55859297,-114.9,tie_down,jets|turboprops|props,C,airline,,106102,2025-03-29T04:11:42.000Z
LSZH,Stand D01,47.44868602,8.55833368,-114.9,tie_down,jets|turboprops|props,C,airline,,106102,2025-03-29T04:11:42.000Z
LSZH,Stand D02,47.44859114,8.55834788,-114.9,tie_down,jets|turboprops|props,D,airline,,106102,2025-03-29T04:11:42.000Z
LSZH,Stand D16,47.44452533,8.56106013,-114.9,tie_down,jets|turboprops|props,E,airline,,106102,2025-03-29T04:11:42.000Z
LSZH,Stand D17,47.44441924,8.56133994,-114.9,tie_down,jets|turboprops|props,C,airline,,106102,2025-03-29T04:11:42.000Z
LSZH,Stand D15,47.4447657,8.56110251,-114.9,tie_down,jets|turboprops|props,C,airline,,106102,2025-03-29T04:11:42.000Z
LSZH,Stand D14,47.44514304,8.560845,-114.9,tie_down,jets|turboprops|props,C,airline,,106102,2025-03-29T04:11:42.000Z
LSZH,Stand D06,47.44693908,8.55964586,-114.9,tie_down,jets|turboprops|props,C,airline,,106102,2025-03-29T04:11:42.000Z
LSZH,Stand D08,47.44658674,8.55985478,-114.9,tie_down,jets|turboprops|props,C,airline,,106102,2025-03-29T04:11:42.000Z
LSZH,Stand D09,47.44620614,8.56009856,-114.9,tie_down,jets|turboprops|props,C,airline,,106102,2025-03-29T04:11:42.000Z
LSZH,Stand D11,47.4458622,8.56034806,-114.9,tie_down,jets|turboprops|props,C,airline,,106102,2025-03-29T04:11:42.000Z
LSZH,Stand D12,47.44548357,8.56059695,-114.9,tie_down,jets|turboprops|props,C,airline,,106102,2025-03-29T04:11:42.000Z
LSZH,Stand D13,47.44523627,8.56053621,-114.9,tie_down,jets|turboprops|props,E,airline,,106102,2025-03-29T04:11:42.000Z
LSZH,Stand D10,47.44596879,8.56006573,-114.9,tie_down,jets|turboprops|props,E,airline,,106102,2025-03-29T04:11:42.000Z
LSZH,Stand D07,47.44668792,8.55956615,-114.9,tie_down,jets|turboprops|props,E,airline,,106102,2025-03-29T04:11:42.000Z
LSZH,Stand D04,47.44805425,8.55871591,-114.9,tie_down,jets|turboprops|props,D,airline,,106102,2025-03-29T04:11:42.000Z
LSZH,Stand 503,47.45526323,8.56867042,5.7,tie_down,jets|turboprops|props,B,general_aviation,,106102,2025-03-29T04:11:42.000Z
LSZH,Stand 504,47.4552395,8.56899198,5.7,tie_down,jets|turboprops|props,B,general_aviation,,106102,2025-03-29T04:11:42.000Z
LSZH,Stand 506,47.45521662,8.56931683,5.7,tie_down,jets|turboprops|props,B,general_aviation,,106102,2025-03-29T04:11:42.000Z
LSZH,Stand 507,47.45519632,8.56963564,5.7,tie_down,jets|turboprops|props,B,general_aviation,,106102,2025-03-29T04:11:42.000Z
LSZH,Stand 508,47.4551894,8.56945762,-38.8,tie_down,jets|turboprops|props,B,general_aviation,,106102,2025-03-29T04:11:42.000Z
LSZH,Stand 505,47.45523324,8.56884738,-38.8,tie_down,jets|turboprops|props,B,general_aviation,,106102,2025-03-29T04:11:42.000Z
LSZH,Stand 502,47.45527695,8.56824579,-38.8,tie_down,jets|turboprops|props,B,general_aviation,,106102,2025-03-29T04:11:42.000Z
LSZH,Stand F 75,47.45533409,8.56755573,-38.8,tie_down,jets|turboprops|props,B,general_aviation,,106102,2025-03-29T04:11:42.000Z
LSZH,Stand F 74,47.45537705,8.56694858,-38.8,tie_down,jets|turboprops|props,B,general_aviation,,106102,2025-03-29T04:11:42.000Z
LSZH,Stand F 73,47.45541798,8.56634381,-38.8,tie_down,jets|turboprops|props,B,general_aviation,,106102,2025-03-29T04:11:42.000Z
LSZH,Stand F 72,47.45545951,8.5657372,-38.8,tie_down,jets|turboprops|props,B,general_aviation,,106102,2025-03-29T04:11:42.000Z
LSZH,Stand G01,47.44274841,8.56057275,245.1,tie_down,jets,C,none,,106102,2025-03-29T04:11:42.000Z
LSZH,Stand G02,47.44236501,8.56083225,245.1,tie_down,jets,C,none,,106102,2025-03-29T04:11:42.000Z
LSZH,Stand G03,47.44197733,8.56110247,245.1,tie_down,jets,C,none,,106102,2025-03-29T04:11:42.000Z
LSZH,Stand G04,47.44159978,8.56135881,245.1,tie_down,jets,C,none,,106102,2025-03-29T04:11:42.000Z
LSZH,Stand G05,47.44121263,8.56161915,245.1,tie_down,jets,C,none,,106102,2025-03-29T04:11:42.000Z
LSZH,Stand G06,47.4408256,8.56188083,245.1,tie_down,jets,C,none,,106102,2025-03-29T04:11:42.000Z
LSZH,Stand G11,47.4424741,8.56285738,64.5,tie_down,jets,C,none,,106102,2025-03-29T04:11:42.000Z
LSZH,Stand G12,47.44210021,8.56309236,64.5,tie_down,jets,C,none,,106102,2025-03-29T04:11:42.000Z
LSZH,Stand G13,47.44174113,8.56333977,64.5,tie_down,jets,C,none,,106102,2025-03-29T04:11:42.000Z
LSZH,Stand G14,47.44137131,8.56359834,64.5,tie_down,jets,C,none,,106102,2025-03-29T04:11:42.000Z
LSZH,Stand H11,47.45564708,8.56153558,5.9,tie_down,jets|turboprops,C,airline,,106102,2025-03-29T04:11:42.000Z
LSZH,Stand H12,47.45571514,8.56057428,6.0,tie_down,jets|turboprops,C,airline,,106102,2025-03-29T04:11:42.000Z
LSZH,Stand H13,47.4557526,8.56001486,6.0,tie_down,jets|turboprops,C,airline,,106102,2025-03-29T04:11:42.000Z
LSZH,Stand H14,47.45579558,8.5594555,6.0,tie_down,jets|turboprops,C,airline,,106102,2025-03-29T04:11:42.000Z
LSZH,Stand 103,47.45603631,8.555968,6.6,tie_down,jets|turboprops,C,airline,swr ezy aua,106102,2025-03-29T04:11:42.000Z
LSZH,Stand 102,47.45598158,8.55687169,6.2,tie_down,jets|turboprops,C,airline,swr ezy aua,106102,2025-03-29T04:11:42.000Z
LSZH,Stand 101,47.45593691,8.55746614,6.2,tie_down,jets|turboprops,C,airline,swr ezy aua,106102,2025-03-29T04:11:42.000Z
LSZH,Stand 104,47.45607882,8.55537258,5.8,tie_down,jets|turboprops,C,airline,swr ezy aua,106102,2025-03-29T04:11:42.000Z
LSZH,Stand 105,47.45611745,8.5547814,5.7,tie_down,jets|turboprops,C,airline,,106102,2025-03-29T04:11:42.000Z
LSZH,Stand W 05,47.44892861,8.55134344,-25.3,tie_down,jets|turboprops|props,C,airline,,106102,2025-03-29T04:11:42.000Z
LSZH,Stand W 23,47.44895969,8.55095403,-25.3,tie_down,jets|turboprops|props,E,none,,106102,2025-03-29T04:11:42.000Z
LSZH,Stand W 04,47.44877158,8.55084632,-25.3,tie_down,jets|turboprops|props,C,airline,,106102,2025-03-29T04:11:42.000Z
LSZH,Stand W 03,47.44864267,8.55011919,-25.3,tie_down,jets|turboprops|props,C,none,,106102,2025-03-29T04:11:42.000Z
LSZH,Stand W 22,47.44865757,8.54998342,-25.3,tie_down,jets|turboprops|props,E,airline,,106102,2025-03-29T04:11:42.000Z
LSZH,Stand W 02,47.44845328,8.54953085,-25.3,tie_down,jets|turboprops|props,C,none,,106102,2025-03-29T04:11:42.000Z
LSZH,Stand W 30,47.44865778,8.54979165,-25.3,tie_down,heavy|jets|turboprops|props,F,none,,106102,2025-03-29T04:11:42.000Z
LSZH,Stand W 21,47.44838303,8.54910839,-25.3,tie_down,jets|turboprops|props,E,airline,,106102,2025-03-29T04:11:42.000Z
LSZH,Stand W 01,47.44827925,8.54898868,-25.3,tie_down,jets|turboprops|props,C,none,,106102,2025-03-29T04:11:42.000Z
LSZH,GAC 101,47.4538202,8.57367444,185.9,tie_down,turboprops|props,A,general_aviation,,106102,2025-03-29T04:11:42.000Z
LSZH,GAC 102,47.45383688,8.57342319,185.9,tie_down,turboprops|props,A,general_aviation,,106102,2025-03-29T04:11:42.000Z
LSZH,GAC 103,47.45385446,8.57317393,185.9,tie_down,turboprops|props,A,general_aviation,,106102,2025-03-29T04:11:42.000Z
LSZH,GAC 104,47.45387475,8.57291735,185.9,tie_down,turboprops|props,A,general_aviation,,106102,2025-03-29T04:11:42.000Z
LSZH,GAC 107,47.45434647,8.57294955,5.8,tie_down,jets|turboprops|props,A,general_aviation,,106102,2025-03-29T04:11:42.000Z
LSZH,GAC 106,47.45436112,8.5726809,5.8,tie_down,jets|turboprops|props,A,general_aviation,,106102,2025-03-29T04:11:42.000Z
LSZH,GAC 105,47.45389106,8.57266849,185.9,tie_down,turboprops|props,A,general_aviation,,106102,2025-03-29T04:11:42.000Z
LSZH,GAC 305,47.4550086,8.57409962,-42.3,tie_down,jets|turboprops|props,B,general_aviation,,106102,2025-03-29T04:11:42.000Z
LSZH,GAC 304,47.45503367,8.57372208,-42.3,tie_down,jets|turboprops|props,B,general_aviation,,106102,2025-03-29T04:11:42.000Z
LSZH,GAC 303,47.45506218,8.57334775,-42.3,tie_down,jets|turboprops|props,B,general_aviation,,106102,2025-03-29T04:11:42.000Z
LSZH,GAC 302,47.4550889,8.57297172,-42.3,tie_down,jets|turboprops|props,B,general_aviation,,106102,2025-03-29T04:11:42.000Z
LSZH,GAC 301,47.45511664,8.5725881,-42.3,tie_down,jets|turboprops|props,B,general_aviation,,106102,2025-03-29T04:11:42.000Z
LSZH,GAC 306,47.45536177,8.57243662,185.7,tie_down,turboprops|props,A,general_aviation,,106102,2025-03-29T04:11:42.000Z
LSZH,GAC 307,47.455346,8.572648,185.7,tie_down,turboprops|props,A,general_aviation,,106102,2025-03-29T04:11:42.000Z
LSZH,GAC 308,47.45532976,8.57286337,185.7,tie_down,turboprops|props,A,general_aviation,,106102,2025-03-29T04:11:42.000Z
LSZH,GAC 309,47.45531218,8.57306677,185.7,tie_down,turboprops|props,A,general_aviation,,106102,2025-03-29T04:11:42.000Z
LSZH,GAC 310,47.45529956,8.57328081,185.7,tie_down,turboprops|props,A,general_aviation,,106102,2025-03-29T04:11:42.000Z
LSZH,GAC 311,47.45528468,8.57349418,185.7,tie_down,turboprops|props,A,general_aviation,,106102,2025-03-29T04:11:42.000Z
LSZH,GAC 312,47.45527025,8.57370357,185.7,tie_down,turboprops|props,A,general_aviation,,106102,2025-03-29T04:11:42.000Z
LSZH,GAC 313,47.45525718,8.57391561,185.7,tie_down,turboprops|props,A,general_aviation,,106102,2025-03-29T04:11:42.000Z
LSZH,GAC 314,47.45525312,8.57412766,185.7,tie_down,turboprops|props,A,general_aviation,,106102,2025-03-29T04:11:42.000Z
LSZH,GAC 320,47.4554085,8.57425942,5.7,tie_down,turboprops|props,A,general_aviation,,106102,2025-03-29T04:11:42.000Z
LSZH,GAC 315,47.45547882,8.57320621,5.7,tie_down,turboprops|props,A,general_aviation,,106102,2025-03-29T04:11:42.000Z
LSZH,GAC 316,47.45546313,8.57341361,5.7,tie_down,turboprops|props,A,general_aviation,,106102,2025-03-29T04:11:42.000Z
LSZH,GAC 317,47.45544906,8.57362977,5.7,tie_down,turboprops|props,A,general_aviation,,106102,2025-03-29T04:11:42.000Z
LSZH,GAC 318,47.4554377,8.57383716,5.7,tie_down,turboprops|props,A,general_aviation,,106102,2025-03-29T04:11:42.000Z
LSZH,GAC 319,47.45541985,8.57404535,5.7,tie_down,turboprops|props,A,general_aviation,,106102,2025-03-29T04:11:42.000Z
LSZH,GAC S4 H,47.45715449,8.57308652,185.9,tie_down,props,A,general_aviation,,106102,2025-03-29T04:11:42.000Z
LSZH,GAC S4 G,47.45714038,8.57329905,185.9,tie_down,props,A,general_aviation,,106102,2025-03-29T04:11:42.000Z
LSZH,GAC S4 F,47.45712404,8.57351015,185.9,tie_down,props,A,general_aviation,,106102,2025-03-29T04:11:42.000Z
LSZH,GAC S4 E,47.45710909,8.57372089,185.9,tie_down,props,A,general_aviation,,106102,2025-03-29T04:11:42.000Z
LSZH,GAC S4 D,47.45709274,8.57393217,185.9,tie_down,props,A,general_aviation,,106102,2025-03-29T04:11:42.000Z
LSZH,GAC S4 C,47.45707577,8.57414296,185.2,tie_down,props,A,general_aviation,,106102,2025-03-29T04:11:42.000Z
LSZH,GAC S4 B,47.45706252,8.57435404,184.2,tie_down,props,A,general_aviation,,106102,2025-03-29T04:11:42.000Z
LSZH,GAC S4 A,47.45704611,8.57456541,184.6,tie_down,props,A,general_aviation,,106102,2025-03-29T04:11:42.000Z
LSZH,Heliport West 11,47.45192304,8.5485722,289.7,tie_down,helos,B,general_aviation,,106102,2025-03-29T04:11:42.000Z
LSZH,Heliport West 10,47.45168335,8.54845923,289.7,tie_down,helos,B,general_aviation,,106102,2025-03-29T04:11:42.000Z
LSZH,Heliport West 9,47.45144307,8.54834319,289.7,tie_down,helos,B,general_aviation,,106102,2025-03-29T04:11:42.000Z
LSZH,Heliport West 8,47.45119918,8.54822684,289.7,tie_down,helos,B,general_aviation,,106102,2025-03-29T04:11:42.000Z
LSZH,Heliport West 7,47.45096041,8.54811266,289.7,tie_down,helos,B,general_aviation,,106102,2025-03-29T04:11:42.000Z
LSZH,Heliport West 6,47.45072153,8.54799963,289.7,tie_down,helos,B,general_aviation,,106102,2025-03-29T04:11:42.000Z
LSZH,Heliport West 5,47.4504825,8.54788493,289.7,tie_down,helos,B,general_aviation,,106102,2025-03-29T04:11:42.000Z
LSZH,Heliport West 4,47.45024474,8.54777105,289.7,tie_down,helos,B,general_aviation,,106102,2025-03-29T04:11:42.000Z
LSZH,Heliport West 2,47.44976303,8.54754142,289.7,tie_down,helos,B,general_aviation,,106102,2025-03-29T04:11:42.000Z
LSZH,Heliport West 3,47.44999459,8.54765249,289.7,tie_down,helos,B,general_aviation,,106102,2025-03-29T04:11:42.000Z
LSZH,Heliport West 1,47.44952445,8.54742578,289.7,tie_down,helos,B,general_aviation,,106102,2025-03-29T04:11:42.000Z
LSZH,REGA Center,47.45814036,8.57185649,345.2,tie_down,helos,A,general_aviation,,106102,2025-03-29T04:11:42.000Z
